Order ID,Order Date,Ship Date,Ship Mode,Customer ID,Customer Name,Segment,Country,City,State,Region,Product ID,Category,Sub-Category,Product Name,Sales,Quantity,Discount,Profit
IN-2024-103402,06-12-2024,12-12-2024,Standard Class,CU-1329,Isha Pillai,Consumer,India,Thiruvananthapuram,Kerala,South,OFF-STO-128,Office Supplies,Storage,Storage model 128,3514.15,2,0.15,737.09
IN-2024-103176,18-10-2024,21-10-2024,Second Class,CU-1354,Ashok Verma,Corporate,India,Kochi,Kerala,South,FUR-FUR-129,Furniture,Furnishings,Furnishings model 129,4043.37,3,0.2,575.52
IN-2025-103528,03-01-2025,03-01-2025,Same Day,CU-1146,Aditya Pillai,Consumer,India,Patna,Bihar,East,TEC-PHO-129,Technology,Phones,Phones model 129,27623.95,2,0.05,7971.88
IN-2022-100058,29-01-2022,04-02-2022,Standard Class,CU-1358,Ashok Verma,Consumer,India,Salem,Tamil Nadu,South,OFF-ART-127,Office Supplies,Art,Art model 127,769.25,3,0.05,298.13
IN-2024-103124,09-10-2024,10-10-2024,First Class,CU-1131,Vikram Iyer,Home Office,India,Thiruvananthapuram,Kerala,South,FUR-BOO-123,Furniture,Bookcases,Bookcases model 123,24493.35,4,0.05,4478.9
IN-2025-103651,09-02-2025,13-02-2025,Standard Class,CU-1081,Vikram Sharma,Home Office,India,Mysuru,Karnataka,South,TEC-COP-115,Technology,Copiers,Copiers model 115,61671.16,2,0.15,22463.88
IN-2023-101293,12-04-2023,12-04-2023,Same Day,CU-1292,Divya Sharma,Consumer,India,Mumbai,Maharashtra,West,FUR-FUR-133,Furniture,Furnishings,Furnishings model 133,3716.76,3,0.2,530.41
IN-2024-103172,17-10-2024,23-10-2024,Standard Class,CU-1006,Divya Singh,Home Office,India,Jaipur,Rajasthan,West,OFF-LAB-137,Office Supplies,Labels,Labels model 137,342.23,3,0.15,150.94
IN-2023-101401,20-05-2023,26-05-2023,Standard Class,CU-1399,Ravi Kumar,Consumer,India,Patna,Bihar,East,FUR-CHA-114,Furniture,Chairs,Chairs model 114,8376.44,3,0.4,-1052.94
IN-2024-102641,18-05-2024,19-05-2024,First Class,CU-1475,Meera Joshi,Consumer,India,Noida,Uttar Pradesh,North,TEC-MAC-115,Technology,Machines,Machines model 115,97789.76,4,0.0,14062.31
IN-2023-101467,11-06-2023,16-06-2023,Standard Class,CU-1227,Priya Rao,Consumer,India,Ahmedabad,Gujarat,West,TEC-PHO-104,Technology,Phones,Phones model 104,31504.78,2,0.05,7467.56
IN-2023-101980,19-11-2023,24-11-2023,Standard Class,CU-1270,Lakshmi Iyer,Home Office,India,Madurai,Tamil Nadu,South,TEC-COP-118,Technology,Copiers,Copiers model 118,63921.96,2,0.0,21770.64
IN-2024-102779,01-07-2024,04-07-2024,First Class,CU-1508,Kavya Singh,Consumer,India,Patna,Bihar,East,FUR-CHA-113,Furniture,Chairs,Chairs model 113,15882.05,4,0.05,3158.09
IN-2023-101328,25-04-2023,25-04-2023,Same Day,CU-1072,Priya Shah,Corporate,India,Ahmedabad,Gujarat,West,OFF-ART-118,Office Supplies,Art,Art model 118,259.12,1,0.0,92.06
IN-2024-102486,03-04-2024,08-04-2024,Standard Class,CU-1398,Manoj Kumar,Consumer,India,Mumbai,Maharashtra,West,FUR-TAB-131,Furniture,Tables,Tables model 131,14715.42,2,0.15,177.68
IN-2025-103624,01-02-2025,05-02-2025,Standard Class,CU-1030,Aarav Iyer,Consumer,India,Lucknow,Uttar Pradesh,North,FUR-TAB-125,Furniture,Tables,Tables model 125,20578.76,3,0.2,-712.58
IN-2022-100933,19-12-2022,23-12-2022,Standard Class,CU-1408,Ravi Sharma,Home Office,India,New Delhi,Delhi,North,TEC-MAC-130,Technology,Machines,Machines model 130,15262.43,1,0.2,-410.57
IN-2024-102706,06-06-2024,13-06-2024,Standard Class,CU-1478,Aarav Shah,Home Office,India,Kolkata,West Bengal,East,OFF-BIN-128,Office Supplies,Binders,Binders model 128,886.72,2,0.05,333.96
IN-2022-100522,12-08-2022,12-08-2022,Same Day,CU-1055,Vivaan Sharma,Home Office,India,Mumbai,Maharashtra,West,TEC-ACC-111,Technology,Accessories,Accessories model 111,2277.01,2,0.1,811.56
IN-2025-104878,09-12-2025,12-12-2025,First Class,CU-1139,Rahul Patel,Consumer,India,Ludhiana,Punjab,North,FUR-TAB-122,Furniture,Tables,Tables model 122,8807.9,1,0.1,-39.81
IN-2023-101970,16-11-2023,23-11-2023,Standard Class,CU-1204,Lakshmi Patel,Home Office,India,Jaipur,Rajasthan,West,OFF-PAP-115,Office Supplies,Paper,Paper model 115,2031.44,6,0.0,993.12
IN-2025-104173,24-06-2025,01-07-2025,Standard Class,CU-1219,Aditya Sharma,Consumer,India,Bhubaneswar,Odisha,East,FUR-BOO-137,Furniture,Bookcases,Bookcases model 137,6076.97,2,0.55,-3132.97
IN-2025-104219,07-07-2025,13-07-2025,Standard Class,CU-1068,Sneha Gupta,Consumer,India,Madurai,Tamil Nadu,South,TEC-MAC-112,Technology,Machines,Machines model 112,59658.14,3,0.05,8063.58
IN-2024-102826,14-07-2024,14-07-2024,Same Day,CU-1421,Nisha Kumar,Corporate,India,Mysuru,Karnataka,South,FUR-TAB-114,Furniture,Tables,Tables model 114,8937.3,1,0.05,35.11
IN-2025-104344,10-08-2025,14-08-2025,Standard Class,CU-1429,Manoj Verma,Home Office,India,Surat,Gujarat,West,OFF-STO-108,Office Supplies,Storage,Storage model 108,1650.15,1,0.0,435.81
IN-2023-101831,11-10-2023,15-10-2023,Second Class,CU-1573,Nisha Nair,Consumer,India,Noida,Uttar Pradesh,North,FUR-FUR-126,Furniture,Furnishings,Furnishings model 126,1348.49,1,0.2,255.28
IN-2024-103170,17-10-2024,24-10-2024,Standard Class,CU-1434,Lakshmi Pillai,Corporate,India,Patna,Bihar,East,OFF-BIN-131,Office Supplies,Binders,Binders model 131,783.19,2,0.2,227.3
IN-2022-100739,01-11-2022,02-11-2022,First Class,CU-1077,Kavya Iyer,Corporate,India,Salem,Tamil Nadu,South,OFF-ART-121,Office Supplies,Art,Art model 121,1141.83,5,0.0,429.37
IN-2024-102439,21-03-2024,26-03-2024,Standard Class,CU-1585,Priya Pillai,Consumer,India,Mumbai,Maharashtra,West,FUR-TAB-105,Furniture,Tables,Tables model 105,8748.55,1,0.1,349.68
IN-2023-101763,24-09-2023,29-09-2023,Standard Class,CU-1009,Aditya Gupta,Consumer,India,Noida,Uttar Pradesh,North,OFF-BIN-116,Office Supplies,Binders,Binders model 116,666.33,2,0.3,132.96
IN-2024-102932,12-08-2024,18-08-2024,Standard Class,CU-1579,Divya Kumar,Consumer,India,Patna,Bihar,east,FUR-FUR-112,Furniture,Furnishings,Furnishings model 112,1216.44,1,0.1,298.23
IN-2024-102324,16-02-2024,18-02-2024,Second Class,CU-1514,Ravi Shah,Consumer,India,Surat,Gujarat,West,FUR-TAB-127,Furniture,Tables,Tables model 127,33402.85,4,0.05,529.92
IN-2025-104155,21-06-2025,25-06-2025,Second Class,CU-1513,Neha Menon,Consumer,India,Ludhiana,Punjab,North,FUR-FUR-102,Furniture,Furnishings,Furnishings model 102,1175.08,1,0.15,205.44
IN-2025-104094,06-06-2025,12-06-2025,Standard Class,CU-1184,Nisha Verma,Corporate,India,Jaipur,Rajasthan,West,TEC-PHO-105,Technology,Phones,Phones model 105,32742.83,3,0.3,1895.53
IN-2024-103181,19-10-2024,24-10-2024,Standard Class,CU-1088,Karthik Iyer,Consumer,India,Surat,Gujarat,West,OFF-BIN-103,Office Supplies,Binders,Binders model 103,885.01,3,0.4,75.55
IN-2022-100021,10-01-2022,16-01-2022,Standard Class,CU-1422,Vikram Das,Consumer,India,Hyderabad,Telangana,South,OFF-STO-133,Office Supplies,Storage,Storage model 133,3048.42,2,0.05,952.02
IN-2023-101264,05-04-2023,09-04-2023,Second Class,CU-1304,Priya Joshi,Consumer,India,Mumbai,Maharashtra,West,OFF-PAP-109,Office Supplies,Paper,Paper model 109,291.91,1,0.05,138.9
IN-2022-100380,06-06-2022,10-06-2022,Standard Class,CU-1394,Neha Pillai,Consumer,India,Hyderabad,Telangana,South,FUR-FUR-110,Furniture,Furnishings,Furnishings model 110,1164.11,1,0.25,148.72
IN-2023-101913,01-11-2023,06-11-2023,Standard Class,CU-1346,Swathi Patel,Home Office,India,Bhubaneswar,Odisha,East,OFF-BIN-129,Office Supplies,Binders,Binders model 129,₹458.41,1,0.1,160.89
IN-2024-103177,18-10-2024,22-10-2024,Second Class,CU-1019,Priya Sharma,Consumer,India,Jaipur,Rajasthan,West,TEC-ACC-110,Technology,Accessories,Accessories model 110,4620.2,4,0.15,1340.62
IN-2023-101848,15-10-2023,22-10-2023,Standard Class,CU-1398,Manoj Kumar,Consumer,India,Jaipur,Rajasthan,West,TEC-ACC-123,Technology,Accessories,Accessories model 123,3329.23,3,0.15,662.67
IN-2024-102544,20-04-2024,26-04-2024,Standard Class,CU-1244,Priya Das,Consumer,India,Kolkata,West Bengal,East,FUR-FUR-127,Furniture,Furnishings,Furnishings model 127,3291.95,3,0.15,419.02
IN-2022-100446,10-07-2022,11-07-2022,First Class,CU-1092,Aditya Das,Consumer,India,Jaipur,Rajasthan,West,TEC-ACC-109,Technology,Accessories,Accessories model 109,4802.73,5,0.1,1536.94
IN-2022-100591,15-09-2022,22-09-2022,Standard Class,CU-1441,Ravi Nair,Corporate,India,Jaipur,Rajasthan,West,OFF-ART-129,Office Supplies,Art,Art model 129,215.85,1,0.0,86.54
IN-2024-102607,06-05-2024,10-05-2024,Standard Class,CU-1404,Pooja Rao,Consumer,India,Madurai,Tamil Nadu,South,OFF-ART-104,Office Supplies,Art,Art model 104,1299.57,6,0.0,517.69
IN-2023-102134,27-12-2023,31-12-2023,Standard Class,CU-1392,Kavya Nair,Corporate,India,Hyderabad,Telangana,South,OFF-ART-132,Office Supplies,Art,Art model 132,203.38,1,0.1,69.0
IN-2023-101304,14-04-2023,19-04-2023,Standard Class,CU-1028,Priya Rao,Corporate,India,Ludhiana,Punjab,North,FUR-FUR-125,Furniture,Furnishings,Furnishings model 125,6026.18,5,0.25,669.02
IN-2024-102890,31-07-2024,01-08-2024,First Class,CU-1165,Isha Menon,Consumer,India,Hyderabad,Telangana,South,TEC-MAC-129,Technology,Machines,Machines model 129,20450.79,1,0.1,2688.19
IN-2025-104444,03-09-2025,07-09-2025,Second Class,CU-1448,Priya Verma,Home Office,India,Pune,Maharashtra,West,TEC-PHO-135,Technology,Phones,Phones model 135,27846.21,2,0.0,8455.77
IN-2022-100797,14-11-2022,19-11-2022,Standard Class,CU-1075,Manoj Nair,Consumer,India,Jaipur,Rajasthan,West,OFF-ART-132,Office Supplies,Art,Art model 132,282.26,1,0.0,124.48
IN-2023-101276,07-04-2023,11-04-2023,Standard Class,CU-1547,Sneha Patel,Consumer,India,Bhubaneswar,Odisha,East,OFF-LAB-101,Office Supplies,Labels,Labels model 101,563.29,6,0.4,84.23
IN-2022-100242,14-04-2022,15-04-2022,First Class,CU-1384,Nisha Iyer,Consumer,India,Amritsar,Punjab,North,OFF-LAB-101,Office Supplies,Labels,Labels model 101,563.75,4,0.1,224.47
IN-2022-100262,21-04-2022,26-04-2022,Standard Class,CU-1380,Divya Kumar,Consumer,India,Ludhiana,Punjab,North,FUR-FUR-128,Furniture,Furnishings,Furnishings model 128,1371.72,1,0.2,130.41
IN-2022-100323,16-05-2022,20-05-2022,Standard Class,CU-1151,Sneha Verma,Consumer,India,Kochi,Kerala,South,OFF-ART-117,Office Supplies,Art,Art model 117,1226.08,5,,415.28
IN-2025-103529,04-01-2025,08-01-2025,Standard Class,CU-1276,Priya Das,Consumer,India,Bengaluru,Karnataka,South,OFF-LAB-118,Office Supplies,Labels,Labels model 118,321.81,2,0.05,136.45
IN-2025-104916,18-12-2025,23-12-2025,Standard Class,CU-1580,Aditya Nair,Corporate,India,Coimbatore,Tamil Nadu,South,FUR-TAB-107,Furniture,Tables,Tables model 107,16771.17,3,0.45,-5890.27
IN-2024-102758,20-06-2024,22-06-2024,Second Class,CU-1271,Nisha Shah,Corporate,India,Mumbai,Maharashtra,West,FUR-FUR-119,Furniture,Furnishings,Furnishings model 119,"₹1,155.22",1,0.15,209.76
IN-2025-104872,07-12-2025,13-12-2025,Standard Class,CU-1063,Isha Kumar,Consumer,India,Jaipur,Rajasthan,West,OFF-LAB-121,Office Supplies,Labels,Labels model 121,1000.79,6,0.0,529.1
IN-2025-104215,06-07-2025,10-07-2025,Standard Class,CU-1432,Kavya Verma,Corporate,India,Jaipur,Rajasthan,West,FUR-TAB-122,Furniture,Tables,Tables model 122,9147.04,1,0.1,286.77
IN-2022-100024,10-01-2022,12-01-2022,First Class,CU-1198,Kavya Kumar,Consumer,India,Kolkata,West Bengal,East,FUR-BOO-118,Furniture,Bookcases,Bookcases model 118,11357.14,2,0.15,1015.77
IN-2023-101350,01-05-2023,06-05-2023,Standard Class,CU-1277,Suresh Iyer,Home Office,India,Kochi,Kerala,South,OFF-PAP-101,Office Supplies,Paper,Paper model 101,297.23,1,0.0,143.77
IN-2022-100809,16-11-2022,21-11-2022,Standard Class,CU-1071,Ashok Das,Consumer,India,Jaipur,Rajasthan,West,TEC-MAC-128,Technology,Machines,Machines model 128,156740.03,8,0.15,-1159.91
IN-2024-103137,11-10-2024,13-10-2024,Second Class,CU-1259,Neha Patel,Corporate,India,Hyderabad,Telangana,South,FUR-BOO-112,Furniture,Bookcases,Bookcases model 112,6148.49,1,0.15,483.4
IN-2024-102511,13-04-2024,17-04-2024,Standard Class,CU-1446,Vivaan Singh,Home Office,India,Patna,Bihar,East,OFF-PAP-124,Office Supplies,Paper,Paper model 124,850.96,3,0.15,321.56
IN-2024-103427,12-12-2024,19-12-2024,Standard Class,CU-1476,Kavya Das,Consumer,India,Hyderabad,Telangana,South,FUR-FUR-106,Furniture,Furnishings,Furnishings model 106,1035.43,1,0.25,114.88
IN-2023-102009,27-11-2023,01-12-2023,Second Class,CU-1593,Karthik Iyer,Home Office,India,Ahmedabad,Gujarat,West,OFF-BIN-129,Office Supplies,Binders,Binders model 129,2828.19,7,0.2,744.4
IN-2025-104450,04-09-2025,11-09-2025,Standard Class,CU-1035,Sneha Kumar,Consumer,India,Thiruvananthapuram,Kerala,South,FUR-BOO-118,Furniture,Bookcases,Bookcases model 118,7425.25,1,0.05,1019.28
IN-2025-104895,13-12-2025,17-12-2025,Standard Class,CU-1257,Rahul Kumar,Consumer,India,Surat,Gujarat,West,OFF-LAB-127,Office Supplies,Labels,Labels model 127,405.18,3,0.05,188.71
IN-2025-103545,08-01-2025,14-01-2025,Standard Class,CU-1329,Isha Pillai,Consumer,India,Hyderabad,Telangana,South,FUR-BOO-100,Furniture,Bookcases,Bookcases model 100,51893.44,8,0.1,5367.8
IN-2022-100578,08-09-2022,15-09-2022,Standard Class,CU-1102,Divya Das,Consumer,India,Patna,Bihar,East,TEC-ACC-123,Technology,Accessories,Accessories model 123,3786.11,3,0.05,1494.19
IN-2023-101840,13-10-2023,17-10-2023,Standard Class,CU-1267,Neha Singh,Corporate,India,Surat,Gujarat,West,OFF-ART-104,Office Supplies,Art,Art model 104,505.44,2,0.1,172.9
IN-2023-101994,23-11-2023,29-11-2023,Standard Class,CU-1533,Vivaan Patel,Home Office,India,Ludhiana,Punjab,North,OFF-LAB-111,Office Supplies,Labels,Labels model 111,374.86,3,0.1,161.52
IN-2025-103886,09-04-2025,13-04-2025,Standard Class,CU-1388,Divya Kumar,Home Office,India,Salem,Tamil Nadu,South,OFF-LAB-104,Office Supplies,Labels,Labels model 104,412.59,3,0.15,191.44
IN-2022-100592,15-09-2022,22-09-2022,Standard Class,CU-1274,Manoj Singh,Consumer,India,Lucknow,Uttar Pradesh,North,TEC-ACC-106,Technology,Accessories,Accessories model 106,2560.14,2,0.0,1054.85
IN-2023-101822,09-10-2023,16-10-2023,Standard Class,CU-1263,Pooja Sharma,Consumer,India,Bhubaneswar,Odisha,East,TEC-ACC-116,Technology,Accessories,Accessories model 116,3314.97,3,0.15,810.65
IN-2022-100347,27-05-2022,29-05-2022,First Class,CU-1299,Karthik Rao,Corporate,India,Kolkata,West Bengal,East,TEC-ACC-114,Technology,Accessories,Accessories model 114,877.47,1,0.15,309.97
IN-2024-103268,09-11-2024,13-11-2024,Standard Class,CU-1241,Arjun Nair,Consumer,India,Ahmedabad,Gujarat,West,OFF-PAP-106,Office Supplies,Paper,Paper model 106,2105.86,8,0.2,768.49
IN-2023-101743,13-09-2023,20-09-2023,Standard Class,CU-1303,Suresh Shah,Corporate,India,Amritsar,Punjab,North,OFF-STO-108,Office Supplies,Storage,Storage model 108,3938.48,2,0.0,1436.6
IN-2022-100112,27-02-2022,01-03-2022,First Class,CU-1202,Neha Verma,Consumer,India,Mysuru,Karnataka,South,OFF-BIN-107,Office Supplies,Binders,Binders model 107,2114.77,5,0.0,971.15
IN-2022-100501,03-08-2022,05-08-2022,First Class,CU-1258,Meera Singh,Consumer,India,Coimbatore,Tamil Nadu,South,FUR-TAB-112,Furniture,Tables,Tables model 112,18859.88,2,0.05,1037.07
IN-2025-103525,02-01-2025,08-01-2025,Standard Class,CU-1500,Kavya Shah,Consumer,India,Jaipur,Rajasthan,West,FUR-BOO-130,Furniture,Bookcases,Bookcases model 130,17950.87,3,0.1,2034.39
IN-2023-101891,27-10-2023,31-10-2023,Standard Class,CU-1140,Neha Joshi,Home Office,India,Chennai,Tamil Nadu,South,FUR-FUR-109,Furniture,Furnishings,Furnishings model 109,1323.08,1,0.0,407.66
IN-2022-100545,23-08-2022,24-08-2022,First Class,CU-1570,Rohit Kumar,Corporate,India,Surat,Gujarat,West,TEC-COP-101,Technology,Copiers,Copiers model 101,140174.85,4,0.0,50469.12
IN-2025-104134,14-06-2025,19-06-2025,Standard Class,CU-1104,Ashok Sharma,Corporate,India,Hyderabad,Telangana,South,OFF-PAP-107,Office Supplies,Paper,Paper model 107,534.69,3,0.35,92.39
IN-2023-101603,28-07-2023,30-07-2023,First Class,CU-1433,Priya Sharma,Home Office,India,Kolkata,West Bengal,East,FUR-BOO-138,Furniture,Bookcases,Bookcases model 138,5026.84,1,0.2,-29.26
IN-2024-103022,13-09-2024,17-09-2024,Standard Class,CU-1281,Aarav Sharma,Consumer,India,Mumbai,Maharashtra,West,OFF-STO-131,Office Supplies,Storage,Storage model 131,1733.65,1,0.1,560.46
IN-2024-102819,11-07-2024,17-07-2024,Standard Class,CU-1321,Neha Verma,,India,Ludhiana,Punjab,North,FUR-BOO-104,Furniture,Bookcases,Bookcases model 104,"₹18,250.14",3,0.05,2827.25
IN-2023-101483,15-06-2023,21-06-2023,Standard Class,CU-1481,Ravi Gupta,Consumer,India,Hyderabad,Telangana,South,TEC-PHO-105,Technology,Phones,Phones model 105,65748.25,5,0.15,14421.67
IN-2022-100821,20-11-2022,24-11-2022,Second Class,CU-1028,Priya Rao,Corporate,India,Jaipur,Rajasthan,West,OFF-LAB-127,Office Supplies,Labels,Labels model 127,276.8,2,0.0,140.14
IN-2024-102210,17-01-2024,21-01-2024,Standard Class,CU-1316,Ashok Joshi,Home Office,India,Lucknow,Uttar Pradesh,North,FUR-CHA-112,Furniture,Chairs,Chairs model 112,17721.15,4,0.1,3349.14
IN-2023-101802,03-10-2023,07-10-2023,Standard Class,CU-1560,Ashok Patel,Home Office,India,Kolkata,West Bengal,East,OFF-ART-135,Office Supplies,Art,Art model 135,1147.53,5,0.2,314.18
IN-2025-103882,07-04-2025,13-04-2025,Standard Class,CU-1100,Vivaan Iyer,Consumer,India,Bengaluru,Karnataka,South,OFF-LAB-132,Office Supplies,Labels,Labels model 132,383.52,3,0.0,180.96
IN-2025-104844,01-12-2025,06-12-2025,Standard Class,CU-1133,Deepak Joshi,Consumer,India,Kochi,Kerala,South,OFF-LAB-111,Office Supplies,Labels,Labels model 111,722.08,5,0.05,327.68
IN-2025-104164,22-06-2025,24-06-2025,Second Class,CU-1403,Rohit Sharma,Consumer,India,Pune,Maharashtra,West,TEC-COP-137,Technology,Copiers,Copiers model 137,131910.59,6,0.4,-725.82
IN-2024-102299,10-02-2024,11-02-2024,First Class,CU-1083,Arjun Gupta,Consumer,India,Kolkata,West Bengal,East,OFF-LAB-104,Office Supplies,Labels,Labels model 104,108.36,1,0.25,30.93
IN-2023-101232,26-03-2023,30-03-2023,Standard Class,CU-1294,Ravi Iyer,Consumer,India,Pune,Maharashtra,West,OFF-LAB-127,Office Supplies,Labels,Labels model 127,387.76,3,0.0,198.32
IN-2023-101809,05-10-2023,07-10-2023,Second Class,CU-1465,Ravi Gupta,Corporate,India,Pune,Maharashtra,West,FUR-FUR-135,Furniture,Furnishings,Furnishings model 135,9362.86,7,0.1,2472.92
IN-2023-101309,16-04-2023,19-04-2023,First Class,CU-1391,Suresh Reddy,Home Office,India,Bengaluru,Karnataka,South,OFF-PAP-120,Office Supplies,Paper,Paper model 120,1171.77,6,0.3,305.08
IN-2022-100612,24-09-2022,28-09-2022,Standard Class,CU-1018,Vivaan Das,Consumer,India,Thiruvananthapuram,Kerala,South,FUR-CHA-134,Furniture,Chairs,Chairs model 134,35868.53,8,0.0,8363.91
IN-2023-101902,30-10-2023,03-11-2023,Standard Class,CU-1014,Ravi Das,Consumer,India,Mysuru,Karnataka,South,TEC-ACC-118,Technology,Accessories,Accessories model 118,3897.53,4,0.15,1169.72
IN-2022-100010,03-01-2022,03-01-2022,Same Day,CU-1234,Ashok Menon,Home Office,India,Hyderabad,Telangana,South,OFF-LAB-133,Office Supplies,Labels,Labels model 133,248.17,2,0.1,114.75
IN-2025-104080,02-06-2025,06-06-2025,Standard Class,CU-1406,Ashok Kumar,Consumer,India,Pune,Maharashtra,West,OFF-ART-111,Office Supplies,Art,Art model 111,259.34,1,0.05,95.43
IN-2025-103580,20-01-2025,21-01-2025,First Class,CU-1148,Rahul Pillai,Home Office,India,New Delhi,Delhi,North,OFF-STO-116,Office Supplies,Storage,Storage model 116,8519.44,5,0.1,1967.51
IN-2024-103096,03-10-2024,06-10-2024,Second Class,CU-1365,Swathi Nair,Consumer,India,Nagpur,Maharashtra,West,OFF-PAP-115,Office Supplies,Paper,Paper model 115,466.71,2,0.2,148.51
IN-2022-100833,22-11-2022,26-11-2022,Standard Class,CU-1500,Kavya Shah,Consumer,India,Nagpur,Maharashtra,West,FUR-TAB-126,Furniture,Tables,Tables model 126,16386.44,3,0.3,-2908.0
IN-2023-101231,25-03-2023,29-03-2023,Standard Class,CU-1427,Deepak Pillai,Home Office,India,Amritsar,Punjab,North,TEC-MAC-138,Technology,Machines,Machines model 138,77273.26,4,0.2,2864.2
IN-2022-100671,14-10-2022,19-10-2022,Standard Class,CU-1265,Priya Verma,Consumer,India,Noida,Uttar Pradesh,North,OFF-ART-139,Office Supplies,Art,Art model 139,970.71,4,0.0,399.18
IN-2023-101621,04-08-2023,09-08-2023,Standard Class,CU-1399,Ravi Kumar,Consumer,India,Nagpur,Maharashtra,West,OFF-ART-138,Office Supplies,Art,Art model 138,610.52,3,0.1,196.46
IN-2025-104050,23-05-2025,29-05-2025,Standard Class,CU-1382,Sneha Kumar,Consumer,India,Lucknow,Uttar Pradesh,North,OFF-ART-121,Office Supplies,Art,Art model 121,650.87,4,0.3,131.74
IN-2023-101260,04-04-2023,09-04-2023,Standard Class,CU-1013,Pooja Verma,Consumer,India,Jaipur,Rajasthan,West,FUR-BOO-116,Furniture,Bookcases,Bookcases model 116,17619.62,3,0.2,546.11
IN-2025-104749,11-11-2025,13-11-2025,Second Class,CU-1546,Lakshmi Reddy,Corporate,India,Bhubaneswar,Odisha,East,OFF-STO-121,Office Supplies,Storage,Storage model 121,5325.49,3,0.05,1646.48
IN-2024-102385,07-03-2024,09-03-2024,First Class,CU-1599,Sneha Reddy,Corporate,India,New Delhi,Delhi,NORTH ,OFF-ART-128,Office Supplies,Art,Art model 128,394.4,2,0.15,129.05
IN-2022-100351,27-05-2022,31-05-2022,Second Class,CU-1114,Divya Kumar,Corporate,India,Patna,Bihar,East,FUR-FUR-101,Furniture,Furnishings,Furnishings model 101,1111.78,1,0.25,116.74
IN-2025-103984,06-05-2025,12-05-2025,Standard Class,CU-1251,Rahul Verma,Home Office,India,Bhubaneswar,Odisha,East,FUR-FUR-136,Furniture,Furnishings,Furnishings model 136,3003.22,2,0.1,698.83
IN-2023-102136,28-12-2023,30-12-2023,Second Class,CU-1441,Ravi Nair,Corporate,India,Madurai,Tamil Nadu,South,FUR-FUR-109,Furniture,Furnishings,Furnishings model 109,8047.45,5,0.05,2320.07
IN-2023-101844,14-10-2023,14-10-2023,Same Day,CU-1200,Swathi Nair,Consumer,India,Chennai,Tamil Nadu,South,OFF-ART-121,Office Supplies,Art,Art model 121,617.97,3,0.05,207.58
IN-2025-103628,03-02-2025,07-02-2025,Standard Class,CU-1113,Kavya Patel,Home Office,India,Mysuru,Karnataka,South,TEC-PHO-121,Technology,Phones,Phones model 121,42766.63,4,0.3,1367.12
IN-2024-102681,28-05-2024,04-06-2024,Standard Class,CU-1190,Neha Singh,Corporate,India,Bhubaneswar,Odisha,East,TEC-ACC-101,Technology,Accessories,Accessories model 101,1350.75,1,0.0,468.24
IN-2022-100438,07-07-2022,13-07-2022,Standard Class,CU-1109,Rahul Sharma,Consumer,India,Patna,Bihar,East,TEC-COP-101,Technology,Copiers,Copiers model 101,95111.6,3,0.15,21468.5
IN-2024-102262,01-02-2024,07-02-2024,Standard Class,CU-1528,Suresh Patel,Corporate,India,Nagpur,Maharashtra,West,OFF-ART-110,Office Supplies,Art,Art model 110,633.96,3,0.2,158.42
IN-2024-103342,23-11-2024,27-11-2024,Second Class,CU-1357,Ashok Pillai,Home Office,India,Nagpur,Maharashtra,West,OFF-STO-138,Office Supplies,Storage,Storage model 138,15434.16,8,0.0,5522.06
IN-2023-101705,02-09-2023,02-09-2023,Same Day,CU-1141,Kavya Kumar,Consumer,India,Patna,Bihar,East,OFF-LAB-104,Office Supplies,Labels,Labels model 104,431.75,4,0.25,136.28
IN-2024-102898,02-08-2024,03-08-2024,First Class,CU-1099,Ravi Gupta,Home Office,India,Nagpur,Maharashtra,West,OFF-BIN-132,Office Supplies,Binders,Binders model 132,2212.69,5,0.05,847.96
IN-2024-103052,21-09-2024,25-09-2024,Second Class,CU-1549,Suresh Reddy,Corporate,India,Kolkata,West Bengal,East,TEC-MAC-139,Technology,Machines,Machines model 139,23306.84,1,0.05,2266.85
IN-2023-102120,24-12-2023,30-12-2023,Standard Class,CU-1555,Priya Shah,Consumer,India,New Delhi,Delhi,North,OFF-LAB-137,Office Supplies,Labels,Labels model 137,338.77,2,0.0,152.41
IN-2023-101301,14-04-2023,19-04-2023,Standard Class,CU-1540,Priya Menon,Consumer,India,Lucknow,Uttar Pradesh,North,TEC-MAC-109,Technology,Machines,Machines model 109,21375.81,1,0.1,2187.28
IN-2024-102557,23-04-2024,29-04-2024,Standard Class,CU-1331,Aditya Patel,Home Office,India,Patna,Bihar,East,OFF-BIN-137,Office Supplies,Binders,Binders model 137,2806.82,6,0.05,978.31
IN-2024-102699,04-06-2024,09-06-2024,Standard Class,CU-1129,Manoj Pillai,Consumer,India,Jaipur,Rajasthan,West,OFF-STO-117,Office Supplies,Storage,Storage model 117,5683.57,3,0.0,1801.26
IN-2023-101966,15-11-2023,20-11-2023,Standard Class,CU-1462,Neha Menon,Corporate,India,Bhubaneswar,Odisha,East,OFF-BIN-134,Office Supplies,Binders,Binders model 134,341.85,1,0.2,96.47
IN-2025-104810,24-11-2025,01-12-2025,Standard Class,CU-1381,Manoj Rao,Consumer,India,Mumbai,Maharashtra,West,OFF-STO-110,Office Supplies,Storage,Storage model 110,3017.02,2,0.15,639.08
IN-2022-100034,14-01-2022,16-01-2022,First Class,CU-1566,Aarav Shah,Consumer,India,Pune,Maharashtra,West,FUR-BOO-102,Furniture,Bookcases,Bookcases model 102,11571.65,2,0.2,621.03
IN-2022-100551,25-08-2022,31-08-2022,Standard Class,CU-1175,Neha Gupta,Consumer,India,Nagpur,Maharashtra,west,FUR-CHA-126,Furniture,Chairs,Chairs model 126,4394.24,1,0.05,785.34
IN-2025-103943,25-04-2025,27-04-2025,Second Class,CU-1024,Manoj Singh,Consumer,India,Mysuru,Karnataka,South,OFF-PAP-103,Office Supplies,Paper,Paper model 103,872.29,4,0.15,347.92
IN-2024-102278,06-02-2024,06-02-2024,Same Day,CU-1009,Aditya Gupta,Consumer,India,Nagpur,Maharashtra,West,TEC-PHO-102,Technology,Phones,Phones model 102,41761.9,3,0.1,9762.27
IN-2022-100874,04-12-2022,08-12-2022,Standard Class,CU-1206,Aarav Menon,Corporate,India,Jaipur,Rajasthan,West,TEC-MAC-126,Technology,Machines,Machines model 126,22184.8,1,0.0,2899.23
IN-2022-100921,17-12-2022,22-12-2022,Standard Class,CU-1532,Neha Reddy,Corporate,India,Amritsar,Punjab,North,TEC-MAC-108,Technology,Machines,Machines model 108,44381.45,2,0.05,7328.74
IN-2022-100672,14-10-2022,20-10-2022,Standard Class,CU-1470,Rohit Joshi,Consumer,India,Ludhiana,Punjab,North,FUR-BOO-139,Furniture,Bookcases,Bookcases model 139,20985.46,4,,1689.59
IN-2025-104213,05-07-2025,09-07-2025,Standard Class,CU-1538,Manoj Pillai,Consumer,India,Jaipur,Rajasthan,West,OFF-BIN-112,Office Supplies,Binders,Binders model 112,1204.02,3,0.0,477.14
IN-2022-100332,19-05-2022,25-05-2022,Standard Class,CU-1049,Sneha Singh,Consumer,India,Patna,Bihar,East,OFF-ART-134,Office Supplies,Art,Art model 134,636.93,3,0.15,147.14
IN-2023-102116,24-12-2023,28-12-2023,Standard Class,CU-1437,Rohit Shah,Consumer,India,Lucknow,Uttar Pradesh,North,FUR-CHA-129,Furniture,Chairs,Chairs model 129,28072.44,7,0.1,3859.01
IN-2024-103239,03-11-2024,05-11-2024,Second Class,CU-1410,Karthik Menon,Consumer,India,Mysuru,Karnataka,South,OFF-BIN-120,Office Supplies,Binders,Binders model 120,1366.26,3,0.0,470.81
IN-2024-103302,17-11-2024,20-11-2024,First Class,CU-1216,Swathi Joshi,Corporate,India,Chennai,Tamil Nadu,South,FUR-BOO-110,Furniture,Bookcases,Bookcases model 110,10873.42,2,0.1,874.05
IN-2025-104217,06-07-2025,11-07-2025,Standard Class,CU-1090,Arjun Joshi,Corporate,India,Mumbai,Maharashtra,West,TEC-MAC-100,Technology,Machines,Machines model 100,43610.29,2,0.0,9331.84
IN-2022-100763,08-11-2022,08-11-2022,Same Day,CU-1311,Divya Verma,Consumer,India,Kochi,Kerala,South,OFF-PAP-107,Office Supplies,Paper,Paper model 107,264.94,1,0.05,126.39
IN-2024-102360,29-02-2024,07-03-2024,Standard Class,CU-1216,Swathi Joshi,Corporate,India,New Delhi,Delhi,North,OFF-PAP-128,Office Supplies,Paper,Paper model 128,868.62,3,0.15,337.96
IN-2023-101010,09-01-2023,13-01-2023,Standard Class,CU-1532,Neha Reddy,Corporate,India,Lucknow,Uttar Pradesh,North,FUR-BOO-100,Furniture,Bookcases,Bookcases model 100,5892.17,1,0.05,730.98
IN-2025-103721,28-02-2025,28-02-2025,Same Day,CU-1413,Swathi Pillai,Consumer,India,Thiruvananthapuram,Kerala,South,OFF-STO-129,Office Supplies,Storage,Storage model 129,1117.46,1,0.4,-141.15
IN-2022-100972,29-12-2022,01-01-2023,First Class,CU-1343,Swathi Menon,Consumer,India,Bengaluru,Karnataka,South,OFF-LAB-123,Office Supplies,Labels,Labels model 123,457.81,3,0.1,194.59
IN-2022-100210,03-04-2022,08-04-2022,Standard Class,CU-1400,Pooja Rao,Corporate,India,Hyderabad,Telangana,South,OFF-LAB-106,Office Supplies,Labels,Labels model 106,141.94,1,0.15,63.43
IN-2022-100959,26-12-2022,01-01-2023,Standard Class,CU-1219,Aditya Sharma,Consumer,India,Hyderabad,Telangana,South,OFF-PAP-109,Office Supplies,Paper,Paper model 109,507.23,2,0.2,164.07
IN-2024-103340,22-11-2024,26-11-2024,Second Class,CU-1276,Priya Das,Consumer,India,Pune,Maharashtra,West,FUR-CHA-129,Furniture,Chairs,Chairs model 129,9680.44,2,0.0,2081.24
IN-2022-100925,17-12-2022,21-12-2022,Standard Class,CU-1458,Sneha Shah,Home Office,India,Kochi,Kerala,South,TEC-ACC-112,Technology,Accessories,Accessories model 112,1372.2,1,0.0,561.93
IN-2024-103513,31-12-2024,04-01-2025,Second Class,CU-1092,Aditya Das,Consumer,India,Nagpur,Maharashtra,West,OFF-PAP-138,Office Supplies,Paper,Paper model 138,528.62,2,0.15,208.3
IN-2025-104469,09-09-2025,16-09-2025,Standard Class,CU-1043,Vikram Kumar,Consumer,India,Patna,Bihar,East,OFF-ART-110,Office Supplies,Art,Art model 110,666.1,5,0.4,21.34
IN-2022-100529,15-08-2022,21-08-2022,Standard Class,CU-1592,Neha Sharma,Consumer,India,Madurai,Tamil Nadu,South,OFF-PAP-114,Office Supplies,Paper,Paper model 114,2351.2,8,0.0,1183.02
IN-2024-102277,05-02-2024,12-02-2024,Standard Class,CU-1209,Priya Iyer,Corporate,India,Mysuru,Karnataka,South,TEC-ACC-115,Technology,Accessories,Accessories model 115,8534.82,7,0.0,3044.26
IN-2023-101378,10-05-2023,16-05-2023,Standard Class,CU-1112,Divya Menon,Home Office,India,Surat,Gujarat,West,TEC-ACC-100,Technology,Accessories,Accessories model 100,4180.53,5,0.2,838.77
IN-2022-100440,08-07-2022,11-07-2022,Second Class,CU-1440,Vikram Menon,Corporate,India,Madurai,Tamil Nadu,South,TEC-MAC-136,Technology,Machines,Machines model 136,106118.59,7,0.3,-6741.35
IN-2022-100368,02-06-2022,07-06-2022,Standard Class,CU-1261,Lakshmi Pillai,Consumer,India,Bhubaneswar,Odisha,East,OFF-BIN-110,Office Supplies,Binders,Binders model 110,1975.76,5,0.1,728.48
IN-2024-103303,17-11-2024,22-11-2024,Standard Class,CU-1253,Neha Das,Corporate,India,Ahmedabad,Gujarat,West,OFF-LAB-121,Office Supplies,Labels,Labels model 121,147.47,1,0.1,59.74
IN-2025-103718,27-02-2025,01-03-2025,Second Class,CU-1476,Kavya Das,Consumer,India,Lucknow,Uttar Pradesh,North,TEC-MAC-137,Technology,Machines,Machines model 137,22422.37,1,0.05,3009.67
IN-2023-101045,20-01-2023,25-01-2023,Standard Class,CU-1117,Aarav Shah,Corporate,India,Ludhiana,Punjab,North,TEC-PHO-103,Technology,Phones,Phones model 103,33250.94,3,0.15,5618.58
IN-2022-100661,11-10-2022,15-10-2022,Second Class,CU-1428,Ashok Reddy,Consumer,India,Mumbai,Maharashtra,West,OFF-PAP-136,Office Supplies,Paper,Paper model 136,304.25,1,0.1,128.88
IN-2025-104136,15-06-2025,18-06-2025,First Class,CU-1531,Isha Shah,Corporate,India,Lucknow,Uttar Pradesh,North,OFF-LAB-139,Office Supplies,Labels,Labels model 139,141.24,1,0.0,71.45
IN-2023-100998,05-01-2023,08-01-2023,Second Class,CU-1505,Ananya Rao,Consumer,India,New Delhi,Delhi,North,OFF-ART-109,Office Supplies,Art,Art model 109,236.88,1,0.0,93.28
IN-2025-104368,16-08-2025,20-08-2025,Second Class,CU-1100,Vivaan Iyer,Consumer,India,Patna,Bihar,East,FUR-CHA-121,Furniture,Chairs,Chairs model 121,14554.86,5,0.25,473.1
IN-2025-104162,22-06-2025,24-06-2025,Second Class,CU-1391,Suresh Reddy,Home Office,India,Nagpur,Maharashtra,West,OFF-PAP-119,Office Supplies,Paper,Paper model 119,1758.5,7,0.1,682.05
IN-2022-100968,28-12-2022,31-12-2022,First Class,CU-1211,Suresh Menon,Consumer,India,Patna,Bihar,East,FUR-CHA-104,Furniture,Chairs,Chairs model 104,10607.69,3,0.1,2120.14
IN-2024-103486,24-12-2024,29-12-2024,Standard Class,CU-1504,Arjun Joshi,Consumer,India,Madurai,Tamil Nadu,South,OFF-LAB-120,Office Supplies,Labels,Labels model 120,145.64,1,0.15,56.67
IN-2025-103956,28-04-2025,30-04-2025,First Class,CU-1095,Neha Verma,Consumer,India,Jaipur,Rajasthan,West,FUR-BOO-121,Furniture,Bookcases,Bookcases model 121,17313.37,3,0.05,2837.35
IN-2022-100870,03-12-2022,05-12-2022,First Class,CU-1092,Aditya Das,Consumer,India,Ludhiana,Punjab,North,OFF-PAP-108,Office Supplies,Paper,Paper model 108,1023.11,4,0.15,472.51
IN-2025-104156,22-06-2025,24-06-2025,First Class,CU-1171,Neha Iyer,Home Office,India,Patna,Bihar,EAST ,OFF-STO-117,Office Supplies,Storage,Storage model 117,3708.82,3,0.35,63.87
IN-2025-104533,30-09-2025,07-10-2025,Standard Class,CU-1532,Neha Reddy,Corporate,India,Mysuru,Karnataka,South,FUR-TAB-102,Furniture,Tables,Tables model 102,30601.07,4,0.05,1088.12
IN-2024-103075,28-09-2024,02-10-2024,Standard Class,CU-1191,Karthik Gupta,Home Office,India,Kolkata,West Bengal,East,TEC-ACC-138,Technology,Accessories,Accessories model 138,1938.18,2,0.2,418.83
IN-2024-103197,22-10-2024,29-10-2024,Standard Class,CU-1280,Swathi Gupta,Consumer,India,Kolkata,West Bengal,East,TEC-PHO-122,Technology,Phones,Phones model 122,27647.88,2,0.1,6632.28
IN-2023-101082,03-02-2023,10-02-2023,Standard Class,CU-1018,Vivaan Das,Consumer,India,Ahmedabad,Gujarat,West,OFF-ART-114,Office Supplies,Art,Art model 114,770.94,3,0.1,277.54
IN-2024-103048,19-09-2024,26-09-2024,Standard Class,CU-1514,Ravi Shah,Consumer,India,Ludhiana,Punjab,North,OFF-ART-110,Office Supplies,Art,Art model 110,647.9,3,0.2,172.02
IN-2024-102539,20-04-2024,24-04-2024,Standard Class,CU-1310,Aarav Sharma,Consumer,India,Madurai,Tamil Nadu,South,OFF-BIN-122,Office Supplies,Binders,Binders model 122,1982.78,4,0.0,828.89
IN-2025-104260,20-07-2025,25-07-2025,Standard Class,CU-1563,Arjun Nair,Corporate,India,Kolkata,West Bengal,East,OFF-PAP-122,Office Supplies,Paper,Paper model 122,632.1,2,0.05,294.46
IN-2023-101230,25-03-2023,29-03-2023,Standard Class,CU-1060,Pooja Nair,Corporate,India,New Delhi,Delhi,North,FUR-CHA-134,Furniture,Chairs,Chairs model 134,10429.01,3,0.2,792.06
IN-2024-102836,16-07-2024,19-07-2024,Second Class,CU-1030,Aarav Iyer,Consumer,India,Amritsar,Punjab,North,TEC-ACC-128,Technology,Accessories,Accessories model 128,2489.91,2,0.0,1009.82
IN-2023-101652,16-08-2023,16-08-2023,Same Day,CU-1168,Deepak Sharma,Corporate,India,Bhubaneswar,Odisha,East,TEC-ACC-118,Technology,Accessories,Accessories model 118,4491.91,4,0.15,1387.37
IN-2022-100558,28-08-2022,01-09-2022,Standard Class,CU-1430,Pooja Singh,Consumer,India,Kolkata,West Bengal,East,OFF-ART-132,Office Supplies,Art,Art model 132,680.37,3,0.05,247.85
IN-2023-101101,11-02-2023,14-02-2023,First Class,CU-1383,Aarav Joshi,Consumer,India,Salem,Tamil Nadu,South,TEC-ACC-133,Technology,Accessories,Accessories model 133,2079.57,2,0.0,679.12
IN-2022-100535,17-08-2022,19-08-2022,Second Class,CU-1036,Swathi Reddy,Consumer,India,Bhubaneswar,Odisha,East,OFF-STO-138,Office Supplies,Storage,Storage model 138,1817.03,1,0.1,465.75
IN-2023-101821,08-10-2023,12-10-2023,Standard Class,CU-1237,ARJUN SHARMA,Consumer,India,Surat,Gujarat,West,FUR-BOO-136,Furniture,Bookcases,Bookcases model 136,26765.11,4,0.0,3860.67
IN-2024-102373,04-03-2024,11-03-2024,Standard Class,CU-1410,Karthik Menon,Consumer,India,Nagpur,Maharashtra,West,OFF-PAP-136,Office Supplies,Paper,Paper model 136,643.24,2,0.0,298.9
IN-2025-104027,17-05-2025,20-05-2025,Second Class,CU-1161,Pooja Joshi,Consumer,India,Surat,Gujarat,West,OFF-PAP-106,Office Supplies,Paper,Paper model 106,923.08,4,0.1,386.67
IN-2022-100716,26-10-2022,02-11-2022,Standard Class,CU-1591,Pooja Verma,Consumer,India,Jaipur,Rajasthan,West,FUR-FUR-119,Furniture,Furnishings,Furnishings model 119,2847.27,2,0.05,681.68
IN-2022-100457,16-07-2022,16-07-2022,Same Day,CU-1079,Aditya Patel,Corporate,India,Hyderabad,Telangana,South,OFF-STO-125,Office Supplies,Storage,Storage model 125,4922.78,4,0.3,603.41
IN-2025-104989,30-12-2025,05-01-2026,Standard Class,CU-1010,Manoj Pillai,Corporate,India,Mysuru,Karnataka,South,OFF-LAB-139,Office Supplies,Labels,Labels model 139,392.17,3,0.0,168.66
IN-2023-101029,14-01-2023,17-01-2023,Second Class,CU-1417,Kavya Singh,Corporate,India,Kolkata,West Bengal,East,OFF-ART-131,Office Supplies,Art,Art model 131,275.84,1,0.0,99.58
IN-2024-102625,11-05-2024,17-05-2024,Standard Class,CU-1065,Pooja Sharma,Corporate,India,Kolkata,West Bengal,east,TEC-PHO-103,Technology,Phones,Phones model 103,59943.24,4,0.1,11985.34
IN-2024-102420,17-03-2024,21-03-2024,Standard Class,CU-1540,Priya Menon,Consumer,India,Amritsar,Punjab,North,OFF-LAB-106,Office Supplies,Labels,Labels model 106,267.25,2,0.15,105.89
IN-2025-104418,28-08-2025,01-09-2025,Standard Class,CU-1444,Ravi Singh,Consumer,India,Mumbai,Maharashtra,West,FUR-BOO-102,Furniture,Bookcases,Bookcases model 102,11773.23,2,0.2,907.38
IN-2023-101800,03-10-2023,10-10-2023,Standard Class,CU-1133,Deepak Joshi,Consumer,India,Kolkata,West Bengal,East,OFF-BIN-138,Office Supplies,Binders,Binders model 138,367.99,1,0.05,139.57
IN-2023-101205,19-03-2023,26-03-2023,Standard Class,CU-1315,Rohit Gupta,Corporate,India,Hyderabad,Telangana,South,FUR-FUR-135,Furniture,Furnishings,Furnishings model 135,4955.11,4,0.2,632.67
IN-2023-101774,27-09-2023,04-10-2023,Standard Class,CU-1564,Ashok Das,Corporate,India,Thiruvananthapuram,Kerala,South,FUR-TAB-101,Furniture,Tables,Tables model 101,51104.96,5,0.0,6222.42
IN-2024-102732,13-06-2024,15-06-2024,First Class,CU-1381,Manoj Rao,Consumer,India,Patna,Bihar,East,TEC-MAC-112,Technology,Machines,Machines model 112,88123.84,5,0.25,-1925.23
IN-2025-103753,12-03-2025,15-03-2025,First Class,CU-1474,Manoj Rao,Home Office,India,Ahmedabad,Gujarat,West,OFF-ART-135,Office Supplies,Art,Art model 135,1011.76,4,0.0,358.03
IN-2023-102104,21-12-2023,24-12-2023,Second Class,CU-1122,Priya Reddy,Corporate,India,Bengaluru,Karnataka,South,FUR-BOO-135,Furniture,Bookcases,Bookcases model 135,28649.97,5,0.2,1458.97
IN-2024-102629,12-05-2024,18-05-2024,Standard Class,CU-1360,Ananya Menon,Home Office,India,Hyderabad,Telangana,South,FUR-TAB-130,Furniture,Tables,Tables model 130,7622.98,1,0.1,40.14
IN-2022-100895,10-12-2022,11-12-2022,First Class,CU-1480,Suresh Das,Corporate,India,Bengaluru,Karnataka,South,TEC-MAC-128,Technology,Machines,Machines model 128,79764.25,4,0.0,9774.81
IN-2025-104661,25-10-2025,28-10-2025,Second Class,CU-1224,Kavya Shah,Corporate,India,Hyderabad,Telangana,South,OFF-BIN-113,Office Supplies,Binders,Binders model 113,958.94,2,0.0,417.57
IN-2024-102258,31-01-2024,07-02-2024,Standard Class,CU-1509,Aditya Rao,Home Office,India,Kolkata,West Bengal,East,OFF-PAP-114,Office Supplies,Paper,Paper model 114,232.41,1,,94.73
IN-2022-100452,13-07-2022,15-07-2022,Second Class,CU-1115,Arjun Menon,Consumer,India,Surat,Gujarat,West,TEC-PHO-136,Technology,Phones,Phones model 136,13833.13,1,0.0,3936.46
IN-2024-102995,03-09-2024,07-09-2024,Standard Class,CU-1074,Nisha Patel,Corporate,India,Amritsar,Punjab,North,TEC-PHO-132,Technology,Phones,Phones model 132,12459.65,1,0.05,2694.26
IN-2025-103857,01-04-2025,07-04-2025,Standard Class,CU-1350,Sneha Menon,Consumer,India,Patna,Bihar,East,TEC-MAC-107,Technology,Machines,Machines model 107,80111.94,5,0.15,5619.79
IN-2022-100842,25-11-2022,27-11-2022,Second Class,CU-1006,Divya Singh,Home Office,India,Patna,Bihar,East,FUR-FUR-110,Furniture,Furnishings,Furnishings model 110,4152.83,4,0.25,491.05
IN-2025-104425,30-08-2025,03-09-2025,Second Class,CU-1599,Sneha Reddy,Corporate,India,Mumbai,Maharashtra,West,TEC-MAC-110,Technology,Machines,Machines model 110,92103.07,4,0.05,7088.88
IN-2022-100550,25-08-2022,30-08-2022,Standard Class,CU-1202,Neha Verma,Consumer,India,Ahmedabad,Gujarat,West,TEC-PHO-122,Technology,Phones,Phones model 122,87427.55,6,0.0,22634.37
IN-2022-100116,01-03-2022,01-03-2022,Same Day,CU-1061,Arjun Gupta,,India,Mumbai,Maharashtra,West,FUR-BOO-110,Furniture,Bookcases,Bookcases model 110,5785.27,1,0.05,607.28
IN-2023-101283,09-04-2023,13-04-2023,Standard Class,CU-1384,Nisha Iyer,Consumer,India,Surat,Gujarat,West,TEC-ACC-130,Technology,Accessories,Accessories model 130,1067.61,1,0.05,394.89
IN-2022-100667,13-10-2022,20-10-2022,Standard Class,CU-1475,Meera Joshi,Consumer,India,Noida,Uttar Pradesh,North,OFF-PAP-114,Office Supplies,Paper,Paper model 114,1213.09,4,0.0,531.7
IN-2025-104439,01-09-2025,06-09-2025,Standard Class,CU-1578,Suresh Gupta,Consumer,India,Ludhiana,Punjab,North,OFF-STO-105,Office Supplies,Storage,Storage model 105,1591.6,1,0.1,477.39
IN-2025-104304,31-07-2025,03-08-2025,First Class,CU-1568,Aditya Shah,Consumer,India,Amritsar,Punjab,North,OFF-BIN-117,Office Supplies,Binders,Binders model 117,1292.67,3,0.1,457.92
IN-2024-103450,18-12-2024,24-12-2024,Standard Class,CU-1243,Nisha Kumar,Consumer,India,Patna,Bihar,East,TEC-COP-121,Technology,Copiers,Copiers model 121,74509.19,2,0.05,29799.54
IN-2025-103879,06-04-2025,12-04-2025,Standard Class,CU-1064,Karthik Patel,Consumer,India,New Delhi,Delhi,North,TEC-ACC-139,Technology,Accessories,Accessories model 139,1106.67,1,0.05,400.5
IN-2022-100018,09-01-2022,13-01-2022,Standard Class,CU-1094,Ananya Singh,Consumer,India,Ludhiana,Punjab,North,OFF-BIN-100,Office Supplies,Binders,Binders model 100,1188.14,4,0.3,231.91
IN-2025-103906,14-04-2025,17-04-2025,First Class,CU-1048,Rohit Patel,Corporate,India,Salem,Tamil Nadu,South,OFF-PAP-129,Office Supplies,Paper,Paper model 129,553.76,2,0.0,270.09
IN-2023-101071,28-01-2023,03-02-2023,Standard Class,CU-1228,Ravi Sharma,Consumer,India,Pune,Maharashtra,West,OFF-LAB-113,Office Supplies,Labels,Labels model 113,623.03,5,0.15,261.37
IN-2024-102687,30-05-2024,03-06-2024,Standard Class,CU-1579,Divya Kumar,Consumer,India,Jaipur,Rajasthan,West,TEC-COP-131,Technology,Copiers,Copiers model 131,123348.66,4,0.0,47872.02
IN-2023-102005,26-11-2023,02-12-2023,Standard Class,CU-1342,Kavya Kumar,Consumer,India,Mysuru,Karnataka,South,OFF-STO-112,Office Supplies,Storage,Storage model 112,3684.68,2,0.05,1133.83
IN-2024-102166,06-01-2024,08-01-2024,Second Class,CU-1474,Manoj Rao,Home Office,India,Bengaluru,Karnataka,South,TEC-PHO-136,Technology,Phones,Phones model 136,10230.59,1,0.3,306.34
IN-2025-104753,12-11-2025,18-11-2025,Standard Class,CU-1258,Meera Singh,Consumer,India,Bhubaneswar,Odisha,East,OFF-STO-130,Office Supplies,Storage,Storage model 130,4581.02,3,0.2,759.26
IN-2023-102135,27-12-2023,30-12-2023,Second Class,CU-1563,Arjun Nair,Corporate,India,Hyderabad,Telangana,South,FUR-CHA-136,Furniture,Chairs,Chairs model 136,2556.92,1,0.45,-625.04
IN-2024-102423,18-03-2024,22-03-2024,Second Class,CU-1115,Arjun Menon,Consumer,India,Madurai,Tamil Nadu,South,OFF-ART-117,Office Supplies,Art,Art model 117,189.9,1,0.2,51.57
IN-2024-103084,30-09-2024,07-10-2024,Standard Class,CU-1543,Nisha Shah,Corporate,India,Hyderabad,Telangana,South,OFF-STO-135,Office Supplies,Storage,Storage model 135,3493.43,2,0.1,814.01
IN-2022-100199,30-03-2022,04-04-2022,Standard Class,CU-1041,Swathi Menon,Consumer,India,Ahmedabad,Gujarat,West,FUR-CHA-133,Furniture,Chairs,Chairs model 133,3489.82,1,0.15,349.25
IN-2024-102877,28-07-2024,28-07-2024,Same Day,CU-1239,Sneha Nair,Corporate,India,Mysuru,Karnataka,South,TEC-MAC-114,Technology,Machines,Machines model 114,42243.3,2,0.1,3449.25
IN-2022-100025,11-01-2022,15-01-2022,Second Class,CU-1309,Swathi Verma,Consumer,India,Ahmedabad,Gujarat,West,TEC-ACC-112,Technology,Accessories,Accessories model 112,1101.55,1,0.15,329.17
IN-2024-102405,12-03-2024,16-03-2024,Standard Class,CU-1239,Sneha Nair,Corporate,India,Kochi,Kerala,South,OFF-PAP-122,Office Supplies,Paper,Paper model 122,271.06,1,0.0,113.87
IN-2023-101492,18-06-2023,24-06-2023,Standard Class,CU-1245,Aditya Gupta,Corporate,India,Bengaluru,Karnataka,South,TEC-COP-122,Technology,Copiers,Copiers model 122,33848.57,1,0.1,14383.2
IN-2024-102917,07-08-2024,12-08-2024,Standard Class,CU-1515,Neha Verma,Consumer,India,Noida,Uttar Pradesh,North,FUR-BOO-119,Furniture,Bookcases,Bookcases model 119,6614.89,1,0.05,984.96
IN-2023-101519,27-06-2023,28-06-2023,First Class,CU-1598,Nisha Joshi,Consumer,India,Kolkata,West Bengal,East,OFF-PAP-120,Office Supplies,Paper,Paper model 120,1274.11,4,0.0,696.53
IN-2022-100286,01-05-2022,04-05-2022,First Class,CU-1300,Lakshmi Shah,Corporate,India,Surat,Gujarat,West,FUR-BOO-118,Furniture,Bookcases,Bookcases model 118,10374.35,2,0.15,330.2
IN-2025-104024,17-05-2025,17-05-2025,Same Day,CU-1118,Karthik Joshi,Corporate,India,Amritsar,Punjab,North,OFF-STO-125,Office Supplies,Storage,Storage model 125,5180.41,3,0.0,1480.51
IN-2023-101880,25-10-2023,31-10-2023,Standard Class,CU-1441,Ravi Nair,Corporate,India,Patna,Bihar,East,FUR-TAB-111,Furniture,Tables,Tables model 111,13641.05,2,0.15,-424.1
IN-2025-104077,01-06-2025,07-06-2025,Standard Class,CU-1052,Priya Reddy,Home Office,India,Hyderabad,Telangana,South,TEC-MAC-123,Technology,Machines,Machines model 123,40120.2,2,0.2,-745.75
IN-2025-104349,11-08-2025,13-08-2025,Second Class,CU-1449,Vikram Patel,Consumer,India,Surat,Gujarat,West,TEC-PHO-138,Technology,Phones,Phones model 138,48813.56,4,0.05,10235.41
IN-2023-101174,06-03-2023,13-03-2023,Standard Class,CU-1193,Arjun Singh,Home Office,India,Jaipur,Rajasthan,West,TEC-COP-120,Technology,Copiers,Copiers model 120,65615.95,3,0.4,-45.96
IN-2025-103885,08-04-2025,15-04-2025,Standard Class,CU-1559,Nisha Iyer,Corporate,India,Coimbatore,Tamil Nadu,south,OFF-BIN-102,Office Supplies,Binders,Binders model 102,411.13,1,0.2,106.6
IN-2025-104098,06-06-2025,10-06-2025,Second Class,CU-1590,Ananya Reddy,Consumer,India,Jaipur,Rajasthan,West,TEC-COP-127,Technology,Copiers,Copiers model 127,37865.14,1,0.05,13113.04
IN-2025-104157,22-06-2025,26-06-2025,Standard Class,CU-1495,Nisha Singh,Corporate,India,Lucknow,Uttar Pradesh,North,OFF-PAP-129,Office Supplies,Paper,Paper model 129,814.18,3,0.15,294.44
IN-2022-100214,04-04-2022,10-04-2022,Standard Class,CU-1116,Neha Iyer,Consumer,India,Hyderabad,Telangana,South,TEC-ACC-125,Technology,Accessories,Accessories model 125,1923.73,2,0.2,548.07
IN-2023-101208,20-03-2023,23-03-2023,Second Class,CU-1127,Ashok Nair,Consumer,India,Amritsar,Punjab,North,OFF-STO-106,Office Supplies,Storage,Storage model 106,1855.23,1,0.05,531.6
IN-2024-102327,18-02-2024,23-02-2024,Standard Class,CU-1498,Rohit Joshi,Consumer,India,Surat,Gujarat,West,OFF-STO-132,Office Supplies,Storage,Storage model 132,7608.81,4,0.0,2905.46
IN-2025-103924,18-04-2025,23-04-2025,Standard Class,CU-1167,Meera Rao,Home Office,India,Hyderabad,Telangana,South,TEC-MAC-108,Technology,Machines,Machines model 108,43090.2,2,0.0,5511.31
IN-2025-103785,17-03-2025,21-03-2025,Standard Class,CU-1385,Arjun Sharma,Corporate,India,Bhubaneswar,Odisha,East,FUR-TAB-114,Furniture,Tables,Tables model 114,22745.31,3,0.15,-319.43
IN-2024-102542,20-04-2024,22-04-2024,Second Class,CU-1300,Lakshmi Shah,Corporate,India,Jaipur,Rajasthan,West,OFF-BIN-119,Office Supplies,Binders,Binders model 119,2404.96,6,0.1,818.74
IN-2022-100900,10-12-2022,14-12-2022,Standard Class,CU-1177,Arjun Gupta,Corporate,India,Kolkata,West Bengal,East,TEC-ACC-139,Technology,Accessories,Accessories model 139,4954.64,4,0.05,1827.28
IN-2024-102318,16-02-2024,23-02-2024,Standard Class,CU-1454,Pooja Das,Consumer,India,Hyderabad,Telangana,South,TEC-PHO-127,Technology,Phones,Phones model 127,33725.46,2,0.0,9653.98
IN-2023-101976,18-11-2023,25-11-2023,Standard Class,CU-1281,Aarav Sharma,Consumer,India,Mumbai,Maharashtra,West,OFF-STO-130,Office Supplies,Storage,Storage model 130,9463.94,5,0.0,2803.29
IN-2024-102371,04-03-2024,10-03-2024,Standard Class,CU-1207,Sneha Sharma,Home Office,India,Noida,Uttar Pradesh,North,OFF-STO-136,Office Supplies,Storage,Storage model 136,4818.76,3,0.15,936.76
IN-2024-102379,06-03-2024,13-03-2024,Standard Class,CU-1538,Manoj Pillai,Consumer,India,Jaipur,Rajasthan,West,FUR-FUR-113,Furniture,Furnishings,Furnishings model 113,3033.61,2,0.05,652.37
IN-2025-103797,20-03-2025,23-03-2025,First Class,CU-1128,Ashok Reddy,Corporate,India,Mumbai,Maharashtra,West,OFF-PAP-128,Office Supplies,Paper,Paper model 128,727.97,3,0.05,314.76
IN-2023-101135,23-02-2023,25-02-2023,Second Class,CU-1198,Kavya Kumar,Consumer,India,New Delhi,Delhi,North,TEC-MAC-123,Technology,Machines,Machines model 123,82871.0,4,0.0,10120.53
IN-2024-102919,08-08-2024,12-08-2024,Standard Class,CU-1540,Priya Menon,Consumer,India,Patna,Bihar,East,FUR-TAB-106,Furniture,Tables,Tables model 106,25937.87,5,0.35,-5095.88
IN-2024-103308,17-11-2024,23-11-2024,Standard Class,CU-1074,Nisha Patel,Corporate,India,Pune,Maharashtra,West,OFF-ART-118,Office Supplies,Art,Art model 118,448.27,2,0.2,175.86
IN-2024-103255,06-11-2024,13-11-2024,Standard Class,CU-1102,Divya Das,Consumer,India,Hyderabad,Telangana,South,OFF-ART-116,Office Supplies,Art,Art model 116,₹908.26,6,0.4,77.05
IN-2022-100280,27-04-2022,02-05-2022,Standard Class,CU-1171,Neha Iyer,Home Office,India,New Delhi,Delhi,North,OFF-PAP-110,Office Supplies,Paper,Paper model 110,915.28,4,0.3,224.63
IN-2024-102821,13-07-2024,13-07-2024,Same Day,CU-1278,Nisha Kumar,Consumer,India,Nagpur,Maharashtra,West,TEC-PHO-128,Technology,Phones,Phones model 128,72704.63,6,0.1,16722.11
IN-2024-102506,10-04-2024,10-04-2024,Same Day,CU-1581,Aditya Kumar,Corporate,India,Surat,Gujarat,West,TEC-ACC-108,Technology,Accessories,Accessories model 108,3780.55,3,0.0,1413.88
IN-2025-104602,14-10-2025,18-10-2025,Standard Class,CU-1484,Rahul Shah,Consumer,India,Patna,Bihar,East,OFF-BIN-132,Office Supplies,Binders,Binders model 132,382.59,1,0.0,149.65
IN-2023-101753,18-09-2023,21-09-2023,Second Class,CU-1392,Kavya Nair,Corporate,India,Thiruvananthapuram,Kerala,South,FUR-TAB-139,Furniture,Tables,Tables model 139,12713.52,2,0.3,-2023.85
IN-2024-102900,02-08-2024,06-08-2024,Standard Class,CU-1570,Rohit Kumar,Corporate,India,Lucknow,Uttar Pradesh,North,FUR-BOO-114,Furniture,Bookcases,Bookcases model 114,13727.09,3,0.3,-1350.55
IN-2024-102220,19-01-2024,23-01-2024,Standard Class,CU-1081,Vikram Sharma,Home Office,India,Ludhiana,Punjab,North,OFF-ART-116,Office Supplies,Art,Art model 116,198.56,1,0.15,65.4
IN-2024-102350,25-02-2024,28-02-2024,Second Class,CU-1532,Neha Reddy,Corporate,India,Hyderabad,Telangana,South,TEC-COP-136,Technology,Copiers,Copiers model 136,36023.24,1,0.0,13907.05
IN-2022-100934,20-12-2022,24-12-2022,Standard Class,CU-1211,Suresh Menon,Consumer,India,New Delhi,Delhi,North,OFF-LAB-108,Office Supplies,Labels,Labels model 108,893.33,7,0.0,414.3
IN-2023-101544,06-07-2023,10-07-2023,Second Class,CU-1357,Ashok Pillai,Home Office,India,Amritsar,Punjab,North,OFF-LAB-119,Office Supplies,Labels,Labels model 119,155.17,1,0.0,79.52
IN-2024-102450,24-03-2024,27-03-2024,First Class,CU-1360,Ananya Menon,Home Office,India,Pune,Maharashtra,West,TEC-ACC-132,Technology,Accessories,Accessories model 132,2725.55,2,0.0,970.78
IN-2025-103994,09-05-2025,15-05-2025,Standard Class,CU-1089,Suresh Nair,Home Office,India,Ahmedabad,Gujarat,West,TEC-MAC-117,Technology,Machines,Machines model 117,14045.86,1,0.3,-1814.43
IN-2024-102182,10-01-2024,15-01-2024,Standard Class,CU-1228,Ravi Sharma,Consumer,India,Patna,Bihar,East,TEC-ACC-138,Technology,Accessories,Accessories model 138,1259.11,1,,414.98
IN-2025-104366,15-08-2025,21-08-2025,Standard Class,CU-1244,Priya Das,Consumer,India,Nagpur,Maharashtra,West,OFF-PAP-113,Office Supplies,Paper,Paper model 113,1480.83,6,0.2,531.41
IN-2024-102321,16-02-2024,20-02-2024,Standard Class,CU-1149,Rohit Shah,Corporate,India,Jaipur,Rajasthan,West,FUR-FUR-132,Furniture,Furnishings,Furnishings model 132,9481.16,6,0.05,1999.72
IN-2023-101767,25-09-2023,30-09-2023,Standard Class,CU-1074,Nisha Patel,Corporate,India,Kolkata,West Bengal,East,OFF-PAP-115,Office Supplies,Paper,Paper model 115,917.7,3,0.0,413.14
IN-2023-101682,25-08-2023,01-09-2023,Standard Class,CU-1086,Sneha Patel,Consumer,India,Hyderabad,Telangana,South,FUR-BOO-128,Furniture,Bookcases,Bookcases model 128,"₹37,047.74",5,0.0,6983.8
IN-2023-101979,19-11-2023,25-11-2023,Standard Class,CU-1369,Priya Reddy,Consumer,India,Bhubaneswar,Odisha,East,OFF-ART-116,Office Supplies,Art,Art model 116,1291.89,6,0.2,348.4
IN-2024-102501,08-04-2024,13-04-2024,Standard Class,CU-1028,Priya Rao,Corporate,India,Surat,Gujarat,West,OFF-STO-138,Office Supplies,Storage,Storage model 138,3908.28,2,0.0,1379.19
IN-2024-102962,24-08-2024,29-08-2024,Standard Class,CU-1153,Swathi Pillai,Consumer,India,New Delhi,Delhi,North,OFF-ART-134,Office Supplies,Art,Art model 134,242.22,1,0.0,96.72
IN-2024-102565,26-04-2024,02-05-2024,Standard Class,CU-1128,Ashok Reddy,Corporate,India,Madurai,Tamil Nadu,South,OFF-ART-129,Office Supplies,Art,Art model 129,430.35,2,0.05,167.18
IN-2024-102333,19-02-2024,21-02-2024,First Class,CU-1464,Priya Iyer,Home Office,India,Patna,Bihar,East,OFF-LAB-136,Office Supplies,Labels,Labels model 136,584.12,5,0.25,166.9
IN-2025-104022,16-05-2025,20-05-2025,Standard Class,CU-1031,Ananya Rao,Consumer,India,Jaipur,Rajasthan,West,TEC-COP-132,Technology,Copiers,Copiers model 132,114323.11,3,0.0,49969.93
IN-2024-103018,11-09-2024,16-09-2024,Standard Class,CU-1123,Isha Menon,Home Office,India,Coimbatore,Tamil Nadu,South,TEC-ACC-102,Technology,Accessories,Accessories model 102,2466.78,2,0.1,996.43
IN-2025-104590,12-10-2025,18-10-2025,Standard Class,CU-1456,Suresh Verma,Home Office,India,Jaipur,Rajasthan,West,FUR-TAB-133,Furniture,Tables,Tables model 133,17336.53,2,0.05,694.4
IN-2022-100007,03-01-2022,08-01-2022,Standard Class,CU-1215,Ashok Kumar,Corporate,India,Thiruvananthapuram,Kerala,South,FUR-FUR-118,Furniture,Furnishings,Furnishings model 118,1256.71,1,0.15,310.26
IN-2022-100837,24-11-2022,29-11-2022,Standard Class,CU-1008,Kavya Nair,Consumer,India,Thiruvananthapuram,Kerala,South,OFF-BIN-130,Office Supplies,Binders,Binders model 130,829.69,2,0.1,335.8
IN-2022-100602,20-09-2022,22-09-2022,First Class,CU-1385,Arjun Sharma,Corporate,India,Salem,Tamil Nadu,South,OFF-STO-126,Office Supplies,Storage,Storage model 126,1546.67,1,0.05,528.72
IN-2022-100204,01-04-2022,07-04-2022,Standard Class,CU-1278,Nisha Kumar,Consumer,India,Hyderabad,Telangana,South,TEC-COP-136,Technology,Copiers,Copiers model 136,136830.67,5,0.2,34428.64
IN-2024-103385,02-12-2024,06-12-2024,Second Class,CU-1548,Priya Gupta,Consumer,India,Hyderabad,Telangana,South,OFF-LAB-133,Office Supplies,Labels,Labels model 133,567.38,4,0.1,259.24
IN-2022-100930,19-12-2022,26-12-2022,Standard Class,CU-1164,Rohit Pillai,Corporate,India,Kolkata,West Bengal,East,OFF-BIN-132,Office Supplies,Binders,Binders model 132,3714.19,8,0.05,1646.48
IN-2023-102056,09-12-2023,10-12-2023,First Class,CU-1207,Sneha Sharma,Home Office,India,Amritsar,Punjab,North,OFF-STO-121,Office Supplies,Storage,Storage model 121,3225.74,2,0.0,944.74
IN-2023-101254,02-04-2023,09-04-2023,Standard Class,CU-1282,Manoj Pillai,Corporate,India,Hyderabad,Telangana,South,OFF-PAP-124,Office Supplies,Paper,Paper model 124,317.0,1,0.05,139.72
IN-2025-104091,04-06-2025,06-06-2025,First Class,CU-1496,Pooja Menon,Corporate,India,Bhubaneswar,Odisha,East,TEC-MAC-135,Technology,Machines,Machines model 135,102489.39,6,0.2,5389.22
IN-2023-101969,16-11-2023,17-11-2023,First Class,CU-1394,Neha Pillai,Consumer,India,Lucknow,Uttar Pradesh,North,OFF-LAB-131,Office Supplies,Labels,Labels model 131,316.23,3,0.2,107.75
IN-2025-104762,14-11-2025,17-11-2025,First Class,CU-1552,Priya Verma,Home Office,India,Nagpur,Maharashtra,West,OFF-LAB-131,Office Supplies,Labels,Labels model 131,223.53,2,0.2,85.71
IN-2025-103724,02-03-2025,07-03-2025,Standard Class,CU-1139,Rahul Patel,Consumer,India,Kolkata,West Bengal,East,OFF-STO-126,Office Supplies,Storage,Storage model 126,3196.84,2,,1050.14
IN-2024-102419,17-03-2024,23-03-2024,Standard Class,CU-1104,Ashok Sharma,Corporate,India,Ahmedabad,Gujarat,West,TEC-MAC-134,Technology,Machines,Machines model 134,"₹20,952.75",1,0.0,1896.79
IN-2022-100200,30-03-2022,06-04-2022,Standard Class,CU-1020,Vikram Reddy,Corporate,India,Hyderabad,Telangana,South,TEC-MAC-131,Technology,Machines,Machines model 131,34887.37,2,0.2,933.31
IN-2022-100894,10-12-2022,16-12-2022,Standard Class,CU-1081,Vikram Sharma,Home Office,India,Noida,Uttar Pradesh,North,TEC-ACC-101,Technology,Accessories,Accessories model 101,2871.34,3,0.3,502.25
IN-2022-100618,29-09-2022,03-10-2022,Standard Class,CU-1018,Vivaan Das,Consumer,India,Jaipur,Rajasthan,West,OFF-PAP-106,Office Supplies,Paper,Paper model 106,1005.9,4,0.05,479.86
IN-2023-101138,24-02-2023,24-02-2023,Same Day,CU-1061,Arjun Gupta,Corporate,India,Coimbatore,Tamil Nadu,South,OFF-LAB-127,Office Supplies,Labels,Labels model 127,392.1,4,0.4,50.71
IN-2025-103840,29-03-2025,02-04-2025,Standard Class,CU-1569,Suresh Nair,Consumer,India,Bhubaneswar,Odisha,East,OFF-STO-130,Office Supplies,Storage,Storage model 130,4075.07,3,0.15,927.96
IN-2024-103367,28-11-2024,05-12-2024,Standard Class,CU-1031,Ananya Rao,Consumer,India,Ludhiana,Punjab,North,FUR-BOO-118,Furniture,Bookcases,Bookcases model 118,5565.03,1,0.15,27.9
IN-2023-102048,07-12-2023,12-12-2023,Standard Class,CU-1310,Aarav Sharma,Consumer,India,Kolkata,West Bengal,East,TEC-ACC-108,Technology,Accessories,Accessories model 108,4105.22,4,0.05,1342.81
IN-2023-101939,09-11-2023,15-11-2023,Standard Class,CU-1296,Sneha Joshi,Consumer,India,Thiruvananthapuram,Kerala,South,OFF-LAB-122,Office Supplies,Labels,Labels model 122,322.91,4,0.4,66.16
IN-2023-101033,15-01-2023,21-01-2023,Standard Class,CU-1046,Nisha Iyer,Corporate,India,Patna,Bihar,East,TEC-ACC-109,Technology,Accessories,Accessories model 109,3308.95,4,0.2,798.44
IN-2023-101186,09-03-2023,14-03-2023,Standard Class,CU-1530,Swathi Gupta,Corporate,India,Amritsar,Punjab,North,FUR-CHA-101,Furniture,Chairs,Chairs model 101,28609.84,7,0.05,5333.29
IN-2023-101960,13-11-2023,17-11-2023,Standard Class,CU-1354,Ashok Verma,Corporate,India,Hyderabad,Telangana,South,FUR-TAB-103,Furniture,Tables,Tables model 103,8238.08,1,0.15,232.35
IN-2025-104437,31-08-2025,04-09-2025,Second Class,CU-1431,Aditya Verma,Corporate,India,Chennai,Tamil Nadu,South,OFF-STO-104,Office Supplies,Storage,Storage model 104,1530.33,1,0.0,469.52
IN-2023-101547,07-07-2023,11-07-2023,Standard Class,CU-1426,Ashok Iyer,Consumer,India,Bengaluru,Karnataka,South,OFF-STO-128,Office Supplies,Storage,Storage model 128,7054.25,4,0.05,2145.84
IN-2025-104081,02-06-2025,07-06-2025,Standard Class,CU-1598,Nisha Joshi,Consumer,India,Bhubaneswar,Odisha,East,FUR-CHA-117,Furniture,Chairs,Chairs model 117,13994.73,3,0.05,2575.77
IN-2022-100532,16-08-2022,19-08-2022,Second Class,CU-1577,Deepak Sharma,Consumer,India,Mysuru,Karnataka,South,OFF-BIN-109,Office Supplies,Binders,Binders model 109,795.76,2,0.2,208.35
IN-2025-103858,01-04-2025,07-04-2025,Standard Class,CU-1423,Nisha Sharma,Home Office,India,Ahmedabad,Gujarat,West,OFF-BIN-112,Office Supplies,Binders,Binders model 112,817.85,2,0.2,234.64
IN-2025-103868,03-04-2025,07-04-2025,Second Class,CU-1454,Pooja Das,Consumer,India,Bhubaneswar,Odisha,EAST ,OFF-LAB-110,Office Supplies,Labels,Labels model 110,752.59,6,0.05,388.87
IN-2025-103655,10-02-2025,12-02-2025,Second Class,CU-1476,Kavya Das,Consumer,India,Noida,Uttar Pradesh,North,FUR-FUR-135,Furniture,Furnishings,Furnishings model 135,2786.15,2,0.15,624.8
IN-2025-104419,29-08-2025,31-08-2025,First Class,CU-1053,Ashok Verma,Corporate,India,Amritsar,Punjab,North,TEC-MAC-138,Technology,Machines,Machines model 138,16913.81,1,0.1,1409.7
IN-2023-101317,21-04-2023,24-04-2023,First Class,CU-1586,Ananya Singh,Corporate,India,Patna,Bihar,East,OFF-ART-106,Office Supplies,Art,Art model 106,191.52,1,,56.45
IN-2022-100738,01-11-2022,08-11-2022,Standard Class,CU-1500,Kavya Shah,Consumer,India,Thiruvananthapuram,Kerala,South,OFF-ART-111,Office Supplies,Art,Art model 111,621.7,3,0.15,208.46
IN-2024-103391,04-12-2024,08-12-2024,Standard Class,CU-1117,Aarav Shah,Corporate,India,Bhubaneswar,Odisha,East,OFF-STO-137,Office Supplies,Storage,Storage model 137,1773.65,1,0.05,560.24
IN-2023-101454,04-06-2023,09-06-2023,Standard Class,CU-1275,Rahul Verma,Consumer,India,New Delhi,Delhi,North,TEC-PHO-133,Technology,Phones,Phones model 133,14548.13,1,0.0,3823.44
IN-2022-100568,02-09-2022,08-09-2022,Standard Class,CU-1162,Isha Patel,Corporate,India,Mysuru,Karnataka,South,TEC-MAC-112,Technology,Machines,Machines model 112,168656.48,8,0.15,14374.03
IN-2022-100206,02-04-2022,09-04-2022,Standard Class,CU-1051,Ravi Joshi,Corporate,India,Ludhiana,Punjab,North,TEC-ACC-101,Technology,Accessories,Accessories model 101,1208.11,1,0.1,380.09
IN-2023-101866,19-10-2023,23-10-2023,Second Class,CU-1071,Ashok Das,Consumer,India,Jaipur,Rajasthan,West,TEC-ACC-109,Technology,Accessories,Accessories model 109,844.55,1,0.2,205.71
IN-2025-103969,02-05-2025,09-05-2025,Standard Class,CU-1078,Suresh Sharma,Corporate,India,Bengaluru,Karnataka,South,FUR-FUR-103,Furniture,Furnishings,Furnishings model 103,1253.1,1,0.2,170.61
IN-2023-101669,22-08-2023,28-08-2023,Standard Class,CU-1370,Divya Singh,Consumer,India,New Delhi,Delhi,North,OFF-LAB-119,Office Supplies,Labels,Labels model 119,156.54,1,0.0,73.44
IN-2024-102332,19-02-2024,20-02-2024,First Class,CU-1328,Ananya Pillai,Consumer,India,Nagpur,Maharashtra,West,FUR-FUR-122,Furniture,Furnishings,Furnishings model 122,1959.72,2,0.25,221.73
IN-2024-103250,06-11-2024,11-11-2024,Standard Class,CU-1216,Swathi Joshi,Corporate,India,Bhubaneswar,Odisha,East,TEC-MAC-139,Technology,Machines,Machines model 139,21956.07,1,0.05,3411.53
IN-2025-104964,27-12-2025,01-01-2026,Standard Class,CU-1029,Kavya Nair,Corporate,India,Mumbai,Maharashtra,West,FUR-BOO-128,Furniture,Bookcases,Bookcases model 128,13961.41,2,0.1,2367.17
IN-2023-101445,02-06-2023,05-06-2023,Second Class,CU-1097,Aarav Sharma,Home Office,India,Bhubaneswar,Odisha,East,OFF-LAB-103,Office Supplies,Labels,Labels model 103,124.87,1,0.05,56.0
IN-2025-104032,18-05-2025,23-05-2025,Standard Class,CU-1484,Rahul Shah,Consumer,India,Mumbai,Maharashtra,West,TEC-COP-127,Technology,Copiers,Copiers model 127,134473.98,4,0.1,50619.34
IN-2024-102367,02-03-2024,03-03-2024,First Class,CU-1338,NEHA GUPTA,Consumer,India,Lucknow,Uttar Pradesh,North,TEC-PHO-120,Technology,Phones,Phones model 120,12564.86,1,0.05,3426.1
IN-2023-101626,07-08-2023,14-08-2023,Standard Class,CU-1079,Aditya Patel,Corporate,India,Kolkata,West Bengal,East,OFF-BIN-138,Office Supplies,Binders,Binders model 138,2634.61,7,0.1,875.81
IN-2024-102831,14-07-2024,18-07-2024,Standard Class,CU-1450,Swathi Iyer,Corporate,India,Kochi,Kerala,South,OFF-ART-138,Office Supplies,Art,Art model 138,2231.6,8,0.0,940.85
IN-2024-103218,28-10-2024,03-11-2024,Standard Class,CU-1013,Pooja Verma,Consumer,India,Kolkata,West Bengal,East,FUR-CHA-128,Furniture,Chairs,Chairs model 128,30828.81,7,0.05,4069.65
IN-2024-103463,20-12-2024,23-12-2024,Second Class,CU-1065,Pooja Sharma,Corporate,India,Mysuru,Karnataka,South,TEC-ACC-109,Technology,Accessories,Accessories model 109,1163.25,1,0.05,439.94
IN-2024-103443,16-12-2024,21-12-2024,Standard Class,CU-1342,Kavya Kumar,Consumer,India,Ahmedabad,Gujarat,West,OFF-BIN-105,Office Supplies,Binders,Binders model 105,1329.32,3,0.0,583.22
IN-2023-101926,05-11-2023,12-11-2023,Standard Class,CU-1258,Meera Singh,Consumer,India,New Delhi,Delhi,North,FUR-CHA-124,Furniture,Chairs,Chairs model 124,2815.75,1,0.35,-206.7
IN-2025-104860,05-12-2025,11-12-2025,Standard Class,CU-1377,Meera Reddy,Consumer,India,Thiruvananthapuram,Kerala,South,OFF-BIN-112,Office Supplies,Binders,Binders model 112,2461.44,6,0.0,1193.07
IN-2023-101736,10-09-2023,16-09-2023,Standard Class,CU-1195,Ananya Sharma,Home Office,India,Bengaluru,Karnataka,South,OFF-LAB-117,Office Supplies,Labels,Labels model 117,1011.21,6,0.0,526.79
IN-2024-102899,02-08-2024,06-08-2024,Standard Class,CU-1533,Vivaan Patel,Home Office,India,Patna,Bihar,East,FUR-BOO-129,Furniture,Bookcases,Bookcases model 129,17722.09,4,0.35,-2911.23
IN-2024-102226,22-01-2024,23-01-2024,First Class,CU-1385,Arjun Sharma,Corporate,India,Jaipur,Rajasthan,West,TEC-COP-113,Technology,Copiers,Copiers model 113,138582.84,4,0.0,57424.68
IN-2022-100419,26-06-2022,28-06-2022,First Class,CU-1180,Divya Das,Corporate,India,Hyderabad,Telangana,South,FUR-TAB-121,Furniture,Tables,Tables model 121,23332.85,3,0.2,-1195.02
IN-2023-102054,08-12-2023,12-12-2023,Standard Class,CU-1343,Swathi Menon,Consumer,India,Kolkata,West Bengal,East,OFF-LAB-130,Office Supplies,Labels,Labels model 130,493.83,4,0.05,233.27
IN-2022-100849,27-11-2022,02-12-2022,Standard Class,CU-1268,Vikram Kumar,Consumer,India,Surat,Gujarat,West,OFF-BIN-112,Office Supplies,Binders,Binders model 112,1805.53,4,0.1,686.59
IN-2022-100967,28-12-2022,31-12-2022,Second Class,CU-1168,Deepak Sharma,Corporate,India,Patna,Bihar,East,TEC-COP-116,Technology,Copiers,Copiers model 116,140582.74,7,0.35,19872.35
IN-2024-102913,06-08-2024,13-08-2024,Standard Class,CU-1267,Neha Singh,Corporate,India,Surat,Gujarat,West,OFF-ART-120,Office Supplies,Art,Art model 120,511.81,2,0.0,190.45
IN-2024-102612,08-05-2024,11-05-2024,First Class,CU-1058,Kavya Iyer,Home Office,India,Amritsar,Punjab,North,TEC-COP-124,Technology,Copiers,Copiers model 124,57461.8,2,0.15,19806.53
IN-2022-100241,14-04-2022,21-04-2022,Standard Class,CU-1210,Rahul Iyer,Home Office,India,Amritsar,Punjab,North,TEC-PHO-115,Technology,Phones,Phones model 115,46233.58,3,0.0,11771.57
IN-2023-101118,17-02-2023,24-02-2023,Standard Class,CU-1378,Manoj Rao,Consumer,India,Ahmedabad,Gujarat,west,FUR-TAB-106,Furniture,Tables,Tables model 106,12482.81,2,0.25,-1242.16
IN-2022-100539,21-08-2022,26-08-2022,Standard Class,CU-1558,Suresh Shah,Consumer,India,New Delhi,Delhi,North,OFF-STO-106,Office Supplies,Storage,Storage model 106,1443.6,1,0.1,367.81
IN-2022-100230,10-04-2022,13-04-2022,Second Class,CU-1486,Karthik Reddy,Consumer,India,Mysuru,Karnataka,South,OFF-PAP-115,Office Supplies,Paper,Paper model 115,745.5,3,0.1,360.48
IN-2024-102833,15-07-2024,19-07-2024,Standard Class,CU-1443,Vivaan Iyer,Consumer,India,New Delhi,Delhi,North,OFF-BIN-115,Office Supplies,Binders,Binders model 115,1687.14,4,0.15,540.99
IN-2025-104440,02-09-2025,04-09-2025,First Class,CU-1548,Priya Gupta,Consumer,India,Jaipur,Rajasthan,West,FUR-FUR-117,Furniture,Furnishings,Furnishings model 117,1868.61,2,0.35,77.21
IN-2024-102843,17-07-2024,23-07-2024,Standard Class,CU-1251,RAHUL VERMA,Home Office,India,Bhubaneswar,Odisha,East,OFF-STO-119,Office Supplies,Storage,Storage model 119,2710.3,2,0.15,666.42
IN-2024-103284,12-11-2024,17-11-2024,Standard Class,CU-1030,Aarav Iyer,Consumer,India,Ahmedabad,Gujarat,West,FUR-CHA-109,Furniture,Chairs,Chairs model 109,29522.66,8,0.2,3264.27
IN-2025-104956,25-12-2025,01-01-2026,Standard Class,CU-1110,Meera Joshi,Consumer,India,Hyderabad,Telangana,South,OFF-PAP-126,Office Supplies,Paper,Paper model 126,300.39,1,0.0,133.15
IN-2022-100935,21-12-2022,24-12-2022,Second Class,CU-1336,Kavya Iyer,Corporate,India,Pune,Maharashtra,West,OFF-BIN-123,Office Supplies,Binders,Binders model 123,1622.51,4,0.1,612.21
IN-2025-103970,02-05-2025,04-05-2025,Second Class,CU-1043,Vikram Kumar,Consumer,India,New Delhi,Delhi,North,TEC-PHO-113,Technology,Phones,Phones model 113,50752.67,4,,3211.38
IN-2025-104859,04-12-2025,09-12-2025,Standard Class,CU-1479,Aarav Verma,Consumer,India,Thiruvananthapuram,Kerala,South,OFF-STO-139,Office Supplies,Storage,Storage model 139,1838.83,1,0.0,514.03
IN-2024-102264,01-02-2024,04-02-2024,First Class,CU-1038,Rahul Kumar,Consumer,India,Bengaluru,Karnataka,South,TEC-COP-129,Technology,Copiers,Copiers model 129,128879.32,4,0.15,39494.42
IN-2025-104360,14-08-2025,19-08-2025,Standard Class,CU-1069,Arjun Shah,Consumer,India,Bhubaneswar,Odisha,East,OFF-STO-114,Office Supplies,Storage,Storage model 114,1589.5,1,0.2,325.23
IN-2024-102952,19-08-2024,24-08-2024,Standard Class,CU-1191,Karthik Gupta,Home Office,India,Thiruvananthapuram,Kerala,South,OFF-PAP-129,Office Supplies,Paper,Paper model 129,299.26,1,0.0,146.55
IN-2025-104021,16-05-2025,20-05-2025,Standard Class,CU-1368,Isha Kumar,Corporate,India,Hyderabad,Telangana,South,TEC-ACC-119,Technology,Accessories,Accessories model 119,1200.34,1,0.05,441.83
IN-2022-100193,29-03-2022,03-04-2022,Standard Class,CU-1241,Arjun Nair,Consumer,India,Ahmedabad,Gujarat,West,FUR-CHA-116,Furniture,Chairs,Chairs model 116,29106.06,6,0.05,6164.4
IN-2023-100995,03-01-2023,08-01-2023,Standard Class,CU-1518,Vikram Nair,Corporate,India,Jaipur,Rajasthan,West,TEC-ACC-118,Technology,Accessories,Accessories model 118,1065.57,1,0.0,399.32
IN-2023-101923,03-11-2023,10-11-2023,Standard Class,CU-1387,Rohit Gupta,Home Office,India,Jaipur,Rajasthan,West,FUR-CHA-107,Furniture,Chairs,Chairs model 107,9324.42,3,0.35,-868.27
IN-2025-103911,15-04-2025,17-04-2025,First Class,CU-1399,Ravi Kumar,Consumer,India,Jaipur,Rajasthan,West,TEC-PHO-107,Technology,Phones,Phones model 107,13981.06,1,0.05,2864.67
IN-2025-104063,28-05-2025,02-06-2025,Standard Class,CU-1474,Manoj Rao,Home Office,India,Bengaluru,Karnataka,South,OFF-STO-103,Office Supplies,Storage,Storage model 103,1762.42,1,0.0,496.12
IN-2022-100472,23-07-2022,29-07-2022,Standard Class,CU-1071,Ashok Das,Consumer,India,Bengaluru,Karnataka,South,FUR-FUR-120,Furniture,Furnishings,Furnishings model 120,1388.04,1,0.1,321.59
IN-2025-103922,17-04-2025,21-04-2025,Second Class,CU-1249,Karthik Nair,Corporate,India,Pune,Maharashtra,West,OFF-ART-120,Office Supplies,Art,Art model 120,521.59,2,0.05,220.29
IN-2024-102243,27-01-2024,02-02-2024,Standard Class,CU-1347,Ravi Reddy,Consumer,India,Jaipur,Rajasthan,West,OFF-ART-107,Office Supplies,Art,Art model 107,628.19,3,0.15,178.78
IN-2025-104086,03-06-2025,10-06-2025,Standard Class,CU-1581,Aditya Kumar,Corporate,India,Kolkata,West Bengal,East,OFF-STO-122,Office Supplies,Storage,Storage model 122,1130.71,1,0.4,-34.98
IN-2025-103593,24-01-2025,24-01-2025,Same Day,CU-1251,Rahul Verma,Home Office,India,Kolkata,West Bengal,East,FUR-FUR-111,Furniture,Furnishings,Furnishings model 111,1357.33,1,0.1,377.71
IN-2025-104832,28-11-2025,02-12-2025,Standard Class,CU-1538,Manoj Pillai,Consumer,India,New Delhi,Delhi,North,FUR-TAB-118,Furniture,Tables,Tables model 118,25843.04,4,0.3,-3769.43
IN-2022-100023,10-01-2022,15-01-2022,Standard Class,CU-1362,Arjun Kumar,Home Office,India,New Delhi,Delhi,North,TEC-COP-131,Technology,Copiers,Copiers model 131,92575.3,3,0.0,30688.68
IN-2022-100801,15-11-2022,21-11-2022,Standard Class,CU-1221,Aditya Pillai,Consumer,India,Mysuru,Karnataka,South,TEC-COP-131,Technology,Copiers,Copiers model 131,96396.72,3,0.2,26249.32
IN-2022-100434,06-07-2022,13-07-2022,Standard Class,CU-1546,Lakshmi Reddy,Corporate,India,Jaipur,Rajasthan,West,TEC-ACC-106,Technology,Accessories,Accessories model 106,1036.02,1,0.15,253.56
IN-2023-101127,20-02-2023,26-02-2023,Standard Class,CU-1212,Aarav Kumar,Consumer,India,Madurai,Tamil Nadu,South,TEC-COP-134,Technology,Copiers,Copiers model 134,50726.99,2,0.15,15530.44
IN-2024-102665,24-05-2024,31-05-2024,Standard Class,CU-1490,Kavya Das,Consumer,India,Jaipur,Rajasthan,West,FUR-CHA-100,Furniture,Chairs,Chairs model 100,17705.58,4,0.1,1768.54
IN-2025-104088,03-06-2025,09-06-2025,Standard Class,CU-1151,Sneha Verma,Consumer,India,Amritsar,Punjab,North,TEC-MAC-122,Technology,Machines,Machines model 122,65616.56,3,0.1,6301.48
IN-2025-104857,04-12-2025,07-12-2025,First Class,CU-1471,Ravi Reddy,Home Office,India,Mumbai,Maharashtra,West,FUR-BOO-120,Furniture,Bookcases,Bookcases model 120,17963.44,3,0.2,351.83
IN-2022-100627,02-10-2022,06-10-2022,Standard Class,CU-1280,Swathi Gupta,Consumer,India,Ahmedabad,Gujarat,West,OFF-BIN-102,Office Supplies,Binders,Binders model 102,453.99,1,0.0,184.5
IN-2022-100929,19-12-2022,26-12-2022,Standard Class,CU-1240,Ananya Menon,Consumer,India,Bengaluru,Karnataka,South,OFF-ART-119,Office Supplies,Art,Art model 119,636.81,4,0.4,20.4
IN-2022-100687,18-10-2022,23-10-2022,Standard Class,CU-1297,Ananya Patel,Corporate,India,Kochi,Kerala,South,FUR-BOO-116,Furniture,Bookcases,Bookcases model 116,6401.25,1,0.1,844.0
IN-2025-104319,04-08-2025,08-08-2025,Standard Class,CU-1166,Karthik Verma,Consumer,India,New Delhi,Delhi,North,FUR-FUR-124,Furniture,Furnishings,Furnishings model 124,3980.59,3,0.05,1120.75
IN-2025-104454,05-09-2025,12-09-2025,Standard Class,CU-1199,Neha Pillai,Consumer,India,Bengaluru,Karnataka,South,FUR-FUR-113,Furniture,Furnishings,Furnishings model 113,1525.56,1,0.05,364.49
IN-2025-104181,25-06-2025,01-07-2025,Standard Class,CU-1039,Deepak Patel,Corporate,India,Thiruvananthapuram,Kerala,South,FUR-BOO-112,Furniture,Bookcases,Bookcases model 112,28046.89,4,,4557.88
IN-2024-102829,14-07-2024,20-07-2024,Standard Class,CU-1421,Nisha Kumar,Corporate,India,New Delhi,Delhi,North,FUR-CHA-101,Furniture,Chairs,Chairs model 101,7810.52,2,0.05,1317.29
IN-2023-101843,14-10-2023,21-10-2023,Standard Class,CU-1564,Ashok Das,Corporate,India,Bengaluru,Karnataka,South,OFF-LAB-138,Office Supplies,Labels,Labels model 138,196.14,2,,24.23
IN-2024-102835,16-07-2024,20-07-2024,Standard Class,CU-1535,Kavya Kumar,Consumer,India,Ludhiana,Punjab,North,TEC-ACC-101,Technology,Accessories,Accessories model 101,2213.2,2,0.0,883.7
IN-2024-103282,11-11-2024,16-11-2024,Standard Class,CU-1121,Suresh Pillai,Corporate,India,Thiruvananthapuram,Kerala,South,FUR-CHA-132,Furniture,Chairs,Chairs model 132,4344.03,1,0.0,1003.95
IN-2025-104452,05-09-2025,08-09-2025,Second Class,CU-1204,Lakshmi Patel,Home Office,India,Hyderabad,Telangana,South,OFF-ART-134,Office Supplies,Art,Art model 134,908.9,5,0.2,198.83
IN-2024-103335,22-11-2024,27-11-2024,Standard Class,CU-1025,Rohit Rao,Consumer,India,Jaipur,Rajasthan,West,TEC-PHO-118,Technology,Phones,Phones model 118,60135.84,5,0.15,11011.39
IN-2025-104978,28-12-2025,01-01-2026,Standard Class,CU-1163,Swathi Pillai,Corporate,India,Kolkata,West Bengal,East,TEC-PHO-129,Technology,Phones,Phones model 129,15962.59,2,,-3042.92
IN-2023-101270,06-04-2023,06-04-2023,Same Day,CU-1437,Rohit Shah,Consumer,India,Mysuru,Karnataka,South,OFF-BIN-118,Office Supplies,Binders,Binders model 118,432.49,1,0.05,161.84
IN-2024-102239,26-01-2024,01-02-2024,Standard Class,CU-1555,Priya Shah,Consumer,India,Ahmedabad,Gujarat,west,FUR-FUR-107,Furniture,Furnishings,Furnishings model 107,1055.14,1,0.35,33.63
IN-2025-103964,30-04-2025,05-05-2025,Standard Class,CU-1274,Manoj Singh,Consumer,India,Bhubaneswar,Odisha,East,TEC-COP-110,Technology,Copiers,Copiers model 110,116546.74,4,0.15,39901.01
IN-2024-103504,28-12-2024,02-01-2025,Standard Class,CU-1390,Deepak Verma,Home Office,India,Kolkata,West Bengal,East,OFF-ART-108,Office Supplies,Art,Art model 108,777.08,4,0.1,317.48
IN-2025-104915,17-12-2025,20-12-2025,Second Class,CU-1006,Divya Singh,Home Office,India,Noida,Uttar Pradesh,North,OFF-PAP-106,Office Supplies,Paper,Paper model 106,611.5,3,0.3,155.41
IN-2022-100530,15-08-2022,21-08-2022,Standard Class,CU-1579,Divya Kumar,Consumer,India,New Delhi,Delhi,North,OFF-STO-102,Office Supplies,Storage,Storage model 102,8494.33,7,0.3,784.17
IN-2025-104358,13-08-2025,19-08-2025,Standard Class,CU-1331,Aditya Patel,Home Office,India,Jaipur,Rajasthan,West,TEC-PHO-128,Technology,Phones,Phones model 128,25955.49,2,0.1,5336.29
IN-2023-102010,27-11-2023,03-12-2023,Standard Class,CU-1017,Ananya Patel,Consumer,India,Nagpur,Maharashtra,West,OFF-STO-101,Office Supplies,Storage,Storage model 101,1673.8,1,0.0,467.85
IN-2022-100642,06-10-2022,12-10-2022,Standard Class,CU-1298,Meera Kumar,Consumer,India,Bengaluru,Karnataka,South,TEC-MAC-135,Technology,Machines,Machines model 135,41347.12,3,0.3,-4251.79
IN-2024-102513,13-04-2024,19-04-2024,Standard Class,CU-1569,Suresh Nair,Consumer,India,Patna,Bihar,East,TEC-MAC-121,Technology,Machines,Machines model 121,32935.08,2,0.15,2708.03
IN-2024-102291,09-02-2024,12-02-2024,Second Class,CU-1484,Rahul Shah,Consumer,India,Patna,Bihar,East,FUR-CHA-107,Furniture,Chairs,Chairs model 107,6034.52,2,0.3,-43.13
IN-2023-102126,25-12-2023,29-12-2023,Standard Class,CU-1247,Meera Menon,Consumer,India,Thiruvananthapuram,Kerala,South,TEC-ACC-118,Technology,Accessories,Accessories model 118,2872.26,3,0.15,941.29
IN-2025-103607,27-01-2025,01-02-2025,Standard Class,CU-1203,Ravi Shah,Home Office,India,Lucknow,Uttar Pradesh,North,TEC-COP-101,Technology,Copiers,Copiers model 101,278581.55,7,0.0,109971.86
IN-2025-104001,12-05-2025,17-05-2025,Standard Class,CU-1285,Neha Singh,Corporate,India,Ahmedabad,Gujarat,West,TEC-COP-122,Technology,Copiers,Copiers model 122,61614.76,2,0.15,15294.33
IN-2023-101457,05-06-2023,12-06-2023,Standard Class,CU-1465,Ravi Gupta,Corporate,India,Madurai,Tamil Nadu,South,OFF-BIN-104,Office Supplies,Binders,Binders model 104,1067.63,3,0.1,433.23
IN-2024-102548,22-04-2024,28-04-2024,Standard Class,CU-1540,Priya Menon,Consumer,India,Bengaluru,Karnataka,South,OFF-ART-101,Office Supplies,Art,Art model 101,509.17,2,0.1,158.96
IN-2025-103691,19-02-2025,22-02-2025,First Class,CU-1222,Rahul Verma,Consumer,India,Ludhiana,Punjab,North,TEC-MAC-117,Technology,Machines,Machines model 117,56152.91,3,0.15,3295.73
IN-2025-104386,21-08-2025,22-08-2025,First Class,CU-1414,Vivaan Gupta,Consumer,India,Hyderabad,Telangana,SOUTH ,OFF-BIN-113,Office Supplies,Binders,Binders model 113,883.48,2,0.0,359.57
IN-2023-101456,05-06-2023,11-06-2023,Standard Class,CU-1054,Isha Nair,Consumer,India,Lucknow,Uttar Pradesh,North,OFF-ART-134,Office Supplies,Art,Art model 134,532.14,2,0.0,196.82
IN-2022-100350,27-05-2022,29-05-2022,Second Class,CU-1249,Karthik Nair,Corporate,India,Hyderabad,Telangana,South,OFF-STO-115,Office Supplies,Storage,Storage model 115,4815.45,3,0.0,1423.39
IN-2024-102925,10-08-2024,13-08-2024,First Class,CU-1325,Ashok Rao,Consumer,India,Jaipur,Rajasthan,West,TEC-ACC-117,Technology,Accessories,Accessories model 117,855.43,1,0.3,94.28
IN-2025-103595,25-01-2025,29-01-2025,Second Class,CU-1437,Rohit Shah,Consumer,India,Surat,Gujarat,West,FUR-BOO-138,Furniture,Bookcases,Bookcases model 138,20544.26,4,0.15,2269.73
IN-2025-104821,26-11-2025,01-12-2025,Standard Class,CU-1159,Ananya Singh,Corporate,India,Ludhiana,Punjab,North,OFF-STO-108,Office Supplies,Storage,Storage model 108,7312.68,4,0.0,2287.32
IN-2023-102101,21-12-2023,25-12-2023,Standard Class,CU-1372,Ananya Pillai,Consumer,India,Bhubaneswar,Odisha,East,OFF-ART-129,Office Supplies,Art,Art model 129,1202.71,5,0.05,423.45
IN-2024-103129,10-10-2024,14-10-2024,Second Class,CU-1524,Rahul Iyer,Corporate,India,Kolkata,West Bengal,East,FUR-CHA-139,Furniture,Chairs,Chairs model 139,19801.14,5,0.15,2987.55
IN-2025-104836,30-11-2025,04-12-2025,Standard Class,CU-1457,Isha Joshi,Home Office,India,Noida,Uttar Pradesh,North,FUR-TAB-139,Furniture,Tables,Tables model 139,18724.25,2,0.0,1077.93
IN-2022-100570,02-09-2022,09-09-2022,Standard Class,CU-1229,Ravi Shah,Consumer,India,Bengaluru,Karnataka,South,TEC-PHO-106,Technology,Phones,Phones model 106,11941.08,1,0.15,1803.56
IN-2024-103071,27-09-2024,04-10-2024,Standard Class,CU-1286,Deepak Singh,Home Office,India,Bengaluru,Karnataka,South,OFF-STO-119,Office Supplies,Storage,Storage model 119,4424.49,3,0.05,1455.87
IN-2023-101530,30-06-2023,06-07-2023,Standard Class,CU-1152,Rahul Gupta,Consumer,India,Thiruvananthapuram,Kerala,South,OFF-ART-114,Office Supplies,Art,Art model 114,1412.97,7,0.15,411.94
IN-2023-101430,27-05-2023,02-06-2023,Standard Class,CU-1379,Neha Patel,Home Office,India,Kolkata,West Bengal,East,FUR-CHA-112,Furniture,Chairs,Chairs model 112,7141.34,2,0.25,249.7
IN-2023-101709,02-09-2023,08-09-2023,Standard Class,CU-1094,Ananya Singh,Consumer,India,Kolkata,West Bengal,East,TEC-PHO-119,Technology,Phones,Phones model 119,46518.53,3,0.1,9261.87
IN-2023-101527,29-06-2023,06-07-2023,Standard Class,CU-1304,Priya Joshi,Consumer,India,Patna,Bihar,East,TEC-COP-112,Technology,Copiers,Copiers model 112,30855.77,1,0.1,9807.19
IN-2022-100534,17-08-2022,18-08-2022,First Class,CU-1048,Rohit Patel,Corporate,India,Thiruvananthapuram,Kerala,South,OFF-ART-106,Office Supplies,Art,Art model 106,638.48,3,0.0,245.88
IN-2025-103599,25-01-2025,01-02-2025,Standard Class,CU-1584,Ashok Pillai,Corporate,India,New Delhi,Delhi,North,FUR-TAB-107,Furniture,Tables,Tables model 107,17399.02,2,0.05,469.57
IN-2024-102468,29-03-2024,02-04-2024,Second Class,CU-1472,Sneha Iyer,Consumer,India,Jaipur,Rajasthan,West,OFF-STO-126,Office Supplies,Storage,Storage model 126,3863.65,3,0.3,166.35
IN-2025-103527,03-01-2025,09-01-2025,Standard Class,CU-1403,Rohit Sharma,Consumer,India,Pune,Maharashtra,West,TEC-MAC-100,Technology,Machines,Machines model 100,48211.85,2,0.0,7270.34
IN-2023-101202,17-03-2023,17-03-2023,Same Day,CU-1062,Sneha Sharma,Consumer,India,Hyderabad,Telangana,South,OFF-ART-124,Office Supplies,Art,Art model 124,134.82,1,0.4,7.51
IN-2025-104277,24-07-2025,31-07-2025,Standard Class,CU-1486,Karthik Reddy,Consumer,India,Jaipur,Rajasthan,West,OFF-ART-128,Office Supplies,Art,Art model 128,429.81,2,0.0,203.78
IN-2022-100425,01-07-2022,06-07-2022,Standard Class,CU-1453,Aditya Shah,Corporate,India,New Delhi,Delhi,North,OFF-BIN-119,Office Supplies,Binders,Binders model 119,368.34,1,0.15,101.96
IN-2025-103586,22-01-2025,25-01-2025,Second Class,CU-1376,Kavya Reddy,Consumer,India,Amritsar,Punjab,North,OFF-LAB-139,Office Supplies,Labels,Labels model 139,118.34,1,0.15,53.23
IN-2024-103409,07-12-2024,11-12-2024,Second Class,CU-1020,Vikram Reddy,Corporate,India,Ludhiana,Punjab,North,OFF-ART-138,Office Supplies,Art,Art model 138,197.77,1,0.1,67.69
IN-2025-104410,27-08-2025,01-09-2025,Standard Class,CU-1409,Aditya Joshi,Corporate,India,Noida,Uttar Pradesh,North,TEC-COP-100,Technology,Copiers,Copiers model 100,19569.77,1,0.4,372.09
IN-2023-101200,16-03-2023,22-03-2023,Standard Class,CU-1455,Rohit Reddy,Consumer,India,Kolkata,West Bengal,East,TEC-PHO-121,Technology,Phones,Phones model 121,50339.95,3,0.0,14734.21
IN-2025-103692,20-02-2025,22-02-2025,Second Class,CU-1200,Swathi Nair,Consumer,India,Jaipur,Rajasthan,West,OFF-PAP-134,Office Supplies,Paper,Paper model 134,529.25,2,0.0,241.68
IN-2022-100032,13-01-2022,18-01-2022,Standard Class,CU-1465,Ravi Gupta,Corporate,India,Patna,Bihar,East,OFF-LAB-123,Office Supplies,Labels,Labels model 123,841.8,5,0.0,404.35
IN-2025-104044,21-05-2025,28-05-2025,Standard Class,CU-1118,Karthik Joshi,Corporate,India,Surat,Gujarat,West,OFF-LAB-115,Office Supplies,Labels,Labels model 115,96.92,1,0.4,13.06
IN-2024-102862,23-07-2024,25-07-2024,Second Class,CU-1596,Karthik Nair,Consumer,India,Nagpur,Maharashtra,West,OFF-LAB-121,Office Supplies,Labels,Labels model 121,145.34,1,0.1,69.09
IN-2024-103500,27-12-2024,03-01-2025,Standard Class,CU-1270,Lakshmi Iyer,Home Office,India,Hyderabad,Telangana,South,TEC-COP-127,Technology,Copiers,Copiers model 127,102544.97,4,0.15,31617.59
IN-2025-104233,12-07-2025,13-07-2025,First Class,CU-1313,Vikram Shah,Consumer,India,Hyderabad,Telangana,South,OFF-BIN-103,Office Supplies,Binders,Binders model 103,963.82,2,0.0,401.36
IN-2025-103776,15-03-2025,19-03-2025,Standard Class,CU-1261,LAKSHMI PILLAI,Consumer,India,Nagpur,Maharashtra,West,FUR-TAB-119,Furniture,Tables,Tables model 119,15349.4,2,0.05,1919.47
IN-2023-101699,31-08-2023,02-09-2023,Second Class,CU-1180,Divya Das,Corporate,India,Bengaluru,Karnataka,South,FUR-TAB-124,Furniture,Tables,Tables model 124,24612.7,3,0.0,1511.61
IN-2024-102219,18-01-2024,23-01-2024,Standard Class,CU-1193,Arjun Singh,Home Office,India,Mysuru,Karnataka,South,TEC-ACC-121,Technology,Accessories,Accessories model 121,"₹1,029.23",1,0.0,382.65
IN-2025-104147,18-06-2025,23-06-2025,Standard Class,CU-1095,Neha Verma,Consumer,India,Noida,Uttar Pradesh,North,OFF-STO-128,Office Supplies,Storage,Storage model 128,1975.37,1,0.0,588.76
IN-2024-102902,03-08-2024,07-08-2024,Second Class,CU-1232,Ashok Shah,Consumer,India,Madurai,Tamil Nadu,South,TEC-COP-118,Technology,Copiers,Copiers model 118,97808.17,3,0.0,44484.03
IN-2025-104822,26-11-2025,27-11-2025,First Class,CU-1179,Neha Verma,Corporate,India,Ludhiana,Punjab,North,TEC-COP-127,Technology,Copiers,Copiers model 127,62292.96,2,0.2,16200.37
IN-2023-101066,26-01-2023,02-02-2023,Standard Class,CU-1339,Divya Joshi,Consumer,India,Kochi,Kerala,South,FUR-FUR-138,Furniture,Furnishings,Furnishings model 138,1571.9,1,0.05,318.26
IN-2025-103522,02-01-2025,03-01-2025,First Class,CU-1514,Ravi Shah,Consumer,India,New Delhi,Delhi,North,OFF-LAB-127,Office Supplies,Labels,Labels model 127,269.29,2,0.1,101.97
IN-2024-102987,01-09-2024,07-09-2024,Standard Class,CU-1174,Nisha Shah,Consumer,India,Jaipur,Rajasthan,West,TEC-COP-129,Technology,Copiers,Copiers model 129,92982.43,3,0.15,25387.95
IN-2025-104931,20-12-2025,26-12-2025,Standard Class,CU-1594,Vivaan Singh,Home Office,India,Ahmedabad,Gujarat,West,OFF-STO-119,Office Supplies,Storage,Storage model 119,1628.8,1,0.05,424.28
IN-2024-102776,29-06-2024,06-07-2024,Standard Class,CU-1078,Suresh Sharma,Corporate,India,Jaipur,Rajasthan,West,FUR-TAB-105,Furniture,Tables,Tables model 105,48410.9,5,0.0,2964.22
IN-2024-102921,09-08-2024,13-08-2024,Standard Class,CU-1372,Ananya Pillai,Consumer,India,Mumbai,Maharashtra,West,FUR-BOO-131,Furniture,Bookcases,Bookcases model 131,13417.74,2,0.0,1952.19
IN-2022-100019,09-01-2022,12-01-2022,Second Class,CU-1300,Lakshmi Shah,Corporate,India,Jaipur,Rajasthan,West,TEC-COP-106,Technology,Copiers,Copiers model 106,93431.46,3,0.05,37219.79
IN-2022-100448,12-07-2022,14-07-2022,Second Class,CU-1044,Isha Rao,Consumer,India,New Delhi,Delhi,North,OFF-BIN-130,Office Supplies,Binders,Binders model 130,382.0,1,0.05,168.12
IN-2025-104861,05-12-2025,06-12-2025,First Class,CU-1424,Pooja Singh,Corporate,India,Ahmedabad,Gujarat,West,FUR-FUR-138,Furniture,Furnishings,Furnishings model 138,1329.24,1,,350.08
IN-2025-104216,06-07-2025,10-07-2025,Standard Class,CU-1295,Suresh Iyer,Consumer,India,Thiruvananthapuram,Kerala,South,TEC-PHO-121,Technology,Phones,Phones model 121,61563.2,4,0.1,11002.64
IN-2022-100850,27-11-2022,02-12-2022,Standard Class,CU-1460,Nisha Patel,Corporate,India,Lucknow,Uttar Pradesh,North,OFF-STO-127,Office Supplies,Storage,Storage model 127,12375.84,7,0.1,3032.72
IN-2025-104059,26-05-2025,01-06-2025,Standard Class,CU-1068,Sneha Gupta,Consumer,India,Coimbatore,Tamil Nadu,South,FUR-CHA-118,Furniture,Chairs,Chairs model 118,4269.11,1,0.15,487.82
IN-2022-100152,15-03-2022,20-03-2022,Standard Class,CU-1163,Swathi Pillai,Corporate,India,Kolkata,West Bengal,East,FUR-BOO-112,Furniture,Bookcases,Bookcases model 112,18183.01,5,0.4,-4169.3
IN-2025-104370,16-08-2025,21-08-2025,Standard Class,CU-1317,Rohit Kumar,Consumer,India,New Delhi,Delhi,North,TEC-MAC-103,Technology,Machines,Machines model 103,166561.72,8,0.0,26936.44
IN-2025-104876,08-12-2025,15-12-2025,Standard Class,CU-1211,Suresh Menon,Consumer,India,Kolkata,West Bengal,East,FUR-BOO-107,Furniture,Bookcases,Bookcases model 107,12254.23,2,0.1,1443.42
IN-2023-101794,02-10-2023,08-10-2023,Standard Class,CU-1351,Manoj Reddy,Consumer,India,Noida,Uttar Pradesh,north,TEC-MAC-127,Technology,Machines,Machines model 127,48066.95,2,0.0,5552.74
IN-2024-102261,01-02-2024,07-02-2024,Standard Class,CU-1458,Sneha Shah,Home Office,India,Amritsar,Punjab,North,TEC-ACC-120,Technology,Accessories,Accessories model 120,2304.32,2,0.0,927.68
IN-2022-100237,12-04-2022,14-04-2022,Second Class,CU-1474,Manoj Rao,Home Office,India,Hyderabad,Telangana,South,OFF-PAP-106,Office Supplies,Paper,Paper model 106,262.32,1,,75.98
IN-2023-101741,11-09-2023,16-09-2023,Standard Class,CU-1439,SNEHA SINGH,Consumer,India,Lucknow,Uttar Pradesh,North,FUR-TAB-129,Furniture,Tables,Tables model 129,8110.07,1,0.0,549.37
IN-2024-102865,25-07-2024,27-07-2024,Second Class,CU-1322,Ravi Kumar,Consumer,India,Hyderabad,Telangana,South,OFF-PAP-126,Office Supplies,Paper,Paper model 126,309.48,1,0.05,147.33
IN-2023-101408,23-05-2023,27-05-2023,Second Class,CU-1532,Neha Reddy,Corporate,India,Hyderabad,Telangana,South,OFF-STO-131,Office Supplies,Storage,Storage model 131,3464.6,2,0.15,881.91
IN-2023-101229,25-03-2023,31-03-2023,Standard Class,CU-1203,Ravi Shah,Home Office,India,Surat,Gujarat,West,OFF-BIN-128,Office Supplies,Binders,Binders model 128,466.69,1,0.0,182.54
IN-2023-102059,09-12-2023,10-12-2023,First Class,CU-1552,Priya Verma,Home Office,India,Jaipur,Rajasthan,West,OFF-BIN-135,Office Supplies,Binders,Binders model 135,946.52,2,0.0,393.98
IN-2025-104536,02-10-2025,05-10-2025,First Class,CU-1538,Manoj Pillai,Consumer,India,Surat,Gujarat,West,FUR-FUR-129,Furniture,Furnishings,Furnishings model 129,4080.74,3,0.05,1095.15
IN-2024-102156,02-01-2024,09-01-2024,Standard Class,CU-1558,Suresh Shah,Consumer,India,Noida,Uttar Pradesh,North,FUR-TAB-111,Furniture,Tables,Tables model 111,41284.77,4,0.0,3178.72
IN-2025-104256,19-07-2025,25-07-2025,Standard Class,CU-1451,Vivaan Das,Consumer,India,Patna,Bihar,East,OFF-LAB-114,Office Supplies,Labels,Labels model 114,136.77,1,0.1,58.22
IN-2023-101278,08-04-2023,13-04-2023,Standard Class,CU-1347,Ravi Reddy,Consumer,India,Chennai,Tamil Nadu,South,TEC-PHO-128,Technology,Phones,Phones model 128,13447.81,1,0.15,2360.28
IN-2025-103891,10-04-2025,16-04-2025,Standard Class,CU-1319,Nisha Rao,Corporate,India,Jaipur,Rajasthan,West,FUR-CHA-135,Furniture,Chairs,Chairs model 135,14034.13,4,0.25,645.84
IN-2023-101375,08-05-2023,08-05-2023,Same Day,CU-1036,Swathi Reddy,Consumer,India,Noida,Uttar Pradesh,North,OFF-PAP-135,Office Supplies,Paper,Paper model 135,1378.69,5,0.0,626.32
IN-2025-104787,18-11-2025,23-11-2025,Standard Class,CU-1410,Karthik Menon,Consumer,India,Jaipur,Rajasthan,West,FUR-CHA-100,Furniture,Chairs,Chairs model 100,21832.3,6,0.05,3177.93
IN-2025-104586,11-10-2025,14-10-2025,Second Class,CU-1256,Vivaan Sharma,Home Office,India,Bhubaneswar,Odisha,East,TEC-ACC-129,Technology,Accessories,Accessories model 129,5148.13,5,0.1,1592.44
IN-2024-103508,29-12-2024,02-01-2025,Standard Class,CU-1436,Ananya Verma,Consumer,India,Hyderabad,Telangana,South,TEC-COP-134,Technology,Copiers,Copiers model 134,144467.47,4,0.05,51736.05
IN-2022-100022,10-01-2022,14-01-2022,Standard Class,CU-1505,Ananya Rao,Consumer,India,Surat,Gujarat,West,TEC-COP-112,Technology,Copiers,Copiers model 112,58932.61,2,0.2,16246.0
IN-2023-101316,21-04-2023,28-04-2023,Standard Class,CU-1570,Rohit Kumar,Corporate,India,Kolkata,West Bengal,East,TEC-MAC-125,Technology,Machines,Machines model 125,76980.62,4,0.0,12336.45
IN-2022-100677,15-10-2022,21-10-2022,Standard Class,CU-1590,Ananya Reddy,Consumer,India,Noida,Uttar Pradesh,North,OFF-BIN-135,Office Supplies,Binders,Binders model 135,1554.03,4,0.15,531.04
IN-2023-101623,04-08-2023,06-08-2023,Second Class,CU-1034,Aditya Gupta,Consumer,India,Jaipur,Rajasthan,West,TEC-ACC-117,Technology,Accessories,Accessories model 117,2192.82,2,0.0,905.48
IN-2025-103671,13-02-2025,19-02-2025,Standard Class,CU-1469,Sneha Shah,Consumer,India,Pune,Maharashtra,West,OFF-LAB-101,Office Supplies,Labels,Labels model 101,1059.33,7,0.1,471.74
IN-2024-102973,28-08-2024,01-09-2024,Standard Class,CU-1403,Rohit Sharma,Consumer,India,Mysuru,Karnataka,South,OFF-ART-118,Office Supplies,Art,Art model 118,395.5,2,0.15,125.77
IN-2025-104263,21-07-2025,26-07-2025,Standard Class,CU-1299,Karthik Rao,Corporate,India,Patna,Bihar,East,OFF-PAP-120,Office Supplies,Paper,Paper model 120,1336.6,6,0.2,541.98
IN-2023-101531,01-07-2023,05-07-2023,Second Class,CU-1455,Rohit Reddy,Consumer,India,Salem,Tamil Nadu,South,TEC-ACC-104,Technology,Accessories,Accessories model 104,828.97,1,,133.17
IN-2025-104278,24-07-2025,27-07-2025,First Class,CU-1166,Karthik Verma,Consumer,India,Jaipur,Rajasthan,West,OFF-LAB-115,Office Supplies,Labels,Labels model 115,840.29,5,0.0,416.84
IN-2023-101681,25-08-2023,29-08-2023,Second Class,CU-1539,Manoj Gupta,Consumer,India,Surat,Gujarat,West,FUR-CHA-139,Furniture,Chairs,Chairs model 139,13020.18,4,0.35,-630.94
IN-2024-103480,23-12-2024,27-12-2024,Standard Class,CU-1052,Priya Reddy,Home Office,India,Ahmedabad,Gujarat,West,FUR-BOO-112,Furniture,Bookcases,Bookcases model 112,7385.78,1,0.0,1204.72
IN-2023-101070,28-01-2023,30-01-2023,First Class,CU-1017,Ananya Patel,Consumer,India,Bengaluru,Karnataka,South,FUR-BOO-137,Furniture,Bookcases,Bookcases model 137,5855.3,1,0.15,-108.68
IN-2025-104551,05-10-2025,12-10-2025,Standard Class,CU-1256,Vivaan Sharma,Home Office,India,Salem,Tamil Nadu,South,FUR-FUR-138,Furniture,Furnishings,Furnishings model 138,1355.15,1,0.1,341.29
IN-2024-102761,22-06-2024,27-06-2024,Standard Class,CU-1456,Suresh Verma,Home Office,India,Ludhiana,Punjab,North,FUR-BOO-116,Furniture,Bookcases,Bookcases model 116,21384.51,3,0.05,3617.32
IN-2024-102966,26-08-2024,28-08-2024,Second Class,CU-1522,Arjun Menon,Corporate,India,Thiruvananthapuram,Kerala,South,FUR-FUR-138,Furniture,Furnishings,Furnishings model 138,2469.82,2,0.2,368.63
IN-2025-103591,23-01-2025,26-01-2025,First Class,CU-1480,Suresh Das,Corporate,India,New Delhi,Delhi,North,OFF-STO-110,Office Supplies,Storage,Storage model 110,9852.86,6,0.15,2235.02
IN-2023-101104,13-02-2023,16-02-2023,First Class,CU-1537,Ravi Nair,Home Office,India,Bhubaneswar,Odisha,East,OFF-BIN-136,Office Supplies,Binders,Binders model 136,399.38,1,0.1,159.04
IN-2024-102502,09-04-2024,15-04-2024,Standard Class,CU-1174,Nisha Shah,Consumer,India,Noida,Uttar Pradesh,North,FUR-CHA-112,Furniture,Chairs,Chairs model 112,25872.7,6,,2405.93
IN-2022-100039,16-01-2022,21-01-2022,Standard Class,CU-1052,Priya Reddy,Home Office,India,Nagpur,Maharashtra,West,FUR-CHA-126,Furniture,Chairs,Chairs model 126,19092.81,6,0.25,874.01
IN-2025-104130,13-06-2025,17-06-2025,Standard Class,CU-1388,Divya Kumar,,India,Patna,Bihar,East,TEC-PHO-137,Technology,Phones,Phones model 137,40379.91,3,0.2,4584.06
IN-2024-102467,28-03-2024,03-04-2024,Standard Class,CU-1378,Manoj Rao,Consumer,India,Kolkata,West Bengal,East,FUR-BOO-125,Furniture,Bookcases,Bookcases model 125,7877.57,2,0.5,-2844.45
IN-2022-100880,06-12-2022,09-12-2022,First Class,CU-1083,Arjun Gupta,Consumer,India,Hyderabad,Telangana,South,OFF-STO-108,Office Supplies,Storage,Storage model 108,6142.47,3,0.0,1978.29
IN-2025-104223,09-07-2025,11-07-2025,Second Class,CU-1535,Kavya Kumar,Consumer,India,Kochi,Kerala,South,TEC-COP-135,Technology,Copiers,Copiers model 135,118723.59,5,0.4,5006.0
IN-2025-104000,11-05-2025,17-05-2025,Standard Class,CU-1245,Aditya Gupta,Corporate,India,Patna,Bihar,East,OFF-STO-136,Office Supplies,Storage,Storage model 136,4244.54,3,0.15,1001.91
IN-2025-104007,13-05-2025,19-05-2025,Standard Class,CU-1059,Aarav Verma,Corporate,India,Amritsar,Punjab,North,TEC-MAC-119,Technology,Machines,Machines model 119,33951.64,2,0.2,1509.33
IN-2025-103827,25-03-2025,27-03-2025,First Class,CU-1210,Rahul Iyer,Home Office,India,Amritsar,Punjab,North,OFF-LAB-136,Office Supplies,Labels,Labels model 136,162.23,1,0.05,75.3
IN-2023-101963,14-11-2023,19-11-2023,Standard Class,CU-1027,Isha Verma,Corporate,India,Ahmedabad,Gujarat,West,FUR-BOO-108,Furniture,Bookcases,Bookcases model 108,5411.53,1,0.2,162.12
IN-2025-104887,11-12-2025,15-12-2025,Standard Class,CU-1590,Ananya Reddy,Consumer,India,New Delhi,Delhi,North,FUR-CHA-106,Furniture,Chairs,Chairs model 106,11073.89,3,0.1,1573.62
IN-2024-102175,08-01-2024,15-01-2024,Standard Class,CU-1428,Ashok Reddy,Consumer,India,Ahmedabad,Gujarat,West,OFF-STO-107,Office Supplies,Storage,Storage model 107,5634.61,3,0.05,1715.32
IN-2024-103041,17-09-2024,23-09-2024,Standard Class,CU-1170,Meera Sharma,Home Office,India,Hyderabad,Telangana,South,OFF-ART-129,Office Supplies,Art,Art model 129,1036.75,5,0.15,343.67
IN-2024-103159,15-10-2024,18-10-2024,Second Class,CU-1387,Rohit Gupta,Home Office,India,Surat,Gujarat,West,OFF-PAP-129,Office Supplies,Paper,Paper model 129,300.22,1,0.0,146.84
IN-2023-101012,09-01-2023,13-01-2023,Standard Class,CU-1319,Nisha Rao,Corporate,India,New Delhi,Delhi,North,OFF-ART-126,Office Supplies,Art,Art model 126,518.58,2,0.0,213.87
IN-2024-103178,19-10-2024,22-10-2024,First Class,CU-1440,Vikram Menon,Corporate,India,Pune,Maharashtra,West,FUR-BOO-138,Furniture,Bookcases,Bookcases model 138,17570.5,3,0.1,2026.93
IN-2024-102589,02-05-2024,05-05-2024,Second Class,CU-1205,Vivaan Sharma,Home Office,India,Madurai,Tamil Nadu,South,OFF-STO-135,Office Supplies,Storage,Storage model 135,8052.43,5,0.1,2025.65
IN-2025-104395,24-08-2025,29-08-2025,Standard Class,CU-1415,Manoj Joshi,Consumer,India,Coimbatore,Tamil Nadu,South,TEC-COP-110,Technology,Copiers,Copiers model 110,98058.07,3,0.1,30720.92
IN-2022-100819,20-11-2022,27-11-2022,Standard Class,CU-1168,Deepak Sharma,Corporate,India,Amritsar,Punjab,North,TEC-ACC-131,Technology,Accessories,Accessories model 131,2630.78,2,0.0,1073.41
IN-2025-104713,02-11-2025,09-11-2025,Standard Class,CU-1567,Aditya Sharma,Corporate,India,Kolkata,West Bengal,East,OFF-LAB-130,Office Supplies,Labels,Labels model 130,564.18,5,0.15,258.45
IN-2025-104227,10-07-2025,11-07-2025,First Class,CU-1340,Vikram Iyer,Consumer,India,New Delhi,Delhi,North,TEC-PHO-111,Technology,Phones,Phones model 111,28364.27,3,0.3,824.15
IN-2025-104871,07-12-2025,10-12-2025,Second Class,CU-1559,Nisha Iyer,Corporate,India,Amritsar,Punjab,North,TEC-COP-132,Technology,Copiers,Copiers model 132,44575.93,2,0.4,741.19
IN-2023-101126,19-02-2023,20-02-2023,First Class,CU-1489,Vivaan Nair,Consumer,India,Hyderabad,Telangana,South,TEC-PHO-123,Technology,Phones,Phones model 123,34488.69,2,0.0,8136.37
IN-2022-100381,06-06-2022,07-06-2022,First Class,CU-1013,Pooja Verma,Consumer,India,Ludhiana,Punjab,North,TEC-PHO-129,Technology,Phones,Phones model 129,31882.65,3,0.2,3082.93
IN-2022-100854,29-11-2022,05-12-2022,Standard Class,CU-1524,Rahul Iyer,Corporate,India,Salem,Tamil Nadu,South,FUR-FUR-124,Furniture,Furnishings,Furnishings model 124,3006.37,2,0.05,882.24
IN-2023-101124,18-02-2023,22-02-2023,Standard Class,CU-1386,Priya Reddy,Corporate,India,Jaipur,Rajasthan,West,OFF-ART-116,Office Supplies,Art,Art model 116,155.34,1,0.4,-0.67
IN-2023-101100,10-02-2023,14-02-2023,Standard Class,CU-1591,Pooja Verma,Consumer,India,Pune,Maharashtra,West,OFF-LAB-125,Office Supplies,Labels,Labels model 125,131.96,1,0.2,46.85
IN-2024-102366,02-03-2024,07-03-2024,Standard Class,CU-1223,Aarav Patel,Corporate,India,Ahmedabad,Gujarat,West,FUR-FUR-134,Furniture,Furnishings,Furnishings model 134,1236.72,1,,290.25
IN-2025-104451,04-09-2025,05-09-2025,First Class,CU-1169,Sneha Sharma,Corporate,India,New Delhi,Delhi,North,OFF-BIN-126,Office Supplies,Binders,Binders model 126,665.62,2,0.3,129.09
IN-2025-104477,11-09-2025,14-09-2025,First Class,CU-1010,Manoj Pillai,Corporate,India,Jaipur,Rajasthan,West,OFF-STO-110,Office Supplies,Storage,Storage model 110,5090.81,3,0.05,1626.85
IN-2025-103706,23-02-2025,27-02-2025,Standard Class,CU-1451,Vivaan Das,Consumer,India,Thiruvananthapuram,Kerala,South,TEC-MAC-101,Technology,Machines,Machines model 101,18836.92,1,0.0,2816.72
IN-2024-102426,18-03-2024,22-03-2024,Standard Class,CU-1531,Isha Shah,Corporate,India,Bhubaneswar,Odisha,East,TEC-PHO-120,Technology,Phones,Phones model 120,65970.06,6,0.15,11652.17
IN-2024-103141,12-10-2024,16-10-2024,Standard Class,CU-1418,Kavya Rao,Corporate,India,Jaipur,Rajasthan,West,FUR-BOO-117,Furniture,Bookcases,Bookcases model 117,10949.01,2,0.15,245.41
IN-2024-102767,24-06-2024,26-06-2024,First Class,CU-1361,Isha Das,Consumer,India,Salem,Tamil Nadu,South,OFF-BIN-102,Office Supplies,Binders,Binders model 102,1580.34,5,0.3,291.89
IN-2025-104006,12-05-2025,14-05-2025,Second Class,CU-1105,Swathi Sharma,Consumer,India,Bhubaneswar,Odisha,East,TEC-ACC-127,Technology,Accessories,Accessories model 127,2610.99,3,0.2,617.98
IN-2022-100309,10-05-2022,14-05-2022,Standard Class,CU-1583,Aarav Iyer,Home Office,India,Mysuru,Karnataka,SOUTH ,TEC-PHO-111,Technology,Phones,Phones model 111,13650.61,1,0.05,2462.82
IN-2024-103496,26-12-2024,31-12-2024,Standard Class,CU-1038,Rahul Kumar,Consumer,India,Hyderabad,Telangana,South,OFF-PAP-100,Office Supplies,Paper,Paper model 100,333.81,1,0.0,161.06
IN-2025-104317,03-08-2025,07-08-2025,Standard Class,CU-1464,Priya Iyer,Home Office,India,Amritsar,Punjab,North,OFF-STO-124,Office Supplies,Storage,Storage model 124,1510.9,1,0.1,345.05
IN-2023-101627,07-08-2023,09-08-2023,Second Class,CU-1419,Ashok Verma,Home Office,India,Kochi,Kerala,South,OFF-LAB-124,Office Supplies,Labels,Labels model 124,604.51,4,0.05,253.6
IN-2022-100455,15-07-2022,21-07-2022,Standard Class,CU-1591,Pooja Verma,Consumer,India,Thiruvananthapuram,Kerala,South,FUR-CHA-122,Furniture,Chairs,Chairs model 122,13863.57,3,0.1,1962.35
IN-2022-100520,11-08-2022,13-08-2022,First Class,CU-1167,Meera Rao,Home Office,India,Chennai,Tamil Nadu,South,FUR-CHA-127,Furniture,Chairs,Chairs model 127,11860.16,3,0.0,2313.23
IN-2024-102190,12-01-2024,18-01-2024,Standard Class,CU-1522,Arjun Menon,Corporate,India,Surat,Gujarat,West,TEC-PHO-123,Technology,Phones,Phones model 123,13558.44,1,0.0,3459.65
IN-2025-104306,31-07-2025,05-08-2025,Standard Class,CU-1446,Vivaan Singh,Home Office,India,Patna,Bihar,East,OFF-ART-111,Office Supplies,Art,Art model 111,237.62,2,0.45,-26.51
IN-2023-101864,19-10-2023,25-10-2023,Standard Class,CU-1152,Rahul Gupta,Consumer,India,Ludhiana,Punjab,North,OFF-LAB-135,Office Supplies,Labels,Labels model 135,577.56,4,0.1,268.33
IN-2025-104330,06-08-2025,07-08-2025,First Class,CU-1377,Meera Reddy,Consumer,India,Nagpur,Maharashtra,West,OFF-BIN-102,Office Supplies,Binders,Binders model 102,2041.72,5,0.15,574.65
IN-2025-103946,26-04-2025,03-05-2025,Standard Class,CU-1338,Neha Gupta,Consumer,India,Chennai,Tamil Nadu,South,TEC-MAC-108,Technology,Machines,Machines model 108,105115.47,8,0.3,-8293.52
IN-2024-102637,16-05-2024,21-05-2024,Standard Class,CU-1403,Rohit Sharma,Consumer,India,Mumbai,Maharashtra,West,FUR-TAB-118,Furniture,Tables,Tables model 118,32022.99,4,0.05,2121.58
IN-2025-104979,28-12-2025,03-01-2026,Standard Class,CU-1140,Neha Joshi,Home Office,India,Salem,Tamil Nadu,South,TEC-COP-121,Technology,Copiers,Copiers model 121,47518.79,2,0.3,5669.65
IN-2023-101074,31-01-2023,03-02-2023,Second Class,CU-1062,Sneha Sharma,Consumer,India,Bhubaneswar,Odisha,East,FUR-CHA-114,Furniture,Chairs,Chairs model 114,15049.75,4,0.2,1738.29
IN-2024-102487,03-04-2024,08-04-2024,Standard Class,CU-1300,Lakshmi Shah,Corporate,India,Mumbai,Maharashtra,West,OFF-STO-125,Office Supplies,Storage,Storage model 125,3117.97,2,0.1,737.47
IN-2024-103106,06-10-2024,10-10-2024,Second Class,CU-1576,Ashok Iyer,Home Office,India,Noida,Uttar Pradesh,North,FUR-BOO-133,Furniture,Bookcases,Bookcases model 133,20008.45,3,0.05,2536.09
IN-2022-100778,11-11-2022,13-11-2022,First Class,CU-1328,Ananya Pillai,Consumer,India,Kolkata,West Bengal,East,FUR-BOO-136,Furniture,Bookcases,Bookcases model 136,21521.09,4,0.1,2823.01
IN-2024-102667,25-05-2024,28-05-2024,Second Class,CU-1291,Meera Das,Corporate,India,Jaipur,Rajasthan,West,TEC-MAC-104,Technology,Machines,Machines model 104,48325.84,2,0.0,5728.59
IN-2023-101055,22-01-2023,26-01-2023,Standard Class,CU-1061,Arjun Gupta,Corporate,India,Amritsar,Punjab,North,TEC-PHO-115,Technology,Phones,Phones model 115,29838.54,2,0.0,8889.31
IN-2025-104801,22-11-2025,29-11-2025,Standard Class,CU-1599,Sneha Reddy,Corporate,India,New Delhi,Delhi,North,FUR-CHA-113,Furniture,Chairs,Chairs model 113,4305.18,1,0.0,879.39
IN-2025-104042,21-05-2025,25-05-2025,Second Class,CU-1290,Arjun Pillai,Consumer,India,Amritsar,Punjab,North,OFF-STO-127,Office Supplies,Storage,Storage model 127,1832.87,1,0.1,443.04
IN-2025-104431,31-08-2025,04-09-2025,Second Class,CU-1108,Aarav Rao,Corporate,India,Bengaluru,Karnataka,south,FUR-TAB-102,Furniture,Tables,Tables model 102,11147.86,2,0.4,-3544.44
IN-2022-100923,17-12-2022,23-12-2022,Standard Class,CU-1372,Ananya Pillai,Consumer,India,Jaipur,Rajasthan,West,FUR-BOO-137,Furniture,Bookcases,Bookcases model 137,13511.35,2,0.15,234.92
IN-2022-100313,12-05-2022,14-05-2022,Second Class,CU-1015,Kavya Iyer,,India,Patna,Bihar,East,FUR-TAB-119,Furniture,Tables,Tables model 119,7262.33,1,0.15,49.48
IN-2022-100158,16-03-2022,22-03-2022,Standard Class,CU-1164,Rohit Pillai,Corporate,India,Bhubaneswar,Odisha,East,TEC-MAC-106,Technology,Machines,Machines model 106,18953.12,1,0.15,1317.4
IN-2022-100196,29-03-2022,05-04-2022,Standard Class,CU-1515,Neha Verma,Consumer,India,Patna,Bihar,East,OFF-LAB-120,Office Supplies,Labels,Labels model 120,912.87,7,0.05,441.96
IN-2023-102100,21-12-2023,26-12-2023,Standard Class,CU-1065,Pooja Sharma,Corporate,India,Mysuru,Karnataka,South,TEC-PHO-132,Technology,Phones,Phones model 132,41883.4,3,0.1,10607.58
IN-2025-104513,23-09-2025,29-09-2025,Standard Class,CU-1231,Manoj Gupta,Consumer,India,Patna,Bihar,East,FUR-CHA-111,Furniture,Chairs,Chairs model 111,14222.21,4,0.1,2079.13
IN-2024-102449,24-03-2024,30-03-2024,Standard Class,CU-1082,Swathi Reddy,Consumer,India,Noida,Uttar Pradesh,North,TEC-MAC-124,Technology,Machines,Machines model 124,39920.95,2,0.1,3007.49
IN-2025-104250,17-07-2025,19-07-2025,First Class,CU-1139,Rahul Patel,Consumer,India,New Delhi,Delhi,North,OFF-ART-131,Office Supplies,Art,Art model 131,239.26,1,0.1,77.28
IN-2025-103927,19-04-2025,23-04-2025,Second Class,CU-1252,Arjun Joshi,Consumer,India,Thiruvananthapuram,Kerala,South,FUR-TAB-127,Furniture,Tables,Tables model 127,55839.23,6,0.05,906.14
IN-2022-100273,25-04-2022,01-05-2022,Standard Class,CU-1413,Swathi Pillai,Consumer,India,Patna,Bihar,East,FUR-CHA-131,Furniture,Chairs,Chairs model 131,24329.91,6,0.1,2979.12
IN-2023-101523,28-06-2023,02-07-2023,Second Class,CU-1579,Divya Kumar,Consumer,India,Bhubaneswar,Odisha,East,TEC-MAC-129,Technology,Machines,Machines model 129,63844.66,3,0.1,8685.91
IN-2023-101209,20-03-2023,22-03-2023,Second Class,CU-1345,Swathi Verma,Corporate,India,Hyderabad,Telangana,South,FUR-BOO-105,Furniture,Bookcases,Bookcases model 105,13475.54,2,0.1,1656.78
IN-2025-104982,29-12-2025,05-01-2026,Standard Class,CU-1141,Kavya Kumar,Consumer,India,Bhubaneswar,Odisha,East,FUR-TAB-132,Furniture,Tables,Tables model 132,7624.06,1,0.2,-436.94
IN-2025-104850,03-12-2025,07-12-2025,Standard Class,CU-1125,Aditya Singh,Consumer,India,Mumbai,Maharashtra,West,FUR-FUR-111,Furniture,Furnishings,Furnishings model 111,3638.34,3,0.2,558.37
IN-2025-104264,21-07-2025,25-07-2025,Second Class,CU-1316,Ashok Joshi,Home Office,India,Jaipur,Rajasthan,West,OFF-BIN-115,Office Supplies,Binders,Binders model 115,3188.84,7,0.0,1313.56
IN-2025-104446,03-09-2025,08-09-2025,Standard Class,CU-1272,Rohit Pillai,Home Office,India,Ahmedabad,Gujarat,West,TEC-PHO-128,Technology,Phones,Phones model 128,87853.22,6,0.05,22332.32
IN-2024-103059,23-09-2024,30-09-2024,Standard Class,CU-1438,Rahul Rao,Home Office,India,Amritsar,Punjab,North,TEC-ACC-138,Technology,Accessories,Accessories model 138,3812.22,3,0.0,1610.65
IN-2023-101750,18-09-2023,19-09-2023,First Class,CU-1028,Priya Rao,Corporate,India,Mysuru,Karnataka,South,FUR-CHA-136,Furniture,Chairs,Chairs model 136,2997.18,1,0.3,-97.44
IN-2025-104543,03-10-2025,08-10-2025,Standard Class,CU-1537,Ravi Nair,Home Office,India,New Delhi,Delhi,North,OFF-ART-110,Office Supplies,Art,Art model 110,1095.89,4,0.0,416.67
IN-2023-101426,26-05-2023,30-05-2023,Second Class,CU-1434,Lakshmi Pillai,Corporate,India,Jaipur,Rajasthan,West,TEC-ACC-130,Technology,Accessories,Accessories model 130,2437.4,3,0.3,251.7
IN-2022-100978,30-12-2022,04-01-2023,Standard Class,CU-1459,Meera Sharma,Consumer,India,Ludhiana,Punjab,North,TEC-ACC-115,Technology,Accessories,Accessories model 115,2044.09,3,0.4,43.85
IN-2025-104383,19-08-2025,26-08-2025,Standard Class,CU-1271,Nisha Shah,Corporate,India,Ahmedabad,Gujarat,West,OFF-LAB-110,Office Supplies,Labels,Labels model 110,609.27,4,0.1,270.81
IN-2025-104569,08-10-2025,12-10-2025,Standard Class,CU-1375,Kavya Verma,Home Office,India,Jaipur,Rajasthan,West,OFF-PAP-107,Office Supplies,Paper,Paper model 107,561.68,2,0.0,276.13
IN-2025-103823,25-03-2025,30-03-2025,Standard Class,CU-1588,Rohit Das,Corporate,India,Ahmedabad,Gujarat,West,OFF-ART-139,Office Supplies,Art,Art model 139,430.64,2,0.1,162.71
IN-2022-100376,04-06-2022,08-06-2022,Standard Class,CU-1600,Nisha Patel,Corporate,India,Coimbatore,Tamil Nadu,South,TEC-ACC-117,Technology,Accessories,Accessories model 117,2302.79,2,0.0,975.16
IN-2023-101778,29-09-2023,03-10-2023,Standard Class,CU-1249,Karthik Nair,Corporate,India,Ahmedabad,Gujarat,West,OFF-ART-120,Office Supplies,Art,Art model 120,2005.12,8,0.05,874.08
IN-2025-104018,15-05-2025,20-05-2025,Standard Class,CU-1225,Divya Kumar,Corporate,India,Kolkata,West Bengal,East,TEC-PHO-117,Technology,Phones,Phones model 117,101778.55,8,0.25,10039.11
IN-2024-102598,04-05-2024,10-05-2024,Standard Class,CU-1570,Rohit Kumar,Corporate,India,Mumbai,Maharashtra,West,FUR-BOO-120,Furniture,Bookcases,Bookcases model 120,9384.01,2,0.25,-80.53
IN-2024-103483,23-12-2024,27-12-2024,Second Class,CU-1570,Rohit Kumar,Corporate,India,Jaipur,Rajasthan,West,TEC-PHO-137,Technology,Phones,Phones model 137,79921.12,5,0.0,21876.66
IN-2023-101169,05-03-2023,12-03-2023,Standard Class,CU-1454,Pooja Das,Consumer,India,Bhubaneswar,Odisha,East,TEC-ACC-134,Technology,Accessories,Accessories model 134,9940.84,8,0.05,2605.65
IN-2022-100813,18-11-2022,22-11-2022,Standard Class,CU-1294,Ravi Iyer,Consumer,India,Kolkata,West Bengal,East,OFF-BIN-139,Office Supplies,Binders,Binders model 139,766.46,2,0.0,310.43
IN-2024-103079,29-09-2024,03-10-2024,Second Class,CU-1320,Pooja Verma,Home Office,India,Thiruvananthapuram,Kerala,South,OFF-ART-117,Office Supplies,Art,Art model 117,812.27,3,0.0,354.39
IN-2024-102800,08-07-2024,08-07-2024,Same Day,CU-1048,Rohit Patel,Corporate,India,Coimbatore,Tamil Nadu,South,TEC-COP-138,Technology,Copiers,Copiers model 138,123998.58,5,0.2,34132.77
IN-2023-101022,12-01-2023,14-01-2023,Second Class,CU-1559,Nisha Iyer,Corporate,India,Jaipur,Rajasthan,West,OFF-BIN-134,Office Supplies,Binders,Binders model 134,1541.16,4,0.0,615.1
IN-2023-101944,10-11-2023,13-11-2023,First Class,CU-1336,Kavya Iyer,Corporate,India,Kochi,Kerala,South,OFF-PAP-124,Office Supplies,Paper,Paper model 124,510.86,2,0.05,230.56
IN-2024-103057,22-09-2024,27-09-2024,Standard Class,CU-1197,Priya Gupta,Corporate,India,Lucknow,Uttar Pradesh,North,OFF-ART-136,Office Supplies,Art,Art model 136,193.13,1,0.2,54.13
IN-2023-102122,25-12-2023,29-12-2023,Standard Class,CU-1215,Ashok Kumar,Corporate,India,Jaipur,Rajasthan,West,OFF-LAB-113,Office Supplies,Labels,Labels model 113,424.64,3,0.1,187.88
IN-2025-103934,21-04-2025,28-04-2025,Standard Class,CU-1598,Nisha Joshi,Consumer,India,Chennai,Tamil Nadu,South,FUR-BOO-110,Furniture,Bookcases,Bookcases model 110,39136.79,6,0.15,1747.21
IN-2024-102560,25-04-2024,28-04-2024,Second Class,CU-1175,Neha Gupta,Consumer,India,Nagpur,Maharashtra,West,OFF-BIN-131,Office Supplies,Binders,Binders model 131,816.55,3,0.4,59.31
IN-2025-103708,23-02-2025,23-02-2025,Same Day,CU-1578,Suresh Gupta,Consumer,India,Ahmedabad,Gujarat,West,FUR-FUR-101,Furniture,Furnishings,Furnishings model 101,1448.01,1,0.05,319.75
IN-2024-103458,19-12-2024,20-12-2024,First Class,CU-1248,Ashok Verma,Corporate,India,Ahmedabad,Gujarat,West,FUR-TAB-108,Furniture,Tables,Tables model 108,11620.86,2,0.4,-3101.7
IN-2023-101757,21-09-2023,26-09-2023,Standard Class,CU-1231,Manoj Gupta,Consumer,India,Ahmedabad,Gujarat,West,OFF-PAP-109,Office Supplies,Paper,Paper model 109,1104.15,4,0.0,587.59
IN-2025-103793,20-03-2025,24-03-2025,Standard Class,CU-1084,Suresh Pillai,Corporate,India,New Delhi,Delhi,North,OFF-BIN-124,Office Supplies,Binders,Binders model 124,320.54,1,0.2,86.41
IN-2024-102644,18-05-2024,22-05-2024,Standard Class,CU-1418,Kavya Rao,Corporate,India,Amritsar,Punjab,North,FUR-TAB-123,Furniture,Tables,Tables model 123,35494.6,5,0.1,361.44
IN-2023-101737,10-09-2023,11-09-2023,First Class,CU-1415,Manoj Joshi,Consumer,India,Thiruvananthapuram,Kerala,South,TEC-COP-126,Technology,Copiers,Copiers model 126,38490.96,1,0.0,17743.16
IN-2022-100378,04-06-2022,10-06-2022,Standard Class,CU-1517,Meera Das,Home Office,India,Chennai,Tamil Nadu,South,OFF-ART-121,Office Supplies,Art,Art model 121,278.33,1,0.0,106.18
IN-2025-104291,28-07-2025,04-08-2025,Standard Class,CU-1547,Sneha Patel,Consumer,India,Kolkata,West Bengal,East,OFF-LAB-117,Office Supplies,Labels,Labels model 117,160.46,1,0.05,65.63
IN-2025-104837,30-11-2025,05-12-2025,Standard Class,CU-1217,Manoj Rao,Home Office,India,Ahmedabad,Gujarat,West,OFF-BIN-133,Office Supplies,Binders,Binders model 133,1996.4,5,0.15,762.65
IN-2024-102739,15-06-2024,19-06-2024,Standard Class,CU-1223,Aarav Patel,Corporate,India,Nagpur,Maharashtra,West,OFF-BIN-137,Office Supplies,Binders,Binders model 137,2176.62,6,0.1,875.64
IN-2025-104506,20-09-2025,24-09-2025,Standard Class,CU-1463,Kavya Iyer,Consumer,India,Bengaluru,Karnataka,South,OFF-BIN-113,Office Supplies,Binders,Binders model 113,1263.57,3,0.0,510.66
IN-2025-104534,01-10-2025,05-10-2025,Standard Class,CU-1170,Meera Sharma,Home Office,India,Amritsar,Punjab,North,TEC-COP-124,Technology,Copiers,Copiers model 124,151264.84,5,0.15,42749.82
IN-2025-104062,27-05-2025,30-05-2025,Second Class,CU-1231,Manoj Gupta,Consumer,India,Mumbai,Maharashtra,West,FUR-TAB-114,Furniture,Tables,Tables model 114,41143.09,5,0.2,-1885.09
IN-2025-103900,12-04-2025,12-04-2025,Same Day,CU-1463,Kavya Iyer,Consumer,India,Madurai,Tamil Nadu,South,TEC-MAC-118,Technology,Machines,Machines model 118,104909.27,5,,7036.19
IN-2023-101564,15-07-2023,20-07-2023,Standard Class,CU-1181,Arjun Joshi,Consumer,India,Mysuru,Karnataka,South,OFF-BIN-127,Office Supplies,Binders,Binders model 127,782.64,2,0.2,262.45
IN-2024-102217,18-01-2024,25-01-2024,Standard Class,CU-1156,Ananya Das,Consumer,India,Kolkata,West Bengal,East,OFF-STO-104,Office Supplies,Storage,Storage model 104,6057.04,4,0.25,811.3
IN-2025-104267,22-07-2025,29-07-2025,Standard Class,CU-1066,Isha Iyer,Home Office,India,Jaipur,Rajasthan,West,TEC-MAC-102,Technology,Machines,Machines model 102,72962.7,3,0.0,10666.41
IN-2022-100650,07-10-2022,10-10-2022,First Class,CU-1123,Isha Menon,Home Office,India,Amritsar,Punjab,North,FUR-TAB-121,Furniture,Tables,Tables model 121,24132.53,3,0.05,907.66
IN-2024-102639,17-05-2024,21-05-2024,Standard Class,CU-1099,Ravi Gupta,Home Office,India,New Delhi,Delhi,North,TEC-ACC-131,Technology,Accessories,Accessories model 131,1299.32,1,0.0,519.56
IN-2025-103957,28-04-2025,30-04-2025,First Class,CU-1118,Karthik Joshi,Corporate,India,Amritsar,Punjab,North,TEC-COP-137,Technology,Copiers,Copiers model 137,68370.24,2,0.0,28800.81
IN-2025-103696,20-02-2025,22-02-2025,Second Class,CU-1314,Vivaan Verma,Consumer,India,Kochi,Kerala,South,FUR-CHA-122,Furniture,Chairs,Chairs model 122,7291.74,2,0.05,1495.58
IN-2025-103598,25-01-2025,26-01-2025,First Class,CU-1403,Rohit Sharma,Consumer,India,Coimbatore,Tamil Nadu,South,TEC-MAC-112,Technology,Machines,Machines model 112,15783.8,1,0.2,134.26
IN-2025-104588,12-10-2025,13-10-2025,First Class,CU-1053,Ashok Verma,Corporate,India,Amritsar,Punjab,North,OFF-LAB-101,Office Supplies,Labels,Labels model 101,493.74,3,0.0,297.02
IN-2024-103350,24-11-2024,28-11-2024,Standard Class,CU-1359,Karthik Gupta,Consumer,India,Amritsar,Punjab,North,FUR-BOO-103,Furniture,Bookcases,Bookcases model 103,15147.11,3,0.2,959.63
IN-2023-101855,17-10-2023,19-10-2023,First Class,CU-1394,Neha Pillai,Consumer,India,Surat,Gujarat,West,TEC-COP-128,Technology,Copiers,Copiers model 128,107501.08,3,0.0,47914.84
IN-2023-101965,15-11-2023,17-11-2023,Second Class,CU-1347,Ravi Reddy,Consumer,India,Madurai,Tamil Nadu,South,OFF-STO-101,Office Supplies,Storage,Storage model 101,4949.59,3,0.15,1024.01
IN-2022-100464,18-07-2022,22-07-2022,Second Class,CU-1474,Manoj Rao,Home Office,India,Hyderabad,Telangana,South,FUR-CHA-128,Furniture,Chairs,Chairs model 128,4804.66,1,0.05,826.85
IN-2024-103220,28-10-2024,03-11-2024,Standard Class,CU-1411,Neha Kumar,Corporate,India,Noida,Uttar Pradesh,North,OFF-ART-126,Office Supplies,Art,Art model 126,610.89,3,0.15,164.72
IN-2025-104893,12-12-2025,16-12-2025,Standard Class,CU-1285,Neha Singh,Corporate,India,Bhubaneswar,Odisha,East,OFF-BIN-136,Office Supplies,Binders,Binders model 136,1898.62,5,0.2,585.31
IN-2025-103824,25-03-2025,01-04-2025,Standard Class,CU-1300,Lakshmi Shah,Corporate,India,Kolkata,West Bengal,East,TEC-COP-110,Technology,Copiers,Copiers model 110,180973.3,7,0.2,45720.93
IN-2024-102747,19-06-2024,19-06-2024,Same Day,CU-1547,Sneha Patel,Consumer,India,Noida,Uttar Pradesh,North,OFF-STO-114,Office Supplies,Storage,Storage model 114,1845.4,1,0.0,526.17
IN-2023-101735,10-09-2023,11-09-2023,First Class,CU-1057,Neha Patel,Corporate,India,Mysuru,Karnataka,South,FUR-CHA-112,Furniture,Chairs,Chairs model 112,28347.61,6,0.0,5326.22
IN-2024-102689,01-06-2024,04-06-2024,First Class,CU-1400,Pooja Rao,Corporate,India,Jaipur,Rajasthan,West,FUR-FUR-116,Furniture,Furnishings,Furnishings model 116,2539.34,2,0.05,735.2
IN-2022-100247,16-04-2022,19-04-2022,Second Class,CU-1124,Neha Menon,Consumer,India,Jaipur,Rajasthan,West,TEC-COP-103,Technology,Copiers,Copiers model 103,33849.82,1,0.1,11689.67
IN-2024-102666,25-05-2024,28-05-2024,First Class,CU-1294,Ravi Iyer,Consumer,India,Amritsar,Punjab,North,TEC-ACC-119,Technology,Accessories,Accessories model 119,3888.95,4,0.1,1227.54
IN-2025-103884,08-04-2025,15-04-2025,Standard Class,CU-1235,Arjun Iyer,Consumer,India,Mysuru,Karnataka,South,FUR-TAB-117,Furniture,Tables,Tables model 117,7653.42,1,0.0,441.94
IN-2025-103768,14-03-2025,20-03-2025,Standard Class,CU-1275,Rahul Verma,Consumer,India,Madurai,Tamil Nadu,South,TEC-PHO-118,Technology,Phones,Phones model 118,33897.43,2,0.0,6582.51
IN-2022-100139,11-03-2022,15-03-2022,Standard Class,CU-1332,Manoj Iyer,Consumer,India,Jaipur,Rajasthan,West,FUR-BOO-113,Furniture,Bookcases,Bookcases model 113,29053.06,4,0.0,4173.94
IN-2023-101505,21-06-2023,28-06-2023,Standard Class,CU-1370,Divya Singh,Consumer,India,Surat,Gujarat,West,FUR-FUR-112,Furniture,Furnishings,Furnishings model 112,2190.93,2,0.15,434.73
IN-2023-101692,29-08-2023,04-09-2023,Standard Class,CU-1175,Neha Gupta,Consumer,India,Coimbatore,Tamil Nadu,South,TEC-MAC-137,Technology,Machines,Machines model 137,109330.04,6,0.2,9182.99
IN-2023-101088,05-02-2023,11-02-2023,Standard Class,CU-1487,Ravi Sharma,,India,Ahmedabad,Gujarat,West,FUR-CHA-122,Furniture,Chairs,Chairs model 122,18792.65,5,0.05,2642.21
IN-2022-100940,21-12-2022,23-12-2022,First Class,CU-1182,Isha Sharma,Consumer,India,Jaipur,Rajasthan,West,OFF-ART-129,Office Supplies,Art,Art model 129,483.45,2,0.0,174.8
IN-2022-100941,21-12-2022,25-12-2022,Standard Class,CU-1128,Ashok Reddy,Corporate,India,New Delhi,Delhi,North,FUR-CHA-132,Furniture,Chairs,Chairs model 132,4262.07,1,0.1,617.03
IN-2022-100126,04-03-2022,06-03-2022,First Class,CU-1091,Manoj Joshi,Home Office,India,Ahmedabad,Gujarat,West,TEC-PHO-116,Technology,Phones,Phones model 116,29074.98,2,0.0,8517.13
IN-2023-101742,12-09-2023,19-09-2023,Standard Class,CU-1438,Rahul Rao,Home Office,India,Kolkata,West Bengal,East,OFF-PAP-103,Office Supplies,Paper,Paper model 103,1158.33,4,0.1,452.4
IN-2024-103364,27-11-2024,01-12-2024,Second Class,CU-1200,Swathi Nair,Consumer,India,Lucknow,Uttar Pradesh,North,TEC-COP-121,Technology,Copiers,Copiers model 121,124180.48,4,0.0,49662.26
IN-2023-101832,11-10-2023,15-10-2023,Second Class,CU-1590,Ananya Reddy,Consumer,India,Bhubaneswar,Odisha,East,TEC-ACC-134,Technology,Accessories,Accessories model 134,741.55,1,0.3,131.51
IN-2024-103234,01-11-2024,08-11-2024,Standard Class,CU-1587,Meera Reddy,Corporate,India,Mumbai,Maharashtra,West,OFF-LAB-135,Office Supplies,Labels,Labels model 135,326.2,2,0.0,151.6
IN-2024-103119,08-10-2024,12-10-2024,Standard Class,CU-1013,Pooja Verma,Consumer,India,Ahmedabad,Gujarat,West,OFF-LAB-139,Office Supplies,Labels,Labels model 139,151.56,1,0.0,81.69
IN-2023-101417,25-05-2023,29-05-2023,Standard Class,CU-1028,Priya Rao,Corporate,India,Hyderabad,Telangana,South,FUR-CHA-111,Furniture,Chairs,Chairs model 111,7866.09,2,0.05,1885.31
IN-2024-103501,27-12-2024,31-12-2024,Standard Class,CU-1517,Meera Das,Home Office,India,Surat,Gujarat,West,OFF-STO-120,Office Supplies,Storage,Storage model 120,3456.19,2,0.15,872.39
IN-2023-101236,28-03-2023,02-04-2023,Standard Class,CU-1082,Swathi Reddy,Consumer,India,Kolkata,West Bengal,East,TEC-MAC-107,Technology,Machines,Machines model 107,92942.19,4,0.0,13160.97
IN-2024-103212,25-10-2024,28-10-2024,First Class,CU-1527,Manoj Patel,Consumer,India,Hyderabad,Telangana,South,OFF-LAB-117,Office Supplies,Labels,Labels model 117,116.23,1,0.2,40.41
IN-2024-102442,22-03-2024,28-03-2024,Standard Class,CU-1394,Neha Pillai,Consumer,India,New Delhi,Delhi,north,OFF-BIN-107,Office Supplies,Binders,Binders model 107,403.93,1,0.0,167.06
IN-2025-103805,22-03-2025,29-03-2025,Standard Class,CU-1194,Aarav Rao,Home Office,India,Jaipur,Rajasthan,West,OFF-ART-100,Office Supplies,Art,Art model 100,449.49,2,0.1,157.59
IN-2025-104549,05-10-2025,11-10-2025,Standard Class,CU-1146,Aditya Pillai,Consumer,India,Jaipur,Rajasthan,West,TEC-ACC-128,Technology,Accessories,Accessories model 128,845.35,1,0.2,211.05
IN-2024-102213,17-01-2024,19-01-2024,First Class,CU-1143,Pooja Gupta,Consumer,India,Ludhiana,Punjab,North,FUR-TAB-105,Furniture,Tables,Tables model 105,17228.8,2,0.15,-692.44
IN-2025-103930,20-04-2025,26-04-2025,Standard Class,CU-1476,Kavya Das,Consumer,India,Bengaluru,Karnataka,South,TEC-COP-128,Technology,Copiers,Copiers model 128,65545.85,2,0.1,22658.4
IN-2023-102053,08-12-2023,12-12-2023,Standard Class,CU-1566,Aarav Shah,Consumer,India,Ahmedabad,Gujarat,West,OFF-LAB-134,Office Supplies,Labels,Labels model 134,329.81,3,0.15,128.63
IN-2024-102940,15-08-2024,21-08-2024,Standard Class,CU-1134,Arjun Patel,Consumer,India,Jaipur,Rajasthan,West,FUR-FUR-131,Furniture,Furnishings,Furnishings model 131,5056.66,3,0.0,1657.68
IN-2025-104251,17-07-2025,21-07-2025,Standard Class,CU-1077,KAVYA IYER,Corporate,India,Noida,Uttar Pradesh,North,FUR-BOO-100,Furniture,Bookcases,Bookcases model 100,13549.68,2,0.05,1496.61
IN-2022-100839,24-11-2022,29-11-2022,Standard Class,CU-1499,Suresh Menon,Consumer,India,Lucknow,Uttar Pradesh,North,OFF-PAP-101,Office Supplies,Paper,Paper model 101,270.3,1,0.05,116.16
IN-2022-100726,28-10-2022,29-10-2022,First Class,CU-1391,Suresh Reddy,Home Office,India,Lucknow,Uttar Pradesh,North,OFF-ART-122,Office Supplies,Art,Art model 122,1050.01,4,0.0,382.57
IN-2022-100233,11-04-2022,14-04-2022,First Class,CU-1081,Vikram Sharma,Home Office,India,Kochi,Kerala,South,OFF-ART-111,Office Supplies,Art,Art model 111,243.62,1,0.0,107.36
IN-2023-101163,03-03-2023,10-03-2023,Standard Class,CU-1510,Meera Kumar,Consumer,India,Bhubaneswar,Odisha,East,TEC-COP-132,Technology,Copiers,Copiers model 132,25391.45,1,0.15,8657.41
IN-2022-100686,18-10-2022,19-10-2022,First Class,CU-1009,Aditya Gupta,Consumer,India,Surat,Gujarat,West,TEC-MAC-128,Technology,Machines,Machines model 128,69175.48,3,0.0,11587.85
IN-2025-104239,13-07-2025,18-07-2025,Standard Class,CU-1234,Ashok Menon,Home Office,India,Coimbatore,Tamil Nadu,South,FUR-FUR-137,Furniture,Furnishings,Furnishings model 137,1376.36,1,0.1,371.72
IN-2023-101042,19-01-2023,20-01-2023,First Class,CU-1261,Lakshmi Pillai,Consumer,India,Thiruvananthapuram,Kerala,South,OFF-STO-135,Office Supplies,Storage,Storage model 135,7397.94,4,0.0,2127.36
IN-2022-100699,21-10-2022,23-10-2022,Second Class,CU-1048,Rohit Patel,Corporate,India,Jaipur,Rajasthan,West,OFF-ART-106,Office Supplies,Art,Art model 106,210.46,1,0.2,44.33
IN-2024-103310,17-11-2024,23-11-2024,Standard Class,CU-1529,Deepak Joshi,Consumer,India,Bhubaneswar,Odisha,East,FUR-CHA-134,Furniture,Chairs,Chairs model 134,10260.1,3,0.15,951.39
IN-2024-102808,09-07-2024,10-07-2024,First Class,CU-1164,Rohit Pillai,Corporate,India,Chennai,Tamil Nadu,South,OFF-BIN-121,Office Supplies,Binders,Binders model 121,437.56,1,0.0,185.11
IN-2025-104962,26-12-2025,01-01-2026,Standard Class,CU-1036,Swathi Reddy,Consumer,India,Kolkata,West Bengal,East,OFF-ART-114,Office Supplies,Art,Art model 114,890.05,5,0.35,100.64
IN-2023-101095,08-02-2023,15-02-2023,Standard Class,CU-1557,Ananya Menon,,India,Mumbai,Maharashtra,West,OFF-BIN-136,Office Supplies,Binders,Binders model 136,378.28,1,0.05,163.57
IN-2023-102001,25-11-2023,30-11-2023,Standard Class,CU-1022,Sneha Rao,Consumer,India,Kochi,Kerala,South,TEC-COP-102,Technology,Copiers,Copiers model 102,30913.38,1,0.2,7926.01
IN-2025-104084,02-06-2025,03-06-2025,First Class,CU-1300,Lakshmi Shah,Corporate,India,Jaipur,Rajasthan,WEST ,FUR-CHA-101,Furniture,Chairs,Chairs model 101,13888.89,3,0.0,3809.1
IN-2023-101872,21-10-2023,24-10-2023,Second Class,CU-1200,Swathi Nair,Consumer,India,New Delhi,Delhi,North,TEC-ACC-118,Technology,Accessories,Accessories model 118,3004.33,3,0.05,896.07
IN-2022-100289,02-05-2022,02-05-2022,Same Day,CU-1222,Rahul Verma,Consumer,India,Noida,Uttar Pradesh,North,FUR-TAB-109,Furniture,Tables,Tables model 109,5298.72,1,0.4,-1493.88
IN-2025-103704,23-02-2025,25-02-2025,Second Class,CU-1255,Ravi Das,Consumer,India,New Delhi,Delhi,North,FUR-TAB-116,Furniture,Tables,Tables model 116,44942.03,6,0.1,2120.29
IN-2023-101298,13-04-2023,20-04-2023,Standard Class,CU-1540,Priya Menon,Consumer,India,Jaipur,Rajasthan,West,OFF-STO-118,Office Supplies,Storage,Storage model 118,2898.95,3,0.4,-251.04
IN-2025-104889,11-12-2025,15-12-2025,Standard Class,CU-1421,Nisha Kumar,Corporate,India,Mumbai,Maharashtra,West,TEC-MAC-114,Technology,Machines,Machines model 114,23260.17,1,0.0,4765.45
IN-2024-102414,16-03-2024,17-03-2024,First Class,CU-1170,Meera Sharma,,India,Madurai,Tamil Nadu,South,OFF-LAB-114,Office Supplies,Labels,Labels model 114,142.55,1,0.15,59.99
IN-2022-100256,20-04-2022,23-04-2022,Second Class,CU-1301,Manoj Das,Corporate,India,Madurai,Tamil Nadu,South,TEC-COP-137,Technology,Copiers,Copiers model 137,25003.12,1,0.2,5214.11
IN-2023-101374,08-05-2023,08-05-2023,Same Day,CU-1556,Nisha Iyer,Consumer,India,Jaipur,Rajasthan,West,OFF-LAB-104,Office Supplies,Labels,Labels model 104,251.33,2,0.15,95.47
IN-2024-103157,15-10-2024,19-10-2024,Standard Class,CU-1288,Lakshmi Pillai,Consumer,India,Mysuru,Karnataka,South,TEC-MAC-111,Technology,Machines,Machines model 111,71650.76,3,0.05,7670.36
IN-2023-102022,29-11-2023,06-12-2023,Standard Class,CU-1331,Aditya Patel,Home Office,India,Patna,Bihar,East,FUR-BOO-116,Furniture,Bookcases,Bookcases model 116,25597.24,5,,1444.81
IN-2025-104840,30-11-2025,04-12-2025,Standard Class,CU-1415,Manoj Joshi,Consumer,India,Thiruvananthapuram,Kerala,South,OFF-STO-124,Office Supplies,Storage,Storage model 124,1698.47,1,0.0,542.22
IN-2025-104996,31-12-2025,06-01-2026,Standard Class,CU-1024,Manoj Singh,Consumer,India,Salem,Tamil Nadu,South,OFF-PAP-106,Office Supplies,Paper,Paper model 106,527.76,2,0.15,224.35
IN-2024-102181,10-01-2024,10-01-2024,Same Day,CU-1544,Swathi Verma,Corporate,India,Lucknow,Uttar Pradesh,North,TEC-PHO-135,Technology,Phones,Phones model 135,84805.6,5,0.0,23428.13
IN-2025-104784,17-11-2025,23-11-2025,Standard Class,CU-1592,Neha Sharma,Consumer,India,New Delhi,Delhi,North,TEC-MAC-108,Technology,Machines,Machines model 108,20881.4,1,0.0,3150.19
IN-2025-103978,05-05-2025,07-05-2025,First Class,CU-1577,Deepak Sharma,Consumer,India,Amritsar,Punjab,North,OFF-PAP-119,Office Supplies,Paper,Paper model 119,797.75,3,0.15,283.56
IN-2024-103100,04-10-2024,10-10-2024,Standard Class,CU-1306,Pooja Gupta,Corporate,India,Ludhiana,Punjab,North,OFF-PAP-103,Office Supplies,Paper,Paper model 103,688.81,2,0.0,350.48
IN-2024-103287,12-11-2024,13-11-2024,First Class,CU-1129,Manoj Pillai,Consumer,India,Patna,Bihar,East,OFF-STO-125,Office Supplies,Storage,Storage model 125,4692.91,4,0.25,462.88
IN-2022-100491,30-07-2022,05-08-2022,Standard Class,CU-1561,Rohit Menon,Consumer,India,Hyderabad,Telangana,South,FUR-FUR-121,Furniture,Furnishings,Furnishings model 121,10708.76,8,0.15,2515.83
IN-2023-101622,04-08-2023,07-08-2023,Second Class,CU-1498,Rohit Joshi,Consumer,India,Bhubaneswar,Odisha,East,FUR-CHA-102,Furniture,Chairs,Chairs model 102,4216.6,1,0.05,1050.81
IN-2025-104351,12-08-2025,16-08-2025,Second Class,CU-1142,Deepak Reddy,Consumer,India,Mumbai,Maharashtra,West,OFF-LAB-126,Office Supplies,Labels,Labels model 126,134.24,1,0.0,73.15
IN-2023-101197,13-03-2023,19-03-2023,Standard Class,CU-1074,Nisha Patel,Corporate,India,Bhubaneswar,Odisha,East,FUR-FUR-123,Furniture,Furnishings,Furnishings model 123,1332.08,1,0.05,334.11
IN-2023-101219,23-03-2023,28-03-2023,Standard Class,CU-1106,Nisha Rao,Corporate,India,Bhubaneswar,Odisha,East,OFF-BIN-126,Office Supplies,Binders,Binders model 126,421.48,1,0.05,159.45
IN-2025-104448,03-09-2025,07-09-2025,Second Class,CU-1398,Manoj Kumar,Consumer,India,Bhubaneswar,Odisha,East,OFF-STO-129,Office Supplies,Storage,Storage model 129,3246.95,2,0.2,563.86
IN-2022-100087,14-02-2022,18-02-2022,Second Class,CU-1167,Meera Rao,Home Office,India,Mumbai,Maharashtra,West,OFF-ART-108,Office Supplies,Art,Art model 108,774.03,4,0.15,268.84
IN-2024-103121,08-10-2024,13-10-2024,Standard Class,CU-1485,Ravi Gupta,Consumer,India,Thiruvananthapuram,Kerala,South,TEC-MAC-102,Technology,Machines,Machines model 102,101004.95,5,0.05,17789.93
IN-2022-100885,07-12-2022,10-12-2022,First Class,CU-1028,Priya Rao,Corporate,India,Amritsar,Punjab,North,FUR-FUR-139,Furniture,Furnishings,Furnishings model 139,6069.88,4,0.05,1542.38
IN-2025-104287,26-07-2025,01-08-2025,Standard Class,CU-1364,Vivaan Reddy,Consumer,India,Salem,Tamil Nadu,South,OFF-BIN-132,Office Supplies,Binders,Binders model 132,865.94,2,0.15,309.07
IN-2022-100982,31-12-2022,31-12-2022,Same Day,CU-1348,Deepak Joshi,Corporate,India,Bhubaneswar,Odisha,East,OFF-LAB-137,Office Supplies,Labels,Labels model 137,313.89,2,0.05,151.39
IN-2025-103579,20-01-2025,27-01-2025,Standard Class,CU-1299,Karthik Rao,Corporate,India,Patna,Bihar,East,TEC-MAC-120,Technology,Machines,Machines model 120,14260.69,1,0.25,-306.62
IN-2022-100038,16-01-2022,20-01-2022,Standard Class,CU-1047,Divya Nair,Consumer,India,Kolkata,West Bengal,East,OFF-BIN-137,Office Supplies,Binders,Binders model 137,1378.35,4,0.1,507.97
IN-2023-101241,30-03-2023,03-04-2023,Standard Class,CU-1236,Lakshmi Nair,Consumer,India,Kolkata,West Bengal,East,OFF-PAP-130,Office Supplies,Paper,Paper model 130,212.38,1,0.2,75.03
IN-2022-100822,20-11-2022,24-11-2022,Standard Class,CU-1555,Priya Shah,Consumer,India,Mysuru,Karnataka,South,OFF-PAP-125,Office Supplies,Paper,Paper model 125,335.51,1,0.0,154.45
IN-2023-101826,10-10-2023,17-10-2023,Standard Class,CU-1519,Ananya Singh,Consumer,India,Amritsar,Punjab,North,TEC-ACC-125,Technology,Accessories,Accessories model 125,2015.28,2,0.15,616.28
IN-2025-104295,29-07-2025,31-07-2025,First Class,CU-1345,Swathi Verma,Corporate,India,Ludhiana,Punjab,North,OFF-PAP-125,Office Supplies,Paper,Paper model 125,1165.54,5,0.2,385.96
IN-2024-103467,21-12-2024,23-12-2024,Second Class,CU-1337,Karthik Shah,Corporate,India,Pune,Maharashtra,West,OFF-ART-107,Office Supplies,Art,Art model 107,1002.37,5,0.1,313.19
IN-2022-100780,12-11-2022,19-11-2022,Standard Class,CU-1216,Swathi Joshi,Corporate,India,New Delhi,Delhi,North,OFF-ART-110,Office Supplies,Art,Art model 110,202.72,1,0.15,51.44
IN-2024-102387,08-03-2024,15-03-2024,Standard Class,CU-1322,Ravi Kumar,Consumer,India,Bhubaneswar,Odisha,East,TEC-MAC-102,Technology,Machines,Machines model 102,18672.78,1,0.15,944.69
IN-2024-103412,08-12-2024,10-12-2024,Second Class,CU-1044,Isha Rao,Consumer,India,Hyderabad,Telangana,South,FUR-FUR-130,Furniture,Furnishings,Furnishings model 130,3207.48,2,0.0,1083.82
IN-2024-102403,12-03-2024,14-03-2024,First Class,CU-1123,Isha Menon,Home Office,India,Kolkata,West Bengal,East,OFF-ART-104,Office Supplies,Art,Art model 104,1243.73,5,0.05,512.77
IN-2023-101282,09-04-2023,11-04-2023,Second Class,CU-1220,Kavya Verma,Corporate,India,Salem,Tamil Nadu,South,TEC-PHO-113,Technology,Phones,Phones model 113,48258.73,3,0.0,13233.38
IN-2024-103086,01-10-2024,05-10-2024,Second Class,CU-1064,Karthik Patel,Consumer,India,Kolkata,West Bengal,East,TEC-ACC-101,Technology,Accessories,Accessories model 101,1229.82,1,0.05,433.55
IN-2025-103907,14-04-2025,20-04-2025,Standard Class,CU-1079,Aditya Patel,Corporate,India,Surat,Gujarat,West,OFF-LAB-138,Office Supplies,Labels,Labels model 138,269.12,2,0.1,122.77
IN-2025-104994,30-12-2025,03-01-2026,Second Class,CU-1356,Nisha Shah,Corporate,India,Bhubaneswar,Odisha,East,TEC-MAC-114,Technology,Machines,Machines model 114,117009.56,6,0.05,15062.32
IN-2024-103453,18-12-2024,22-12-2024,Standard Class,CU-1109,Rahul Sharma,Consumer,India,Thiruvananthapuram,Kerala,South,FUR-FUR-126,Furniture,Furnishings,Furnishings model 126,4856.57,3,0.05,1254.44
IN-2024-102822,13-07-2024,18-07-2024,Standard Class,CU-1308,Arjun Patel,Corporate,India,Jaipur,Rajasthan,West,FUR-BOO-111,Furniture,Bookcases,Bookcases model 111,39835.61,6,0.15,3133.96
IN-2024-103481,23-12-2024,25-12-2024,First Class,CU-1534,Divya Singh,Corporate,India,Kolkata,West Bengal,East,OFF-ART-118,Office Supplies,Art,Art model 118,684.57,3,0.1,249.34
IN-2025-104275,23-07-2025,26-07-2025,First Class,CU-1456,Suresh Verma,Home Office,India,New Delhi,Delhi,North,OFF-BIN-127,Office Supplies,Binders,Binders model 127,1240.27,3,0.1,466.39
IN-2025-103988,07-05-2025,09-05-2025,First Class,CU-1379,Neha Patel,Home Office,India,Ludhiana,Punjab,North,OFF-PAP-114,Office Supplies,Paper,Paper model 114,691.1,4,0.4,34.53
IN-2023-101204,19-03-2023,23-03-2023,Second Class,CU-1023,Isha Pillai,Corporate,India,Patna,Bihar,East,FUR-TAB-122,Furniture,Tables,Tables model 122,36333.52,6,0.25,-1409.44
IN-2024-102592,02-05-2024,09-05-2024,Standard Class,CU-1001,Aditya Verma,Consumer,India,Thiruvananthapuram,Kerala,South,FUR-CHA-110,Furniture,Chairs,Chairs model 110,4764.02,1,0.0,1194.27
IN-2025-104488,14-09-2025,19-09-2025,Standard Class,CU-1027,Isha Verma,Corporate,India,Nagpur,Maharashtra,West,OFF-BIN-139,Office Supplies,Binders,Binders model 139,386.06,1,0.0,166.41
IN-2025-104720,04-11-2025,10-11-2025,Standard Class,CU-1196,Manoj Menon,Consumer,India,Salem,Tamil Nadu,South,OFF-ART-112,Office Supplies,Art,Art model 112,181.4,1,0.3,18.17
IN-2022-100603,20-09-2022,20-09-2022,Same Day,CU-1161,Pooja Joshi,Consumer,India,Jaipur,Rajasthan,West,OFF-LAB-116,Office Supplies,Labels,Labels model 116,601.84,4,0.05,235.25
IN-2025-103719,27-02-2025,04-03-2025,Standard Class,CU-1165,Isha Menon,Consumer,India,Lucknow,Uttar Pradesh,North,TEC-ACC-128,Technology,Accessories,Accessories model 128,7806.23,8,0.05,2695.02
IN-2022-100407,20-06-2022,25-06-2022,Standard Class,CU-1240,Ananya Menon,Consumer,India,Surat,Gujarat,west,OFF-ART-101,Office Supplies,Art,Art model 101,170.06,1,0.4,2.19
IN-2025-103585,21-01-2025,25-01-2025,Standard Class,CU-1074,Nisha Patel,Corporate,India,Kochi,Kerala,South,OFF-LAB-130,Office Supplies,Labels,Labels model 130,507.54,4,0.05,261.71
IN-2025-104197,02-07-2025,09-07-2025,Standard Class,CU-1295,Suresh Iyer,Consumer,India,Jaipur,Rajasthan,West,FUR-FUR-109,Furniture,Furnishings,Furnishings model 109,1175.58,1,0.15,184.64
IN-2024-102440,21-03-2024,27-03-2024,Standard Class,CU-1163,Swathi Pillai,Corporate,India,Surat,Gujarat,West,OFF-LAB-122,Office Supplies,Labels,Labels model 122,583.76,5,0.15,205.45
IN-2022-100916,14-12-2022,17-12-2022,Second Class,CU-1235,Arjun Iyer,Consumer,India,Kochi,Kerala,South,TEC-COP-100,Technology,Copiers,Copiers model 100,27687.79,1,0.1,8717.3
IN-2025-104307,31-07-2025,07-08-2025,Standard Class,CU-1336,Kavya Iyer,Corporate,India,New Delhi,Delhi,North,OFF-PAP-121,Office Supplies,Paper,Paper model 121,270.03,1,0.1,111.82
IN-2024-102238,26-01-2024,28-01-2024,First Class,CU-1557,Ananya Menon,Home Office,India,Jaipur,Rajasthan,West,OFF-BIN-128,Office Supplies,Binders,Binders model 128,267.82,1,0.4,5.71
IN-2024-102996,04-09-2024,11-09-2024,Standard Class,CU-1299,Karthik Rao,Corporate,India,New Delhi,Delhi,North,FUR-BOO-136,Furniture,Bookcases,Bookcases model 136,6450.27,1,0.05,577.68
IN-2025-104781,17-11-2025,21-11-2025,Second Class,CU-1340,Vikram Iyer,Consumer,India,Kolkata,West Bengal,EAST ,TEC-MAC-137,Technology,Machines,Machines model 137,46337.22,3,0.2,635.49
IN-2024-102853,20-07-2024,26-07-2024,Standard Class,CU-1568,Aditya Shah,Consumer,India,New Delhi,Delhi,North,OFF-PAP-112,Office Supplies,Paper,Paper model 112,467.35,2,0.15,190.84
IN-2025-103841,29-03-2025,03-04-2025,Standard Class,CU-1535,Kavya Kumar,Consumer,India,New Delhi,Delhi,North,FUR-TAB-106,Furniture,Tables,Tables model 106,16412.97,2,0.15,117.86
IN-2022-100227,09-04-2022,15-04-2022,Standard Class,CU-1036,Swathi Reddy,Consumer,India,Nagpur,Maharashtra,West,TEC-COP-123,Technology,Copiers,Copiers model 123,177121.45,5,0.05,64961.39
IN-2025-104760,14-11-2025,16-11-2025,Second Class,CU-1528,Suresh Patel,Corporate,India,Lucknow,Uttar Pradesh,North,OFF-STO-133,Office Supplies,Storage,Storage model 133,4707.2,3,0.05,1324.16
IN-2024-103007,08-09-2024,11-09-2024,First Class,CU-1505,Ananya Rao,Consumer,India,Lucknow,Uttar Pradesh,North,OFF-STO-125,Office Supplies,Storage,Storage model 125,1947.08,1,0.0,666.36
IN-2025-104568,08-10-2025,09-10-2025,First Class,CU-1204,Lakshmi Patel,Home Office,India,Bhubaneswar,Odisha,East,OFF-BIN-104,Office Supplies,Binders,Binders model 104,380.08,1,0.2,105.7
IN-2022-100435,06-07-2022,13-07-2022,Standard Class,CU-1161,Pooja Joshi,Consumer,India,Surat,Gujarat,west,OFF-STO-136,Office Supplies,Storage,Storage model 136,14136.89,8,0.05,3799.78
IN-2022-100383,07-06-2022,13-06-2022,Standard Class,CU-1227,Priya Rao,Consumer,India,Ahmedabad,Gujarat,West,OFF-PAP-105,Office Supplies,Paper,Paper model 105,215.82,1,0.2,68.32
IN-2025-104888,11-12-2025,14-12-2025,Second Class,CU-1212,Aarav Kumar,Consumer,India,Hyderabad,Telangana,South,TEC-ACC-131,Technology,Accessories,Accessories model 131,1057.92,1,0.1,329.83
IN-2025-104793,20-11-2025,23-11-2025,Second Class,CU-1140,Neha Joshi,Home Office,India,Jaipur,Rajasthan,West,TEC-MAC-128,Technology,Machines,Machines model 128,150505.07,7,0.0,24023.33
IN-2025-104473,10-09-2025,14-09-2025,Second Class,CU-1304,Priya Joshi,Consumer,India,Lucknow,Uttar Pradesh,North,TEC-PHO-117,Technology,Phones,Phones model 117,25538.09,2,0.1,5454.37
IN-2023-101922,03-11-2023,08-11-2023,Standard Class,CU-1123,Isha Menon,Home Office,India,New Delhi,Delhi,North,TEC-PHO-115,Technology,Phones,Phones model 115,14557.72,1,0.1,2708.68
IN-2025-103876,05-04-2025,06-04-2025,First Class,CU-1029,Kavya Nair,Corporate,India,Pune,Maharashtra,West,TEC-PHO-133,Technology,Phones,Phones model 133,51791.88,4,0.05,14268.42
IN-2024-102741,16-06-2024,22-06-2024,Standard Class,CU-1600,Nisha Patel,Corporate,India,Coimbatore,Tamil Nadu,South,TEC-MAC-102,Technology,Machines,Machines model 102,27371.57,2,0.3,-1623.38
IN-2023-101362,05-05-2023,09-05-2023,Standard Class,CU-1131,Vikram Iyer,Home Office,India,Surat,Gujarat,West,FUR-FUR-101,Furniture,Furnishings,Furnishings model 101,5311.71,4,0.2,896.35
IN-2024-102657,23-05-2024,30-05-2024,Standard Class,CU-1221,Aditya Pillai,Consumer,India,Bhubaneswar,Odisha,East,TEC-PHO-103,Technology,Phones,Phones model 103,15431.58,1,0.05,3467.36
IN-2022-100326,17-05-2022,21-05-2022,Standard Class,CU-1430,Pooja Singh,Consumer,India,Coimbatore,Tamil Nadu,South,FUR-BOO-136,Furniture,Bookcases,Bookcases model 136,23762.71,4,0.05,1539.16
IN-2022-100748,05-11-2022,10-11-2022,Standard Class,CU-1082,Swathi Reddy,Consumer,India,Jaipur,Rajasthan,West,OFF-STO-111,Office Supplies,Storage,Storage model 111,4549.84,3,0.2,920.5
IN-2025-104792,20-11-2025,25-11-2025,Standard Class,CU-1342,Kavya Kumar,Consumer,India,Jaipur,Rajasthan,West,TEC-PHO-107,Technology,Phones,Phones model 107,28971.73,3,0.3,2946.84
IN-2025-104067,30-05-2025,03-06-2025,Standard Class,CU-1177,Arjun Gupta,Corporate,India,Jaipur,Rajasthan,West,OFF-ART-126,Office Supplies,Art,Art model 126,201.91,1,0.15,66.24
IN-2025-104767,15-11-2025,19-11-2025,Standard Class,CU-1396,Suresh Reddy,Consumer,India,Kolkata,West Bengal,East,FUR-CHA-132,Furniture,Chairs,Chairs model 132,2461.95,1,0.4,-344.84
IN-2025-104290,28-07-2025,01-08-2025,Standard Class,CU-1297,Ananya Patel,Corporate,India,Kochi,Kerala,South,OFF-ART-109,Office Supplies,Art,Art model 109,1713.74,8,0.0,766.71
IN-2024-102505,10-04-2024,10-04-2024,Same Day,CU-1457,Isha Joshi,Home Office,India,Kolkata,West Bengal,East,FUR-CHA-118,Furniture,Chairs,Chairs model 118,6921.41,2,0.25,104.44
IN-2025-104710,02-11-2025,09-11-2025,Standard Class,CU-1524,Rahul Iyer,Corporate,India,Mumbai,Maharashtra,West,OFF-BIN-108,Office Supplies,Binders,Binders model 108,423.42,1,0.1,175.36
IN-2024-103204,24-10-2024,31-10-2024,Standard Class,CU-1030,Aarav Iyer,Consumer,India,Thiruvananthapuram,Kerala,South,FUR-BOO-133,Furniture,Bookcases,Bookcases model 133,6775.34,1,0.1,599.75
IN-2024-102722,10-06-2024,14-06-2024,Second Class,CU-1158,Divya Singh,Consumer,India,New Delhi,Delhi,North,FUR-CHA-121,Furniture,Chairs,Chairs model 121,13202.88,3,0.05,2196.47
IN-2024-103372,28-11-2024,04-12-2024,Standard Class,CU-1471,Ravi Reddy,Home Office,India,Chennai,Tamil Nadu,South,FUR-FUR-103,Furniture,Furnishings,Furnishings model 103,5913.59,6,0.35,245.46
IN-2022-100782,12-11-2022,16-11-2022,Second Class,CU-1213,Rahul Menon,Corporate,India,Patna,Bihar,East,OFF-BIN-117,Office Supplies,Binders,Binders model 117,369.32,1,0.05,171.84
IN-2022-100637,05-10-2022,07-10-2022,First Class,CU-1574,Rohit Verma,Corporate,India,Patna,Bihar,East,OFF-PAP-133,Office Supplies,Paper,Paper model 133,479.46,2,0.25,140.27
IN-2023-101013,09-01-2023,15-01-2023,Standard Class,CU-1471,Ravi Reddy,Home Office,India,Mysuru,Karnataka,South,FUR-CHA-122,Furniture,Chairs,Chairs model 122,25919.91,6,0.05,4162.38
IN-2025-103796,20-03-2025,24-03-2025,Standard Class,CU-1228,Ravi Sharma,Consumer,India,Nagpur,Maharashtra,West,TEC-PHO-102,Technology,Phones,Phones model 102,81262.28,6,0.0,22039.53
IN-2022-100744,03-11-2022,08-11-2022,Standard Class,CU-1463,Kavya Iyer,Consumer,India,Ludhiana,Punjab,North,OFF-STO-138,Office Supplies,Storage,Storage model 138,5446.7,5,0.3,721.28
IN-2023-101120,17-02-2023,21-02-2023,Standard Class,CU-1571,Isha Singh,Corporate,India,Ahmedabad,Gujarat,West,TEC-ACC-101,Technology,Accessories,Accessories model 101,3917.56,4,0.2,1013.52
IN-2024-102787,03-07-2024,10-07-2024,Standard Class,CU-1192,Ravi Verma,Consumer,India,Mumbai,Maharashtra,West,OFF-STO-101,Office Supplies,Storage,Storage model 101,10674.81,6,0.1,2544.14
IN-2024-102939,14-08-2024,17-08-2024,First Class,CU-1218,Priya Kumar,Consumer,India,Noida,Uttar Pradesh,North,OFF-BIN-137,Office Supplies,Binders,Binders model 137,398.15,1,0.0,173.83
IN-2025-104496,17-09-2025,17-09-2025,Same Day,CU-1391,Suresh Reddy,Home Office,India,New Delhi,Delhi,North,TEC-COP-112,Technology,Copiers,Copiers model 112,39990.0,1,0.0,14786.35
IN-2022-100078,08-02-2022,13-02-2022,Standard Class,CU-1220,Kavya Verma,Corporate,India,Amritsar,Punjab,North,OFF-PAP-113,Office Supplies,Paper,Paper model 113,272.78,1,0.15,93.84
IN-2024-103173,18-10-2024,21-10-2024,Second Class,CU-1009,Aditya Gupta,Consumer,India,Hyderabad,Telangana,South,TEC-PHO-118,Technology,Phones,Phones model 118,25060.71,2,0.1,5623.5
IN-2024-103301,16-11-2024,22-11-2024,Standard Class,CU-1496,Pooja Menon,Corporate,India,Ludhiana,Punjab,North,FUR-CHA-104,Furniture,Chairs,Chairs model 104,21928.08,5,0.1,2310.5
IN-2022-100073,06-02-2022,10-02-2022,Second Class,CU-1169,Sneha Sharma,Corporate,India,Madurai,Tamil Nadu,South,FUR-CHA-108,Furniture,Chairs,Chairs model 108,6533.61,2,0.2,725.27
IN-2025-103533,05-01-2025,05-01-2025,Same Day,CU-1351,Manoj Reddy,Consumer,India,Ahmedabad,Gujarat,West,OFF-PAP-120,Office Supplies,Paper,Paper model 120,520.99,2,0.0,234.53
IN-2024-102851,19-07-2024,20-07-2024,First Class,CU-1590,Ananya Reddy,Consumer,India,Ahmedabad,Gujarat,West,OFF-PAP-101,Office Supplies,Paper,Paper model 101,1630.53,5,0.0,900.82
IN-2024-103257,06-11-2024,11-11-2024,Standard Class,CU-1106,Nisha Rao,Corporate,India,Lucknow,Uttar Pradesh,North,FUR-CHA-133,Furniture,Chairs,Chairs model 133,8118.8,2,0.2,333.86
IN-2025-104123,13-06-2025,15-06-2025,First Class,CU-1274,Manoj Singh,Consumer,India,Lucknow,Uttar Pradesh,North,FUR-CHA-126,Furniture,Chairs,Chairs model 126,7227.62,2,0.25,641.29
IN-2023-101141,24-02-2023,28-02-2023,Second Class,CU-1378,Manoj Rao,Consumer,India,Jaipur,Rajasthan,West,FUR-FUR-112,Furniture,Furnishings,Furnishings model 112,10537.57,7,0.05,2844.83
IN-2024-103516,31-12-2024,07-01-2025,Standard Class,CU-1168,Deepak Sharma,Corporate,India,Nagpur,Maharashtra,West,TEC-COP-108,Technology,Copiers,Copiers model 108,60679.52,2,0.15,20436.7
IN-2023-101353,03-05-2023,09-05-2023,Standard Class,CU-1202,Neha Verma,Consumer,India,Mumbai,Maharashtra,West,OFF-BIN-126,Office Supplies,Binders,Binders model 126,926.26,2,0.0,355.09
IN-2023-101183,08-03-2023,12-03-2023,Standard Class,CU-1257,Rahul Kumar,Consumer,India,Ludhiana,Punjab,North,OFF-BIN-118,Office Supplies,Binders,Binders model 118,472.57,1,0.0,199.56
IN-2023-101313,19-04-2023,22-04-2023,Second Class,CU-1245,Aditya Gupta,Corporate,India,Amritsar,Punjab,North,TEC-ACC-115,Technology,Accessories,Accessories model 115,5315.07,4,0.0,2359.69
IN-2024-102997,06-09-2024,11-09-2024,Standard Class,CU-1499,Suresh Menon,Consumer,India,Nagpur,Maharashtra,West,TEC-ACC-118,Technology,Accessories,Accessories model 118,1879.2,2,0.2,445.58
IN-2023-101921,03-11-2023,07-11-2023,Standard Class,CU-1481,Ravi Gupta,Consumer,India,Bhubaneswar,Odisha,East,OFF-BIN-133,Office Supplies,Binders,Binders model 133,1680.46,5,0.25,355.36
IN-2023-101047,21-01-2023,25-01-2023,Second Class,CU-1085,Swathi Patel,Home Office,India,Kolkata,West Bengal,East,FUR-TAB-123,Furniture,Tables,Tables model 123,8890.97,1,0.05,638.61
IN-2022-100697,21-10-2022,26-10-2022,Standard Class,CU-1417,Kavya Singh,Corporate,India,Patna,Bihar,East,OFF-ART-134,Office Supplies,Art,Art model 134,790.06,4,0.2,177.79
IN-2024-103317,19-11-2024,21-11-2024,Second Class,CU-1227,Priya Rao,Consumer,India,Mumbai,Maharashtra,West,TEC-ACC-125,Technology,Accessories,Accessories model 125,2438.49,2,0.1,865.65
IN-2024-103085,01-10-2024,04-10-2024,First Class,CU-1331,Aditya Patel,Home Office,India,Bengaluru,Karnataka,South,FUR-CHA-125,Furniture,Chairs,Chairs model 125,2316.68,1,0.45,-531.13
IN-2025-104315,03-08-2025,04-08-2025,First Class,CU-1019,Priya Sharma,Consumer,India,Noida,Uttar Pradesh,North,TEC-MAC-121,Technology,Machines,Machines model 121,100816.56,5,0.0,17304.69
IN-2025-104678,27-10-2025,03-11-2025,Standard Class,CU-1133,Deepak Joshi,Consumer,India,Nagpur,Maharashtra,West,TEC-PHO-105,Technology,Phones,Phones model 105,38878.31,3,0.0,10832.22
IN-2024-102702,05-06-2024,07-06-2024,First Class,CU-1371,Arjun Kumar,Consumer,India,Bengaluru,Karnataka,South,FUR-TAB-137,Furniture,Tables,Tables model 137,16326.11,2,0.2,-2395.56
IN-2024-103185,20-10-2024,27-10-2024,Standard Class,CU-1368,Isha Kumar,Corporate,India,Jaipur,Rajasthan,West,FUR-TAB-108,Furniture,Tables,Tables model 108,27298.5,3,0.05,951.86
IN-2023-101371,08-05-2023,14-05-2023,Standard Class,CU-1569,Suresh Nair,Consumer,India,Madurai,Tamil Nadu,South,OFF-PAP-104,Office Supplies,Paper,Paper model 104,1155.27,4,0.15,519.04
IN-2022-100980,30-12-2022,01-01-2023,First Class,CU-1039,Deepak Patel,Corporate,India,Kolkata,West Bengal,East,TEC-PHO-134,Technology,Phones,Phones model 134,23684.42,2,0.15,3443.02
IN-2024-102668,25-05-2024,31-05-2024,Standard Class,CU-1422,Vikram Das,Consumer,India,Kolkata,West Bengal,East,OFF-STO-128,Office Supplies,Storage,Storage model 128,1956.7,1,0.05,575.32
IN-2022-100388,10-06-2022,12-06-2022,Second Class,CU-1422,Vikram Das,Consumer,India,Bhubaneswar,Odisha,East,OFF-PAP-130,Office Supplies,Paper,Paper model 130,905.48,4,0.2,296.91
IN-2022-100582,10-09-2022,14-09-2022,Second Class,CU-1239,Sneha Nair,Corporate,India,Bhubaneswar,Odisha,East,FUR-TAB-107,Furniture,Tables,Tables model 107,75292.14,8,0.05,-1342.55
IN-2024-102912,06-08-2024,13-08-2024,Standard Class,CU-1065,Pooja Sharma,Corporate,India,Patna,Bihar,East,TEC-MAC-104,Technology,Machines,Machines model 104,55647.1,3,0.2,1182.73
IN-2024-103397,05-12-2024,11-12-2024,Standard Class,CU-1353,Aarav Patel,Corporate,India,Lucknow,Uttar Pradesh,North,OFF-ART-125,Office Supplies,Art,Art model 125,1104.81,6,0.15,338.05
IN-2023-101172,05-03-2023,08-03-2023,First Class,CU-1446,Vivaan Singh,Home Office,India,Thiruvananthapuram,Kerala,South,TEC-MAC-111,Technology,Machines,Machines model 111,19627.68,1,0.2,-490.0
IN-2023-102033,02-12-2023,06-12-2023,Second Class,CU-1069,Arjun Shah,Consumer,India,Bhubaneswar,Odisha,East,OFF-BIN-119,Office Supplies,Binders,Binders model 119,327.1,1,0.2,88.62
IN-2025-104420,29-08-2025,02-09-2025,Standard Class,CU-1421,Nisha Kumar,Corporate,India,Ludhiana,Punjab,North,OFF-PAP-111,Office Supplies,Paper,Paper model 111,304.2,1,0.1,133.78
IN-2022-100619,29-09-2022,04-10-2022,Standard Class,CU-1455,Rohit Reddy,Consumer,India,New Delhi,Delhi,North,TEC-ACC-115,Technology,Accessories,Accessories model 115,1919.75,2,0.1,569.92
IN-2024-103297,16-11-2024,21-11-2024,Standard Class,CU-1353,Aarav Patel,Corporate,India,Bhubaneswar,Odisha,East,OFF-ART-113,Office Supplies,Art,Art model 113,527.0,2,0.05,209.73
IN-2025-104830,28-11-2025,03-12-2025,Standard Class,CU-1279,Karthik Patel,Consumer,India,Bhubaneswar,Odisha,East,TEC-COP-108,Technology,Copiers,Copiers model 108,65297.14,2,0.15,21593.9
IN-2023-101861,18-10-2023,22-10-2023,Second Class,CU-1476,Kavya Das,Consumer,India,New Delhi,Delhi,North,OFF-STO-104,Office Supplies,Storage,Storage model 104,2767.82,2,0.15,574.8
IN-2022-100567,02-09-2022,06-09-2022,Standard Class,CU-1023,Isha Pillai,Corporate,India,Hyderabad,Telangana,South,OFF-LAB-116,Office Supplies,Labels,Labels model 116,722.73,6,0.15,265.94
IN-2025-104610,16-10-2025,20-10-2025,Standard Class,CU-1042,Ananya Pillai,Consumer,India,Surat,Gujarat,West,TEC-MAC-105,Technology,Machines,Machines model 105,39961.07,2,0.2,-730.49
IN-2025-104302,30-07-2025,06-08-2025,Standard Class,CU-1448,Priya Verma,Home Office,India,Kolkata,West Bengal,East,TEC-ACC-125,Technology,Accessories,Accessories model 125,5067.61,4,0.0,1711.58
IN-2025-104325,05-08-2025,10-08-2025,Standard Class,CU-1505,Ananya Rao,Consumer,India,Patna,Bihar,East,OFF-BIN-102,Office Supplies,Binders,Binders model 102,1050.53,3,0.25,224.92
IN-2025-103960,29-04-2025,30-04-2025,First Class,CU-1523,Suresh Kumar,Consumer,India,Amritsar,Punjab,North,TEC-ACC-123,Technology,Accessories,Accessories model 123,2070.55,2,0.0,856.58
IN-2024-102247,28-01-2024,01-02-2024,Standard Class,CU-1521,Rahul Sharma,Corporate,India,Surat,Gujarat,West,TEC-ACC-115,Technology,Accessories,Accessories model 115,3085.91,3,0.05,1353.17
IN-2025-104103,08-06-2025,13-06-2025,Standard Class,CU-1571,Isha Singh,Corporate,India,Nagpur,Maharashtra,West,OFF-ART-115,Office Supplies,Art,Art model 115,233.38,1,0.15,65.41
IN-2023-101624,05-08-2023,09-08-2023,Second Class,CU-1161,Pooja Joshi,Consumer,India,Bengaluru,Karnataka,South,TEC-ACC-132,Technology,Accessories,Accessories model 132,1295.3,1,0.0,479.43
IN-2025-103786,17-03-2025,20-03-2025,Second Class,CU-1460,Nisha Patel,Corporate,India,Noida,Uttar Pradesh,North,TEC-COP-121,Technology,Copiers,Copiers model 121,63233.27,2,0.0,24921.53
IN-2022-100461,17-07-2022,21-07-2022,Standard Class,CU-1095,Neha Verma,Consumer,India,Bengaluru,Karnataka,South,FUR-FUR-111,Furniture,Furnishings,Furnishings model 111,1419.0,1,0.1,285.31
IN-2023-101158,02-03-2023,06-03-2023,Standard Class,CU-1395,Kavya Verma,Corporate,India,Jaipur,Rajasthan,West,FUR-TAB-122,Furniture,Tables,Tables model 122,23652.75,3,0.1,-31.59
IN-2022-100899,10-12-2022,14-12-2022,Second Class,CU-1372,Ananya Pillai,Consumer,India,Jaipur,Rajasthan,West,TEC-ACC-123,Technology,Accessories,Accessories model 123,1314.48,1,0.0,526.51
IN-2022-100470,23-07-2022,25-07-2022,First Class,CU-1331,Aditya Patel,Home Office,India,Lucknow,Uttar Pradesh,North,OFF-PAP-100,Office Supplies,Paper,Paper model 100,2388.21,7,0.0,1229.14
IN-2024-102986,01-09-2024,06-09-2024,Standard Class,CU-1539,Manoj Gupta,Consumer,India,Nagpur,Maharashtra,West,TEC-MAC-107,Technology,Machines,Machines model 107,13542.75,1,0.4,-3693.83
IN-2025-104376,17-08-2025,20-08-2025,Second Class,CU-1511,Suresh Joshi,Corporate,India,Jaipur,Rajasthan,West,FUR-TAB-138,Furniture,Tables,Tables model 138,23463.07,3,0.05,1624.67
IN-2022-100752,05-11-2022,08-11-2022,First Class,CU-1248,Ashok Verma,Corporate,India,Amritsar,Punjab,North,OFF-PAP-110,Office Supplies,Paper,Paper model 110,316.35,1,0.0,153.49
IN-2024-103003,07-09-2024,10-09-2024,First Class,CU-1160,Rohit Patel,Home Office,India,Patna,Bihar,East,FUR-CHA-117,Furniture,Chairs,Chairs model 117,8332.13,3,0.35,-544.3
IN-2025-104734,08-11-2025,15-11-2025,Standard Class,CU-1033,Meera Menon,Corporate,India,Hyderabad,Telangana,south,OFF-STO-126,Office Supplies,Storage,Storage model 126,9404.98,8,0.3,1235.75
IN-2025-104735,08-11-2025,08-11-2025,Same Day,CU-1228,Ravi Sharma,Consumer,India,Nagpur,Maharashtra,West,TEC-MAC-100,Technology,Machines,Machines model 100,45083.11,2,0.1,4957.25
IN-2024-103477,22-12-2024,29-12-2024,Standard Class,CU-1142,Deepak Reddy,Consumer,India,Ahmedabad,Gujarat,West,OFF-STO-134,Office Supplies,Storage,Storage model 134,5757.33,4,0.3,316.09
IN-2024-102872,27-07-2024,29-07-2024,First Class,CU-1260,Deepak Kumar,Home Office,India,Hyderabad,Telangana,South,OFF-STO-125,Office Supplies,Storage,Storage model 125,10126.51,6,0.1,2562.96
IN-2024-102766,23-06-2024,27-06-2024,Standard Class,CU-1247,Meera Menon,Consumer,India,Pune,Maharashtra,West,TEC-MAC-118,Technology,Machines,Machines model 118,52063.45,3,,5697.47
IN-2023-101177,06-03-2023,09-03-2023,Second Class,CU-1502,Isha Sharma,Consumer,India,Kolkata,West Bengal,East,OFF-ART-111,Office Supplies,Art,Art model 111,434.6,2,0.0,182.0
IN-2022-100742,03-11-2022,08-11-2022,Standard Class,CU-1060,Pooja Nair,Corporate,India,Noida,Uttar Pradesh,North,TEC-MAC-116,Technology,Machines,Machines model 116,67638.04,3,0.1,7669.77
IN-2025-103850,30-03-2025,06-04-2025,Standard Class,CU-1558,Suresh Shah,Consumer,India,Kolkata,West Bengal,East,OFF-ART-121,Office Supplies,Art,Art model 121,342.18,2,0.2,70.26
IN-2024-102562,25-04-2024,25-04-2024,Same Day,CU-1418,Kavya Rao,Corporate,India,Nagpur,Maharashtra,West,OFF-LAB-116,Office Supplies,Labels,Labels model 116,423.36,3,0.0,213.99
IN-2024-103033,16-09-2024,20-09-2024,Second Class,CU-1407,Kavya Shah,Corporate,India,Hyderabad,Telangana,South,TEC-MAC-106,Technology,Machines,Machines model 106,39273.24,2,0.0,5820.4
IN-2025-104139,15-06-2025,15-06-2025,Same Day,CU-1535,Kavya Kumar,Consumer,India,Kochi,Kerala,South,TEC-COP-107,Technology,Copiers,Copiers model 107,137367.15,4,0.0,59152.42
IN-2023-101568,15-07-2023,20-07-2023,Standard Class,CU-1174,Nisha Shah,Consumer,India,Jaipur,Rajasthan,West,OFF-BIN-129,Office Supplies,Binders,Binders model 129,1531.57,3,0.0,620.65
IN-2023-101355,03-05-2023,07-05-2023,Standard Class,CU-1341,Aditya Sharma,Consumer,India,Surat,Gujarat,West,TEC-ACC-119,Technology,Accessories,Accessories model 119,9812.81,8,0.1,3051.99
IN-2022-100335,22-05-2022,28-05-2022,Standard Class,CU-1097,Aarav Sharma,Home Office,India,Lucknow,Uttar Pradesh,North,TEC-ACC-139,Technology,Accessories,Accessories model 139,5715.14,5,0.05,2297.43
IN-2023-101038,17-01-2023,22-01-2023,Standard Class,CU-1306,Pooja Gupta,Corporate,India,Salem,Tamil Nadu,South,OFF-STO-107,Office Supplies,Storage,Storage model 107,12030.07,8,0.2,2075.15
IN-2022-100576,06-09-2022,10-09-2022,Standard Class,CU-1496,Pooja Menon,Corporate,India,Patna,Bihar,East,FUR-TAB-135,Furniture,Tables,Tables model 135,17816.96,3,0.4,-5341.25
IN-2025-104074,01-06-2025,03-06-2025,Second Class,CU-1461,Ananya Sharma,Home Office,India,Ahmedabad,Gujarat,West,TEC-COP-133,Technology,Copiers,Copiers model 133,120353.27,3,0.0,47631.21
IN-2025-104924,19-12-2025,25-12-2025,Standard Class,CU-1273,Pooja Iyer,Consumer,India,Lucknow,Uttar Pradesh,North,TEC-PHO-113,Technology,Phones,Phones model 113,72674.6,5,0.15,11539.89
IN-2025-104507,21-09-2025,27-09-2025,Standard Class,CU-1228,Ravi Sharma,Consumer,India,Lucknow,Uttar Pradesh,North,FUR-TAB-135,Furniture,Tables,Tables model 135,14757.84,2,0.15,85.58
IN-2025-103918,17-04-2025,21-04-2025,Standard Class,CU-1485,Ravi Gupta,Consumer,India,Thiruvananthapuram,Kerala,South,TEC-MAC-115,Technology,Machines,Machines model 115,40533.46,2,0.05,3170.04
IN-2025-104045,21-05-2025,27-05-2025,Standard Class,CU-1373,Aditya Das,Consumer,India,Hyderabad,Telangana,South,OFF-LAB-132,Office Supplies,Labels,Labels model 132,857.21,5,0.0,409.78
IN-2024-102982,31-08-2024,04-09-2024,Second Class,CU-1100,Vivaan Iyer,Consumer,India,Bengaluru,Karnataka,South,OFF-BIN-106,Office Supplies,Binders,Binders model 106,1478.71,5,0.3,353.24
IN-2025-104898,13-12-2025,13-12-2025,Same Day,CU-1174,Nisha Shah,Consumer,India,Salem,Tamil Nadu,South,FUR-BOO-137,Furniture,Bookcases,Bookcases model 137,13816.49,2,0.1,1317.56
IN-2024-102196,14-01-2024,15-01-2024,First Class,CU-1063,Isha Kumar,Consumer,India,Ludhiana,Punjab,North,FUR-TAB-123,Furniture,Tables,Tables model 123,27341.86,3,0.1,-443.4
IN-2025-103961,30-04-2025,07-05-2025,Standard Class,CU-1105,Swathi Sharma,Consumer,India,Surat,Gujarat,West,OFF-LAB-129,Office Supplies,Labels,Labels model 129,308.66,2,0.0,144.7
IN-2025-104845,02-12-2025,07-12-2025,Standard Class,CU-1211,Suresh Menon,Consumer,India,Hyderabad,Telangana,South,FUR-TAB-109,Furniture,Tables,Tables model 109,34463.41,4,0.1,-885.59
IN-2023-101732,10-09-2023,11-09-2023,First Class,CU-1480,Suresh Das,Corporate,India,Jaipur,Rajasthan,West,TEC-MAC-122,Technology,Machines,Machines model 122,95588.9,4,0.0,12881.68
IN-2025-104391,22-08-2025,26-08-2025,Standard Class,CU-1466,Neha Patel,Consumer,India,Surat,Gujarat,West,TEC-COP-125,Technology,Copiers,Copiers model 125,54601.19,2,0.15,15926.58
IN-2022-100961,27-12-2022,31-12-2022,Second Class,CU-1269,Neha Das,Consumer,India,Thiruvananthapuram,Kerala,South,OFF-BIN-111,Office Supplies,Binders,Binders model 111,832.91,2,0.05,347.17
IN-2024-102455,25-03-2024,25-03-2024,Same Day,CU-1410,Karthik Menon,Consumer,India,Lucknow,Uttar Pradesh,North,TEC-ACC-131,Technology,Accessories,Accessories model 131,4123.78,3,0.0,1549.87
IN-2024-103312,18-11-2024,22-11-2024,Standard Class,CU-1004,Neha Verma,Corporate,India,Noida,Uttar Pradesh,North,TEC-MAC-117,Technology,Machines,Machines model 117,18757.67,1,0.0,2601.58
IN-2025-104145,17-06-2025,24-06-2025,Standard Class,CU-1092,Aditya Das,Consumer,India,Bengaluru,Karnataka,South,FUR-FUR-107,Furniture,Furnishings,Furnishings model 107,2908.08,3,0.3,183.41
IN-2024-103227,30-10-2024,03-11-2024,Standard Class,CU-1437,Rohit Shah,Consumer,India,Hyderabad,Telangana,South,FUR-FUR-139,Furniture,Furnishings,Furnishings model 139,5635.02,4,0.0,1752.05
IN-2024-102934,13-08-2024,20-08-2024,Standard Class,CU-1143,Pooja Gupta,Consumer,India,Pune,Maharashtra,West,TEC-COP-117,Technology,Copiers,Copiers model 117,146136.81,5,0.15,46513.58
IN-2023-101903,30-10-2023,01-11-2023,First Class,CU-1468,Aarav Verma,Consumer,India,Hyderabad,Telangana,South,FUR-TAB-125,Furniture,Tables,Tables model 125,26428.61,3,0.05,1418.84
IN-2024-102410,14-03-2024,18-03-2024,Standard Class,CU-1469,Sneha Shah,Consumer,India,Ludhiana,Punjab,North,TEC-MAC-126,Technology,Machines,Machines model 126,118972.69,5,0.0,14395.73
IN-2025-104654,24-10-2025,28-10-2025,Standard Class,CU-1551,Ravi Kumar,Consumer,India,Jaipur,Rajasthan,West,OFF-LAB-123,Office Supplies,Labels,Labels model 123,796.91,6,0.1,327.77
IN-2025-104336,07-08-2025,10-08-2025,First Class,CU-1523,Suresh Kumar,Consumer,India,Mysuru,Karnataka,South,OFF-BIN-122,Office Supplies,Binders,Binders model 122,803.71,2,0.0,353.24
IN-2023-101936,08-11-2023,13-11-2023,Standard Class,CU-1317,Rohit Kumar,Consumer,India,Jaipur,Rajasthan,West,TEC-MAC-127,Technology,Machines,Machines model 127,38134.23,2,0.0,6028.58
IN-2023-101405,22-05-2023,26-05-2023,Standard Class,CU-1242,Nisha Gupta,Consumer,India,Ahmedabad,Gujarat,West,TEC-COP-133,Technology,Copiers,Copiers model 133,149482.3,5,0.0,56165.6
IN-2024-103034,16-09-2024,21-09-2024,Standard Class,CU-1383,Aarav Joshi,Consumer,India,Ahmedabad,Gujarat,West,FUR-FUR-126,Furniture,Furnishings,Furnishings model 126,3171.48,2,0.05,793.43
IN-2025-103875,05-04-2025,08-04-2025,First Class,CU-1210,Rahul Iyer,Home Office,India,Patna,Bihar,East,OFF-PAP-127,Office Supplies,Paper,Paper model 127,217.25,1,0.3,63.72
IN-2023-101424,26-05-2023,31-05-2023,Standard Class,CU-1352,Karthik Iyer,Home Office,India,Lucknow,Uttar Pradesh,North,TEC-ACC-109,Technology,Accessories,Accessories model 109,3686.59,4,0.2,951.99
IN-2025-103971,02-05-2025,03-05-2025,First Class,CU-1377,Meera Reddy,Consumer,India,Amritsar,Punjab,North,OFF-LAB-127,Office Supplies,Labels,Labels model 127,811.11,6,0.0,374.61
IN-2023-101418,25-05-2023,28-05-2023,Second Class,CU-1034,Aditya Gupta,Consumer,India,Bengaluru,Karnataka,South,OFF-ART-106,Office Supplies,Art,Art model 106,257.65,1,0.1,100.59
IN-2022-100174,23-03-2022,30-03-2022,Standard Class,CU-1447,Neha Reddy,Consumer,India,Kochi,Kerala,South,OFF-STO-121,Office Supplies,Storage,Storage model 121,7728.75,4,0.05,2387.94
IN-2025-103791,19-03-2025,22-03-2025,Second Class,CU-1461,Ananya Sharma,Home Office,India,Bengaluru,Karnataka,South,TEC-ACC-113,Technology,Accessories,Accessories model 113,1479.99,2,0.3,188.35
IN-2024-102574,28-04-2024,03-05-2024,Standard Class,CU-1496,Pooja Menon,Corporate,India,Kolkata,West Bengal,East,FUR-CHA-103,Furniture,Chairs,Chairs model 103,20843.31,6,0.1,3123.05
IN-2022-100853,28-11-2022,02-12-2022,Second Class,CU-1161,Pooja Joshi,Consumer,India,Thiruvananthapuram,Kerala,South,OFF-PAP-111,Office Supplies,Paper,Paper model 111,788.29,3,0.05,366.72
IN-2022-100185,27-03-2022,30-03-2022,First Class,CU-1299,Karthik Rao,Corporate,India,Ahmedabad,Gujarat,West,TEC-MAC-123,Technology,Machines,Machines model 123,22532.22,1,0.05,1351.41
IN-2025-104672,26-10-2025,30-10-2025,Second Class,CU-1222,Rahul Verma,Consumer,India,Patna,Bihar,East,FUR-FUR-101,Furniture,Furnishings,Furnishings model 101,4349.07,3,0.15,862.04
IN-2023-102094,20-12-2023,20-12-2023,Same Day,CU-1497,Sneha Verma,Consumer,India,Kolkata,West Bengal,East,FUR-CHA-109,Furniture,Chairs,Chairs model 109,9018.61,2,0.1,1434.95
IN-2022-100499,03-08-2022,09-08-2022,Standard Class,CU-1054,Isha Nair,Consumer,India,Jaipur,Rajasthan,West,OFF-LAB-102,Office Supplies,Labels,Labels model 102,666.88,5,0.0,319.57
IN-2025-104756,13-11-2025,17-11-2025,Standard Class,CU-1435,Divya Sharma,Consumer,India,Chennai,Tamil Nadu,South,FUR-CHA-120,Furniture,Chairs,Chairs model 120,4427.23,1,0.0,819.0
IN-2024-102245,27-01-2024,01-02-2024,Standard Class,CU-1310,Aarav Sharma,Consumer,India,Salem,Tamil Nadu,South,TEC-ACC-104,Technology,Accessories,Accessories model 104,2061.24,2,0.0,727.8
IN-2023-101327,24-04-2023,26-04-2023,Second Class,CU-1539,Manoj Gupta,Consumer,India,Bengaluru,Karnataka,South,OFF-PAP-102,Office Supplies,Paper,Paper model 102,191.58,1,0.25,64.85
IN-2024-102365,02-03-2024,02-03-2024,Same Day,CU-1433,Priya Sharma,Home Office,India,Hyderabad,Telangana,South,OFF-ART-104,Office Supplies,Art,Art model 104,234.43,1,0.0,80.7
IN-2022-100740,02-11-2022,02-11-2022,Same Day,CU-1341,Aditya Sharma,Consumer,India,Hyderabad,Telangana,South,TEC-MAC-100,Technology,Machines,Machines model 100,94048.83,5,0.0,11461.66
IN-2024-102876,28-07-2024,02-08-2024,Standard Class,CU-1412,Arjun Patel,Corporate,India,Lucknow,Uttar Pradesh,North,OFF-BIN-112,Office Supplies,Binders,Binders model 112,421.35,1,0.1,140.42
IN-2024-102308,12-02-2024,14-02-2024,Second Class,CU-1334,Ananya Pillai,Home Office,India,New Delhi,Delhi,North,TEC-ACC-116,Technology,Accessories,Accessories model 116,2015.44,2,0.2,502.66
IN-2024-102611,08-05-2024,08-05-2024,Same Day,CU-1582,Neha Pillai,Consumer,India,Bhubaneswar,Odisha,East,OFF-BIN-132,Office Supplies,Binders,Binders model 132,1113.18,3,0.05,438.97
IN-2024-103455,19-12-2024,23-12-2024,Second Class,CU-1098,Deepak Iyer,Consumer,India,New Delhi,Delhi,North,OFF-PAP-116,Office Supplies,Paper,Paper model 116,880.24,3,0.1,336.05
IN-2025-103986,07-05-2025,12-05-2025,Standard Class,CU-1356,Nisha Shah,Corporate,India,Hyderabad,Telangana,South,OFF-PAP-120,Office Supplies,Paper,Paper model 120,572.06,2,0.0,262.38
IN-2024-102231,22-01-2024,26-01-2024,Standard Class,CU-1257,Rahul Kumar,Consumer,India,Mysuru,Karnataka,South,OFF-LAB-105,Office Supplies,Labels,Labels model 105,206.4,2,0.35,42.89
IN-2022-100095,17-02-2022,23-02-2022,Standard Class,CU-1525,Nisha Pillai,Consumer,India,Noida,Uttar Pradesh,North,FUR-FUR-111,Furniture,Furnishings,Furnishings model 111,3046.8,4,0.45,-514.87
IN-2024-102236,25-01-2024,01-02-2024,Standard Class,CU-1049,Sneha Singh,Consumer,India,Madurai,Tamil Nadu,South,FUR-BOO-125,Furniture,Bookcases,Bookcases model 125,6111.65,1,0.05,583.56
IN-2025-104863,05-12-2025,11-12-2025,Standard Class,CU-1249,Karthik Nair,Corporate,India,Jaipur,Rajasthan,West,FUR-CHA-138,Furniture,Chairs,Chairs model 138,14631.02,4,0.1,2533.86
IN-2024-102339,22-02-2024,24-02-2024,First Class,CU-1309,Swathi Verma,Consumer,India,Noida,Uttar Pradesh,North,TEC-MAC-106,Technology,Machines,Machines model 106,59811.21,3,0.15,4675.58
IN-2023-101507,21-06-2023,28-06-2023,Standard Class,CU-1079,Aditya Patel,Corporate,India,Kolkata,West Bengal,East,TEC-COP-111,Technology,Copiers,Copiers model 111,68431.36,2,0.0,23066.71
IN-2025-103544,08-01-2025,13-01-2025,Standard Class,CU-1356,Nisha Shah,Corporate,India,Mumbai,Maharashtra,West,TEC-PHO-121,Technology,Phones,Phones model 121,38504.82,3,0.05,9814.29
IN-2023-102073,13-12-2023,16-12-2023,First Class,CU-1180,Divya Das,Corporate,India,Patna,Bihar,East,OFF-ART-138,Office Supplies,Art,Art model 138,233.24,1,0.15,68.2
IN-2022-100702,22-10-2022,28-10-2022,Standard Class,CU-1280,Swathi Gupta,Consumer,India,Patna,Bihar,East,TEC-ACC-112,Technology,Accessories,Accessories model 112,7544.17,6,0.05,2844.13
IN-2023-101261,05-04-2023,11-04-2023,Standard Class,CU-1356,Nisha Shah,Corporate,India,Jaipur,Rajasthan,West,FUR-CHA-123,Furniture,Chairs,Chairs model 123,7353.07,2,0.15,767.02
IN-2023-102121,25-12-2023,28-12-2023,First Class,CU-1317,Rohit Kumar,Consumer,India,Kolkata,West Bengal,East,FUR-TAB-127,Furniture,Tables,Tables model 127,7194.07,1,0.2,-72.06
IN-2024-102435,20-03-2024,26-03-2024,Standard Class,CU-1278,Nisha Kumar,Consumer,India,Nagpur,Maharashtra,West,TEC-ACC-132,Technology,Accessories,Accessories model 132,2462.17,3,0.4,104.95
IN-2023-101638,10-08-2023,14-08-2023,Standard Class,CU-1161,Pooja Joshi,Consumer,India,New Delhi,Delhi,North,FUR-FUR-138,Furniture,Furnishings,Furnishings model 138,905.17,1,0.3,30.13
IN-2022-100604,20-09-2022,21-09-2022,First Class,CU-1166,Karthik Verma,Consumer,India,Amritsar,Punjab,North,OFF-PAP-129,Office Supplies,Paper,Paper model 129,914.09,3,0.0,391.21
IN-2025-103795,20-03-2025,24-03-2025,Standard Class,CU-1032,Manoj Gupta,Corporate,India,Kolkata,West Bengal,East,FUR-BOO-132,Furniture,Bookcases,Bookcases model 132,20043.64,3,0.15,959.9
IN-2022-100274,26-04-2022,30-04-2022,Second Class,CU-1255,Ravi Das,Consumer,India,New Delhi,Delhi,North,TEC-PHO-119,Technology,Phones,Phones model 119,11899.41,1,0.3,502.24
IN-2025-104914,17-12-2025,18-12-2025,First Class,CU-1462,Neha Menon,Corporate,India,Ahmedabad,Gujarat,West,OFF-LAB-117,Office Supplies,Labels,Labels model 117,536.7,4,0.2,200.12
IN-2023-101235,28-03-2023,30-03-2023,Second Class,CU-1181,Arjun Joshi,Consumer,India,Salem,Tamil Nadu,South,TEC-COP-118,Technology,Copiers,Copiers model 118,109900.4,3,0.05,42701.25
IN-2024-102601,05-05-2024,10-05-2024,Standard Class,CU-1488,Aarav Patel,Corporate,India,Noida,Uttar Pradesh,North,FUR-BOO-114,Furniture,Bookcases,Bookcases model 114,7230.51,1,0.1,865.43
IN-2024-102463,27-03-2024,31-03-2024,Standard Class,CU-1127,Ashok Nair,Consumer,India,Hyderabad,Telangana,South,OFF-PAP-124,Office Supplies,Paper,Paper model 124,387.57,2,0.4,37.88
IN-2023-102031,02-12-2023,06-12-2023,Second Class,CU-1522,Arjun Menon,Corporate,India,Lucknow,Uttar Pradesh,North,TEC-MAC-126,Technology,Machines,Machines model 126,92010.02,5,0.05,8300.35
IN-2023-101415,24-05-2023,28-05-2023,Standard Class,CU-1582,Neha Pillai,Consumer,India,Kochi,Kerala,South,OFF-PAP-123,Office Supplies,Paper,Paper model 123,307.93,2,0.4,30.57
IN-2024-102824,13-07-2024,16-07-2024,First Class,CU-1083,Arjun Gupta,Consumer,India,Nagpur,Maharashtra,West,TEC-COP-109,Technology,Copiers,Copiers model 109,219043.08,6,0.05,78719.54
IN-2024-102445,23-03-2024,27-03-2024,Standard Class,CU-1482,Ravi Sharma,Consumer,India,Patna,Bihar,East,OFF-PAP-127,Office Supplies,Paper,Paper model 127,1256.24,4,0.05,546.4
IN-2023-101919,03-11-2023,06-11-2023,Second Class,CU-1394,Neha Pillai,Consumer,India,Salem,Tamil Nadu,South,OFF-STO-128,Office Supplies,Storage,Storage model 128,1015.64,1,0.4,-44.56
IN-2023-101915,01-11-2023,05-11-2023,Standard Class,CU-1545,Aditya Das,Consumer,India,Mysuru,Karnataka,South,OFF-ART-132,Office Supplies,Art,Art model 132,131.37,1,0.4,6.82
IN-2025-104305,31-07-2025,06-08-2025,Standard Class,CU-1296,Sneha Joshi,Consumer,India,Ahmedabad,Gujarat,West,FUR-FUR-103,Furniture,Furnishings,Furnishings model 103,9388.29,6,0.0,2470.07
IN-2025-104090,03-06-2025,03-06-2025,Same Day,CU-1381,Manoj Rao,Consumer,India,Ludhiana,Punjab,North,FUR-BOO-137,Furniture,Bookcases,Bookcases model 137,23411.12,5,0.25,-1934.9
IN-2022-100955,26-12-2022,30-12-2022,Standard Class,CU-1483,Karthik Shah,Consumer,India,Surat,Gujarat,West,FUR-BOO-121,Furniture,Bookcases,Bookcases model 121,11009.34,2,0.2,250.77
IN-2024-102935,13-08-2024,19-08-2024,Standard Class,CU-1400,Pooja Rao,Corporate,India,Bhubaneswar,Odisha,East,FUR-TAB-112,Furniture,Tables,Tables model 112,6622.24,1,0.25,-472.74
IN-2025-104674,26-10-2025,31-10-2025,Standard Class,CU-1069,Arjun Shah,Consumer,India,Patna,Bihar,East,TEC-ACC-123,Technology,Accessories,Accessories model 123,7503.42,6,0.05,2649.82
IN-2022-100117,01-03-2022,05-03-2022,Second Class,CU-1367,Manoj Sharma,Consumer,India,Mysuru,Karnataka,South,OFF-LAB-103,Office Supplies,Labels,Labels model 103,269.72,2,0.2,101.44
IN-2023-101121,17-02-2023,23-02-2023,Standard Class,CU-1477,Vikram Reddy,Consumer,India,New Delhi,Delhi,North,TEC-COP-102,Technology,Copiers,Copiers model 102,90540.79,3,0.0,31467.27
IN-2022-100669,13-10-2022,18-10-2022,Standard Class,CU-1307,Ananya Shah,Home Office,India,Noida,Uttar Pradesh,North,TEC-COP-101,Technology,Copiers,Copiers model 101,111016.07,4,0.15,31186.39
IN-2024-102257,30-01-2024,03-02-2024,Second Class,CU-1115,Arjun Menon,Consumer,India,New Delhi,Delhi,North,OFF-ART-129,Office Supplies,Art,Art model 129,235.83,1,0.0,98.28
IN-2025-103935,21-04-2025,23-04-2025,First Class,CU-1414,Vivaan Gupta,Consumer,India,Ahmedabad,Gujarat,West,TEC-PHO-113,Technology,Phones,Phones model 113,62795.83,4,0.0,15912.56
IN-2024-102688,01-06-2024,06-06-2024,Standard Class,CU-1047,Divya Nair,Consumer,India,Patna,Bihar,East,FUR-FUR-117,Furniture,Furnishings,Furnishings model 117,1444.15,1,0.15,308.81
IN-2023-101225,24-03-2023,24-03-2023,Same Day,CU-1255,Ravi Das,Consumer,India,Pune,Maharashtra,West,FUR-CHA-135,Furniture,Chairs,Chairs model 135,14749.86,4,0.15,1932.44
IN-2022-100984,31-12-2022,05-01-2023,Standard Class,CU-1288,Lakshmi Pillai,Consumer,India,Lucknow,Uttar Pradesh,North,FUR-BOO-129,Furniture,Bookcases,Bookcases model 129,18953.79,3,0.15,1518.38
IN-2024-103451,18-12-2024,25-12-2024,Standard Class,CU-1394,Neha Pillai,Consumer,India,Nagpur,Maharashtra,West,TEC-COP-114,Technology,Copiers,Copiers model 114,86779.58,3,0.15,28244.36
IN-2023-101465,08-06-2023,14-06-2023,Standard Class,CU-1389,Kavya Menon,Consumer,India,Kochi,Kerala,South,FUR-FUR-120,Furniture,Furnishings,Furnishings model 120,1464.15,1,0.05,414.43
IN-2023-101676,23-08-2023,23-08-2023,Same Day,CU-1289,Ananya Joshi,Corporate,India,Mumbai,Maharashtra,West,OFF-BIN-123,Office Supplies,Binders,Binders model 123,460.26,1,0.0,214.52
IN-2023-101725,08-09-2023,08-09-2023,Same Day,CU-1590,Ananya Reddy,Consumer,India,Hyderabad,Telangana,South,TEC-MAC-119,Technology,Machines,Machines model 119,50314.23,3,0.3,-5818.64
IN-2024-102297,10-02-2024,15-02-2024,Standard Class,CU-1314,Vivaan Verma,Consumer,India,Surat,Gujarat,West,OFF-STO-122,Office Supplies,Storage,Storage model 122,1514.7,1,0.1,292.1
IN-2024-103120,08-10-2024,12-10-2024,Standard Class,CU-1288,Lakshmi Pillai,Consumer,India,Kolkata,West Bengal,East,FUR-FUR-116,Furniture,Furnishings,Furnishings model 116,4009.61,3,0.15,576.12
IN-2025-103723,02-03-2025,04-03-2025,Second Class,CU-1197,Priya Gupta,Corporate,India,Surat,Gujarat,West,OFF-PAP-128,Office Supplies,Paper,Paper model 128,339.48,1,0.0,153.5
IN-2022-100113,27-02-2022,04-03-2022,Standard Class,CU-1107,Ananya Iyer,Corporate,India,Bengaluru,Karnataka,South,FUR-TAB-112,Furniture,Tables,Tables model 112,46674.61,8,0.25,-7689.48
IN-2025-103701,21-02-2025,27-02-2025,Standard Class,CU-1490,Kavya Das,Consumer,India,New Delhi,Delhi,North,OFF-STO-101,Office Supplies,Storage,Storage model 101,1990.69,1,0.0,663.17
IN-2024-102531,18-04-2024,18-04-2024,Same Day,CU-1028,Priya Rao,Corporate,India,Ludhiana,Punjab,North,FUR-BOO-108,Furniture,Bookcases,Bookcases model 108,21570.34,4,0.1,1815.67
IN-2025-104313,01-08-2025,08-08-2025,Standard Class,CU-1367,Manoj Sharma,Consumer,India,Surat,Gujarat,West,TEC-MAC-133,Technology,Machines,Machines model 133,17696.41,1,0.3,-2288.19
IN-2024-102909,06-08-2024,06-08-2024,Same Day,CU-1105,Swathi Sharma,Consumer,India,Lucknow,Uttar Pradesh,North,TEC-PHO-118,Technology,Phones,Phones model 118,32131.18,2,0.0,7786.19
IN-2023-101072,29-01-2023,31-01-2023,Second Class,CU-1455,Rohit Reddy,Consumer,India,Thiruvananthapuram,Kerala,south,FUR-BOO-133,Furniture,Bookcases,Bookcases model 133,21098.18,3,0.0,3836.84
IN-2022-100487,29-07-2022,01-08-2022,First Class,CU-1038,Rahul Kumar,Consumer,India,Surat,Gujarat,West,TEC-PHO-136,Technology,Phones,Phones model 136,27115.4,2,0.0,6090.49
IN-2023-101687,26-08-2023,30-08-2023,Standard Class,CU-1410,Karthik Menon,Consumer,India,Bengaluru,Karnataka,South,TEC-PHO-130,Technology,Phones,Phones model 130,92227.2,6,0.1,14878.81
IN-2022-100877,05-12-2022,12-12-2022,Standard Class,CU-1186,Rahul Verma,Consumer,India,Patna,Bihar,East,FUR-CHA-108,Furniture,Chairs,Chairs model 108,2191.86,1,0.45,-644.97
IN-2023-101188,09-03-2023,14-03-2023,Standard Class,CU-1404,Pooja Rao,Consumer,India,Kolkata,West Bengal,East,FUR-BOO-101,Furniture,Bookcases,Bookcases model 101,19584.98,3,0.05,2956.88
IN-2025-103563,17-01-2025,19-01-2025,Second Class,CU-1206,Aarav Menon,Corporate,India,Patna,Bihar,East,OFF-BIN-101,Office Supplies,Binders,Binders model 101,232.91,1,0.4,18.51
IN-2025-103852,30-03-2025,04-04-2025,Standard Class,CU-1348,Deepak Joshi,Corporate,India,Ludhiana,Punjab,North,TEC-ACC-114,Technology,Accessories,Accessories model 114,5131.27,4,0.0,1913.42
IN-2025-103554,11-01-2025,15-01-2025,Second Class,CU-1141,Kavya Kumar,Consumer,India,Madurai,Tamil Nadu,South,OFF-PAP-109,Office Supplies,Paper,Paper model 109,335.85,1,0.0,154.56
IN-2022-100304,09-05-2022,12-05-2022,Second Class,CU-1532,Neha Reddy,Corporate,India,Kolkata,West Bengal,East,TEC-PHO-119,Technology,Phones,Phones model 119,12106.07,1,0.25,420.48
IN-2025-103667,13-02-2025,20-02-2025,Standard Class,CU-1410,Karthik Menon,Consumer,India,Bengaluru,Karnataka,South,TEC-ACC-131,Technology,Accessories,Accessories model 131,2785.63,3,0.15,814.66
IN-2025-103551,10-01-2025,13-01-2025,First Class,CU-1460,Nisha Patel,Corporate,India,Mysuru,Karnataka,South,TEC-PHO-135,Technology,Phones,Phones model 135,16542.73,2,0.4,-1379.5
IN-2025-104518,25-09-2025,29-09-2025,Standard Class,CU-1149,Rohit Shah,Corporate,India,Thiruvananthapuram,Kerala,South,OFF-ART-139,Office Supplies,Art,Art model 139,404.59,2,0.05,156.15
IN-2022-100812,17-11-2022,22-11-2022,Standard Class,CU-1210,Rahul Iyer,Home Office,India,Surat,Gujarat,West,FUR-BOO-113,Furniture,Bookcases,Bookcases model 113,5631.44,1,0.1,271.26
IN-2022-100414,24-06-2022,28-06-2022,Standard Class,CU-1434,Lakshmi Pillai,Corporate,India,Kochi,Kerala,South,TEC-MAC-129,Technology,Machines,Machines model 129,32844.76,2,0.2,1780.25
IN-2025-104340,09-08-2025,13-08-2025,Standard Class,CU-1569,Suresh Nair,Consumer,India,Coimbatore,Tamil Nadu,South,TEC-MAC-129,Technology,Machines,Machines model 129,36488.19,2,0.1,4286.15
IN-2022-100681,17-10-2022,20-10-2022,First Class,CU-1595,Manoj Iyer,Corporate,India,Kochi,Kerala,South,FUR-TAB-103,Furniture,Tables,Tables model 103,37680.83,5,0.1,626.72
IN-2025-104645,22-10-2025,23-10-2025,First Class,CU-1488,Aarav Patel,Corporate,India,Kochi,Kerala,South,FUR-BOO-117,Furniture,Bookcases,Bookcases model 117,38519.29,6,0.2,3146.75
IN-2025-103878,05-04-2025,09-04-2025,Standard Class,CU-1544,Swathi Verma,Corporate,India,Kochi,Kerala,South,OFF-LAB-138,Office Supplies,Labels,Labels model 138,659.38,4,0.0,322.22
IN-2024-102999,06-09-2024,08-09-2024,First Class,CU-1441,Ravi Nair,Corporate,India,Bengaluru,Karnataka,South,OFF-STO-123,Office Supplies,Storage,Storage model 123,1828.58,1,0.05,608.03
IN-2025-103851,30-03-2025,06-04-2025,Standard Class,CU-1568,Aditya Shah,Consumer,India,Kolkata,West Bengal,East,TEC-COP-114,Technology,Copiers,Copiers model 114,28804.13,1,0.05,11323.92
IN-2024-102203,16-01-2024,21-01-2024,Standard Class,CU-1410,Karthik Menon,Consumer,India,Nagpur,Maharashtra,West,OFF-ART-109,Office Supplies,Art,Art model 109,767.22,4,0.2,192.85
IN-2022-100282,29-04-2022,06-05-2022,Standard Class,CU-1072,Priya Shah,Corporate,India,Pune,Maharashtra,West,OFF-ART-123,Office Supplies,Art,Art model 123,742.81,4,0.25,153.69
IN-2025-104826,27-11-2025,01-12-2025,Second Class,CU-1512,Ashok Shah,Corporate,India,Patna,Bihar,East,TEC-ACC-100,Technology,Accessories,Accessories model 100,977.12,1,0.05,354.8
IN-2024-102673,27-05-2024,31-05-2024,Standard Class,CU-1065,Pooja Sharma,Corporate,India,Bengaluru,Karnataka,South,TEC-COP-104,Technology,Copiers,Copiers model 104,125765.65,4,0.0,54591.71
IN-2024-102464,27-03-2024,03-04-2024,Standard Class,CU-1292,Divya Sharma,Consumer,India,Hyderabad,Telangana,South,OFF-LAB-137,Office Supplies,Labels,Labels model 137,346.8,3,0.1,156.93
IN-2023-101471,12-06-2023,16-06-2023,Standard Class,CU-1218,Priya Kumar,Consumer,India,Patna,Bihar,East,OFF-STO-130,Office Supplies,Storage,Storage model 130,6200.83,4,,622.39
IN-2025-104867,06-12-2025,13-12-2025,Standard Class,CU-1109,Rahul Sharma,Consumer,India,Lucknow,Uttar Pradesh,North,TEC-COP-103,Technology,Copiers,Copiers model 103,30096.93,1,0.0,11134.5
IN-2025-104633,20-10-2025,23-10-2025,Second Class,CU-1174,Nisha Shah,Consumer,India,Pune,Maharashtra,West,FUR-TAB-107,Furniture,Tables,Tables model 107,34092.93,4,0.1,-268.58
IN-2023-102013,28-11-2023,05-12-2023,Standard Class,CU-1575,Karthik Das,Home Office,India,Lucknow,Uttar Pradesh,North,OFF-ART-119,Office Supplies,Art,Art model 119,252.57,1,0.1,74.72
IN-2023-101464,08-06-2023,15-06-2023,Standard Class,CU-1362,Arjun Kumar,Home Office,India,Thiruvananthapuram,Kerala,South,FUR-BOO-129,Furniture,Bookcases,Bookcases model 129,5387.94,1,0.25,-228.87
IN-2024-102704,05-06-2024,09-06-2024,Standard Class,CU-1098,Deepak Iyer,Consumer,India,Jaipur,Rajasthan,West,OFF-ART-128,Office Supplies,Art,Art model 128,914.6,4,0.0,413.28
IN-2023-101662,20-08-2023,24-08-2023,Standard Class,CU-1420,Arjun Nair,Consumer,India,Jaipur,Rajasthan,West,OFF-PAP-131,Office Supplies,Paper,Paper model 131,1458.88,6,0.05,653.28
IN-2022-100510,08-08-2022,15-08-2022,Standard Class,CU-1305,Divya Rao,Consumer,India,Hyderabad,Telangana,South,OFF-ART-128,Office Supplies,Art,Art model 128,738.52,3,0.05,254.72
IN-2025-104498,18-09-2025,23-09-2025,Standard Class,CU-1535,Kavya Kumar,Consumer,India,Amritsar,Punjab,North,OFF-BIN-125,Office Supplies,Binders,Binders model 125,300.81,1,0.3,80.62
IN-2024-102725,11-06-2024,14-06-2024,Second Class,CU-1366,Isha Patel,Consumer,India,Jaipur,Rajasthan,West,TEC-MAC-126,Technology,Machines,Machines model 126,37882.48,2,0.05,3781.08
IN-2022-100905,12-12-2022,13-12-2022,First Class,CU-1011,Karthik Verma,Consumer,India,Surat,Gujarat,West,TEC-ACC-116,Technology,Accessories,Accessories model 116,4828.31,5,0.15,1405.34
IN-2025-104764,14-11-2025,17-11-2025,First Class,CU-1396,Suresh Reddy,Consumer,India,Noida,Uttar Pradesh,North,OFF-STO-116,Office Supplies,Storage,Storage model 116,9292.68,5,0.05,2838.44
IN-2024-103353,25-11-2024,29-11-2024,Standard Class,CU-1194,Aarav Rao,Home Office,India,Pune,Maharashtra,West,OFF-STO-101,Office Supplies,Storage,Storage model 101,6863.99,5,0.3,554.96
IN-2022-100962,27-12-2022,02-01-2023,Standard Class,CU-1170,Meera Sharma,Home Office,India,Lucknow,Uttar Pradesh,North,OFF-STO-124,Office Supplies,Storage,Storage model 124,1640.34,1,0.1,412.34
IN-2023-101887,25-10-2023,25-10-2023,Same Day,CU-1125,Aditya Singh,Consumer,India,Noida,Uttar Pradesh,North,OFF-ART-104,Office Supplies,Art,Art model 104,740.65,3,0.0,265.38
IN-2025-104711,02-11-2025,07-11-2025,Standard Class,CU-1293,Swathi Joshi,Corporate,India,Lucknow,Uttar Pradesh,North,TEC-MAC-131,Technology,Machines,Machines model 131,18439.81,1,0.15,865.96
IN-2024-102718,09-06-2024,11-06-2024,Second Class,CU-1074,Nisha Patel,Corporate,India,Bhubaneswar,Odisha,East,OFF-STO-120,Office Supplies,Storage,Storage model 120,1391.83,1,0.1,419.76
IN-2025-103819,25-03-2025,29-03-2025,Second Class,CU-1206,Aarav Menon,Corporate,India,New Delhi,Delhi,North,TEC-ACC-115,Technology,Accessories,Accessories model 115,5313.87,5,0.0,2194.67
IN-2025-104958,25-12-2025,29-12-2025,Standard Class,CU-1541,Rahul Reddy,Home Office,India,Madurai,Tamil Nadu,South,TEC-PHO-116,Technology,Phones,Phones model 116,14034.39,1,0.0,4035.19
IN-2022-100389,10-06-2022,12-06-2022,First Class,CU-1251,Rahul Verma,Home Office,India,Hyderabad,Telangana,South,OFF-PAP-130,Office Supplies,Paper,Paper model 130,486.19,2,0.2,200.7
IN-2024-102832,15-07-2024,20-07-2024,Standard Class,CU-1047,Divya Nair,Consumer,India,Mysuru,Karnataka,South,OFF-PAP-113,Office Supplies,Paper,Paper model 113,274.67,1,0.0,140.4
IN-2023-101395,19-05-2023,25-05-2023,Standard Class,CU-1421,Nisha Kumar,Corporate,India,Ludhiana,Punjab,North,OFF-BIN-124,Office Supplies,Binders,Binders model 124,1624.3,4,0.1,672.89
IN-2025-104659,25-10-2025,01-11-2025,Standard Class,CU-1301,Manoj Das,Corporate,India,Jaipur,Rajasthan,West,FUR-FUR-139,Furniture,Furnishings,Furnishings model 139,1310.04,1,0.15,193.61
IN-2022-100329,19-05-2022,26-05-2022,Standard Class,CU-1093,Aarav Verma,Corporate,India,Pune,Maharashtra,West,FUR-TAB-131,Furniture,Tables,Tables model 131,27107.39,7,0.5,-10941.73
IN-2022-100161,18-03-2022,18-03-2022,Same Day,CU-1515,Neha Verma,Consumer,India,Patna,Bihar,East,OFF-STO-107,Office Supplies,Storage,Storage model 107,1492.54,1,0.15,345.63
IN-2025-103951,27-04-2025,29-04-2025,First Class,CU-1307,Ananya Shah,Home Office,India,Ludhiana,Punjab,North,OFF-PAP-117,Office Supplies,Paper,Paper model 117,1059.22,4,0.0,535.33
IN-2022-100983,31-12-2022,01-01-2023,First Class,CU-1532,Neha Reddy,Corporate,India,Jaipur,Rajasthan,West,TEC-ACC-133,Technology,Accessories,Accessories model 133,3858.64,4,0.3,669.83
IN-2025-103973,03-05-2025,07-05-2025,Standard Class,CU-1038,Rahul Kumar,Consumer,India,Patna,Bihar,East,FUR-CHA-123,Furniture,Chairs,Chairs model 123,4041.82,1,0.15,420.99
IN-2023-101239,29-03-2023,05-04-2023,Standard Class,CU-1553,Rohit Iyer,Corporate,India,Ludhiana,Punjab,North,TEC-MAC-130,Technology,Machines,Machines model 130,87246.53,5,0.1,4313.89
IN-2023-101639,10-08-2023,12-08-2023,First Class,CU-1027,Isha Verma,Corporate,India,Noida,Uttar Pradesh,North,TEC-MAC-137,Technology,Machines,Machines model 137,113596.25,7,0.2,5590.59
IN-2023-101660,19-08-2023,19-08-2023,Same Day,CU-1487,Ravi Sharma,Home Office,India,Jaipur,Rajasthan,West,OFF-LAB-112,Office Supplies,Labels,Labels model 112,490.94,3,0.0,250.62
IN-2025-104089,03-06-2025,04-06-2025,First Class,CU-1469,Sneha Shah,Consumer,India,Lucknow,Uttar Pradesh,North,TEC-MAC-129,Technology,Machines,Machines model 129,40864.28,2,0.0,6303.35
IN-2022-100811,17-11-2022,21-11-2022,Second Class,CU-1163,Swathi Pillai,Corporate,India,Kolkata,West Bengal,East,TEC-MAC-138,Technology,Machines,Machines model 138,60158.38,3,0.05,4597.4
IN-2025-103864,02-04-2025,08-04-2025,Standard Class,CU-1552,Priya Verma,Home Office,India,Jaipur,Rajasthan,West,OFF-LAB-136,Office Supplies,Labels,Labels model 136,527.78,4,0.05,239.53
IN-2022-100851,28-11-2022,30-11-2022,First Class,CU-1341,Aditya Sharma,Consumer,India,Amritsar,Punjab,North,OFF-BIN-135,Office Supplies,Binders,Binders model 135,1392.4,3,0.0,637.66
IN-2023-101037,17-01-2023,24-01-2023,Standard Class,CU-1106,Nisha Rao,Corporate,India,New Delhi,Delhi,North,FUR-CHA-114,Furniture,Chairs,Chairs model 114,3258.76,1,0.15,423.91
IN-2022-100939,21-12-2022,27-12-2022,Standard Class,CU-1574,Rohit Verma,Corporate,India,Kolkata,West Bengal,East,FUR-BOO-122,Furniture,Bookcases,Bookcases model 122,22980.31,4,0.25,-2139.14
IN-2023-101234,26-03-2023,31-03-2023,Standard Class,CU-1528,Suresh Patel,Corporate,India,Thiruvananthapuram,Kerala,South,TEC-MAC-126,Technology,Machines,Machines model 126,20547.87,1,0.1,2182.17
IN-2025-104997,31-12-2025,01-01-2026,First Class,CU-1110,Meera Joshi,Consumer,India,Kochi,Kerala,South,TEC-ACC-116,Technology,Accessories,Accessories model 116,1302.49,1,0.05,494.46
IN-2025-104572,09-10-2025,15-10-2025,Standard Class,CU-1585,Priya Pillai,Consumer,India,Surat,Gujarat,West,FUR-TAB-125,Furniture,Tables,Tables model 125,26817.28,4,,-92.85
IN-2024-102216,18-01-2024,22-01-2024,Standard Class,CU-1040,Arjun Gupta,Corporate,India,Bengaluru,Karnataka,South,FUR-BOO-100,Furniture,Bookcases,Bookcases model 100,38073.53,5,0.05,5006.03
IN-2022-100324,16-05-2022,22-05-2022,Standard Class,CU-1321,Neha Verma,Corporate,India,Lucknow,Uttar Pradesh,North,TEC-COP-121,Technology,Copiers,Copiers model 121,133775.72,4,0.0,50957.62
IN-2025-104562,07-10-2025,11-10-2025,Standard Class,CU-1460,Nisha Patel,Corporate,India,New Delhi,Delhi,North,FUR-TAB-132,Furniture,Tables,Tables model 132,28055.47,4,0.1,53.34
IN-2025-104327,05-08-2025,11-08-2025,Standard Class,CU-1571,Isha Singh,Corporate,India,Thiruvananthapuram,Kerala,South,TEC-MAC-111,Technology,Machines,Machines model 111,16779.86,1,0.15,1175.3
IN-2025-103771,14-03-2025,21-03-2025,Standard Class,CU-1355,Sneha Nair,Consumer,India,Coimbatore,Tamil Nadu,South,OFF-PAP-122,Office Supplies,Paper,Paper model 122,297.05,1,0.1,133.67
IN-2024-103401,06-12-2024,11-12-2024,Standard Class,CU-1022,Sneha Rao,Consumer,India,Jaipur,Rajasthan,West,TEC-COP-102,Technology,Copiers,Copiers model 102,33668.6,1,0.0,14321.33
IN-2023-101657,19-08-2023,20-08-2023,First Class,CU-1309,Swathi Verma,Consumer,India,Ahmedabad,Gujarat,West,TEC-PHO-125,Technology,Phones,Phones model 125,25906.05,2,0.0,7678.14
IN-2022-100796,14-11-2022,18-11-2022,Standard Class,CU-1299,Karthik Rao,Corporate,India,Chennai,Tamil Nadu,South,OFF-ART-105,Office Supplies,Art,Art model 105,221.56,1,0.05,80.59
IN-2023-102002,25-11-2023,01-12-2023,Standard Class,CU-1292,Divya Sharma,Consumer,India,Patna,Bihar,East,TEC-MAC-110,Technology,Machines,Machines model 110,40086.59,2,0.05,5243.06
IN-2023-101075,31-01-2023,07-02-2023,Standard Class,CU-1532,Neha Reddy,Corporate,India,Surat,Gujarat,West,FUR-FUR-125,Furniture,Furnishings,Furnishings model 125,7075.83,5,0.05,2183.5
IN-2024-102473,30-03-2024,06-04-2024,Standard Class,CU-1014,Ravi Das,Consumer,India,Lucknow,Uttar Pradesh,North,OFF-LAB-134,Office Supplies,Labels,Labels model 134,342.83,2,0.0,171.81
IN-2023-102103,21-12-2023,28-12-2023,Standard Class,CU-1101,Swathi Verma,Home Office,India,Ahmedabad,Gujarat,West,TEC-MAC-105,Technology,Machines,Machines model 105,47877.74,3,0.15,3591.61
IN-2025-103849,30-03-2025,31-03-2025,First Class,CU-1358,Ashok Verma,Consumer,India,Thiruvananthapuram,Kerala,South,TEC-ACC-110,Technology,Accessories,Accessories model 110,774.9,1,0.3,124.42
IN-2024-102290,08-02-2024,12-02-2024,Standard Class,CU-1353,Aarav Patel,Corporate,India,New Delhi,Delhi,North,OFF-PAP-109,Office Supplies,Paper,Paper model 109,240.9,1,0.15,90.12
IN-2025-104301,30-07-2025,04-08-2025,Standard Class,CU-1341,Aditya Sharma,Consumer,India,Mysuru,Karnataka,South,OFF-STO-110,Office Supplies,Storage,Storage model 110,1600.32,1,0.0,510.61
IN-2022-100255,19-04-2022,24-04-2022,Standard Class,CU-1268,Vikram Kumar,,India,Amritsar,Punjab,North,OFF-BIN-122,Office Supplies,Binders,Binders model 122,1351.96,3,0.05,517.38
IN-2025-103537,06-01-2025,09-01-2025,First Class,CU-1488,Aarav Patel,Corporate,India,Patna,Bihar,East,TEC-MAC-108,Technology,Machines,Machines model 108,53762.19,3,0.1,3503.73
IN-2024-103274,10-11-2024,17-11-2024,Standard Class,CU-1502,Isha Sharma,Consumer,India,Nagpur,Maharashtra,West,FUR-CHA-111,Furniture,Chairs,Chairs model 111,21546.06,6,0.25,195.95
IN-2025-104772,15-11-2025,15-11-2025,Same Day,CU-1203,Ravi Shah,Home Office,India,Nagpur,Maharashtra,West,TEC-PHO-109,Technology,Phones,Phones model 109,58716.39,4,0.0,18139.25
IN-2025-103705,23-02-2025,27-02-2025,Standard Class,CU-1499,Suresh Menon,Consumer,India,Patna,Bihar,East,TEC-COP-111,Technology,Copiers,Copiers model 111,208706.21,6,0.0,87991.46
IN-2024-102736,14-06-2024,17-06-2024,First Class,CU-1157,Sneha Reddy,Consumer,India,Pune,Maharashtra,West,OFF-BIN-108,Office Supplies,Binders,Binders model 108,397.64,1,0.1,144.35
IN-2023-101935,07-11-2023,12-11-2023,Standard Class,CU-1065,Pooja Sharma,Corporate,India,Coimbatore,Tamil Nadu,South,OFF-STO-132,Office Supplies,Storage,Storage model 132,7267.56,5,0.1,1542.36
IN-2022-100042,18-01-2022,20-01-2022,Second Class,CU-1364,Vivaan Reddy,Consumer,India,Patna,Bihar,East,TEC-ACC-136,Technology,Accessories,Accessories model 136,1159.04,1,0.0,365.19
IN-2025-104382,18-08-2025,24-08-2025,Standard Class,CU-1012,Vivaan Shah,Home Office,India,Kochi,Kerala,South,FUR-CHA-125,Furniture,Chairs,Chairs model 125,4559.61,1,0.05,655.24
IN-2025-104949,23-12-2025,29-12-2025,Standard Class,CU-1235,Arjun Iyer,Consumer,India,Ludhiana,Punjab,North,TEC-COP-124,Technology,Copiers,Copiers model 124,118504.23,4,0.15,37262.45
IN-2024-102709,07-06-2024,09-06-2024,First Class,CU-1274,Manoj Singh,Consumer,India,Jaipur,Rajasthan,West,FUR-BOO-111,Furniture,Bookcases,Bookcases model 111,23871.98,6,0.4,-5397.09
IN-2023-102119,24-12-2023,25-12-2023,First Class,CU-1010,Manoj Pillai,Corporate,India,Mumbai,Maharashtra,West,FUR-BOO-116,Furniture,Bookcases,Bookcases model 116,6451.04,1,0.05,1053.88
IN-2024-103370,28-11-2024,02-12-2024,Standard Class,CU-1079,Aditya Patel,Corporate,India,Lucknow,Uttar Pradesh,North,TEC-ACC-128,Technology,Accessories,Accessories model 128,4164.99,4,0.15,1135.46
IN-2025-103639,05-02-2025,12-02-2025,Standard Class,CU-1340,VIKRAM IYER,Consumer,India,Surat,Gujarat,West,OFF-LAB-114,Office Supplies,Labels,Labels model 114,773.93,6,0.0,371.59
IN-2023-101968,16-11-2023,20-11-2023,Standard Class,CU-1423,Nisha Sharma,Home Office,India,New Delhi,Delhi,North,OFF-LAB-114,Office Supplies,Labels,Labels model 114,664.27,4,0.0,338.58
IN-2023-101052,22-01-2023,26-01-2023,Second Class,CU-1552,Priya Verma,Home Office,India,Mumbai,Maharashtra,West,TEC-MAC-110,Technology,Machines,Machines model 110,122841.78,8,0.2,3323.08
IN-2024-103217,27-10-2024,30-10-2024,First Class,CU-1215,Ashok Kumar,Corporate,India,Ahmedabad,Gujarat,West,TEC-MAC-100,Technology,Machines,Machines model 100,85478.09,4,0.1,5145.42
IN-2023-101060,24-01-2023,28-01-2023,Standard Class,CU-1200,Swathi Nair,Consumer,India,New Delhi,Delhi,North,FUR-CHA-126,Furniture,Chairs,Chairs model 126,4462.28,1,0.0,985.67
IN-2022-100720,27-10-2022,28-10-2022,First Class,CU-1006,Divya Singh,Home Office,India,Nagpur,Maharashtra,West,OFF-PAP-101,Office Supplies,Paper,Paper model 101,1094.91,4,0.2,423.29
IN-2025-104683,28-10-2025,28-10-2025,Same Day,CU-1131,Vikram Iyer,Home Office,India,Jaipur,Rajasthan,West,OFF-ART-123,Office Supplies,Art,Art model 123,2028.72,8,0.0,843.74
IN-2025-104561,07-10-2025,12-10-2025,Standard Class,CU-1088,Karthik Iyer,Consumer,India,Jaipur,Rajasthan,West,OFF-ART-102,Office Supplies,Art,Art model 102,1482.77,6,0.0,594.96
IN-2022-100719,27-10-2022,31-10-2022,Standard Class,CU-1223,Aarav Patel,Corporate,India,New Delhi,Delhi,North,OFF-ART-129,Office Supplies,Art,Art model 129,250.7,1,0.0,97.04
IN-2024-102492,06-04-2024,13-04-2024,Standard Class,CU-1261,Lakshmi Pillai,Consumer,India,Amritsar,Punjab,North,TEC-MAC-133,Technology,Machines,Machines model 133,183622.92,8,0.0,23811.25
IN-2023-102034,02-12-2023,02-12-2023,Same Day,CU-1405,Isha Das,Home Office,India,Jaipur,Rajasthan,West,OFF-BIN-104,Office Supplies,Binders,Binders model 104,331.87,1,0.15,107.41
IN-2023-102076,15-12-2023,19-12-2023,Standard Class,CU-1534,Divya Singh,Corporate,India,Mumbai,Maharashtra,West,TEC-COP-121,Technology,Copiers,Copiers model 121,56442.62,2,0.15,16275.16
IN-2023-101758,22-09-2023,26-09-2023,Standard Class,CU-1054,Isha Nair,Consumer,India,Nagpur,Maharashtra,West,OFF-PAP-132,Office Supplies,Paper,Paper model 132,1620.34,5,0.0,797.79
IN-2025-104508,21-09-2025,26-09-2025,Standard Class,CU-1043,Vikram Kumar,Consumer,India,Nagpur,Maharashtra,West,OFF-PAP-106,Office Supplies,Paper,Paper model 106,610.72,2,0.0,303.55
IN-2024-102743,16-06-2024,23-06-2024,Standard Class,CU-1090,Arjun Joshi,Corporate,India,Ahmedabad,Gujarat,West,OFF-ART-138,Office Supplies,Art,Art model 138,558.48,2,0.0,201.18
IN-2025-104199,03-07-2025,03-07-2025,Same Day,CU-1496,Pooja Menon,Corporate,India,Jaipur,Rajasthan,West,OFF-STO-106,Office Supplies,Storage,Storage model 106,9971.5,5,0.0,3348.21
IN-2024-102251,29-01-2024,02-02-2024,Second Class,CU-1137,Rahul Kumar,Corporate,India,Jaipur,Rajasthan,West,OFF-ART-115,Office Supplies,Art,Art model 115,382.56,2,0.2,81.86
IN-2025-103908,14-04-2025,18-04-2025,Second Class,CU-1270,Lakshmi Iyer,Home Office,India,Ahmedabad,Gujarat,West,FUR-CHA-111,Furniture,Chairs,Chairs model 111,12135.93,3,0.05,1783.25
IN-2023-101057,23-01-2023,25-01-2023,Second Class,CU-1045,Lakshmi Iyer,Consumer,India,Thiruvananthapuram,Kerala,South,FUR-BOO-103,Furniture,Bookcases,Bookcases model 103,17758.08,3,0.05,2460.53
IN-2023-102012,27-11-2023,02-12-2023,Standard Class,CU-1139,Rahul Patel,Consumer,India,Lucknow,Uttar Pradesh,North,OFF-LAB-128,Office Supplies,Labels,Labels model 128,253.06,2,0.05,120.33
IN-2023-101292,12-04-2023,14-04-2023,Second Class,CU-1110,Meera Joshi,Consumer,India,Kolkata,West Bengal,East,TEC-PHO-114,Technology,Phones,Phones model 114,9997.36,1,0.35,-201.96
IN-2025-103926,19-04-2025,23-04-2025,Standard Class,CU-1230,Kavya Verma,Corporate,India,Jaipur,Rajasthan,West,TEC-PHO-139,Technology,Phones,Phones model 139,37465.29,3,0.1,7872.35
IN-2025-104731,07-11-2025,09-11-2025,Second Class,CU-1574,Rohit Verma,Corporate,India,Bhubaneswar,Odisha,East,TEC-COP-125,Technology,Copiers,Copiers model 125,27881.28,1,0.15,7566.46
IN-2023-101770,25-09-2023,29-09-2023,Standard Class,CU-1449,Vikram Patel,Consumer,India,Ludhiana,Punjab,North,OFF-BIN-128,Office Supplies,Binders,Binders model 128,1495.54,3,0.0,716.83
IN-2023-101198,14-03-2023,21-03-2023,Standard Class,CU-1070,Priya Verma,Consumer,India,Jaipur,Rajasthan,West,OFF-PAP-130,Office Supplies,Paper,Paper model 130,1975.93,6,0.0,907.54
IN-2023-101333,25-04-2023,01-05-2023,Standard Class,CU-1318,Nisha Kumar,Consumer,India,Nagpur,Maharashtra,West,FUR-TAB-135,Furniture,Tables,Tables model 135,26846.14,4,0.25,-2924.0
IN-2023-101275,07-04-2023,08-04-2023,First Class,CU-1317,Rohit Kumar,Consumer,India,Ludhiana,Punjab,North,TEC-PHO-110,Technology,Phones,Phones model 110,13034.74,1,0.0,3842.47
IN-2024-102985,01-09-2024,04-09-2024,First Class,CU-1241,Arjun Nair,Consumer,India,Ahmedabad,Gujarat,West,FUR-BOO-105,Furniture,Bookcases,Bookcases model 105,5957.64,1,0.2,187.72
IN-2024-102224,21-01-2024,27-01-2024,Standard Class,CU-1438,Rahul Rao,Home Office,India,Thiruvananthapuram,Kerala,South,OFF-LAB-124,Office Supplies,Labels,Labels model 124,285.56,2,0.1,126.46
IN-2023-101462,07-06-2023,10-06-2023,Second Class,CU-1285,Neha Singh,Corporate,India,Bengaluru,Karnataka,South,FUR-BOO-128,Furniture,Bookcases,Bookcases model 128,45273.1,6,0.05,5123.85
IN-2025-103950,26-04-2025,01-05-2025,Standard Class,CU-1027,Isha Verma,Corporate,India,Coimbatore,Tamil Nadu,South,FUR-BOO-132,Furniture,Bookcases,Bookcases model 132,10912.48,2,0.15,801.41
IN-2025-104805,23-11-2025,30-11-2025,Standard Class,CU-1250,Kavya Singh,Consumer,India,Mysuru,Karnataka,South,OFF-STO-136,Office Supplies,Storage,Storage model 136,5451.51,3,0.0,2003.08
IN-2023-101092,07-02-2023,10-02-2023,First Class,CU-1126,Aditya Menon,Home Office,India,Ludhiana,Punjab,North,TEC-PHO-125,Technology,Phones,Phones model 125,27722.86,2,0.0,7585.3
IN-2023-101862,18-10-2023,18-10-2023,Same Day,CU-1165,Isha Menon,Consumer,India,Patna,Bihar,East,OFF-STO-126,Office Supplies,Storage,Storage model 126,9812.16,5,0.0,3697.56
IN-2022-100176,23-03-2022,25-03-2022,Second Class,CU-1521,Rahul Sharma,Corporate,India,Lucknow,Uttar Pradesh,North,FUR-BOO-124,Furniture,Bookcases,Bookcases model 124,8953.82,2,0.35,-831.59
IN-2023-102042,04-12-2023,10-12-2023,Standard Class,CU-1320,Pooja Verma,Home Office,India,Bhubaneswar,Odisha,East,OFF-ART-119,Office Supplies,Art,Art model 119,1336.05,6,0.05,497.85
IN-2022-100496,01-08-2022,03-08-2022,Second Class,CU-1199,Neha Pillai,Consumer,India,New Delhi,Delhi,North,OFF-LAB-131,Office Supplies,Labels,Labels model 131,137.25,1,0.15,52.38
IN-2024-102563,25-04-2024,26-04-2024,First Class,CU-1386,Priya Reddy,Corporate,India,Amritsar,Punjab,North,FUR-CHA-114,Furniture,Chairs,Chairs model 114,8559.98,2,0.05,1593.23
IN-2024-103196,21-10-2024,25-10-2024,Standard Class,CU-1142,Deepak Reddy,Consumer,India,Chennai,Tamil Nadu,South,TEC-COP-134,Technology,Copiers,Copiers model 134,60677.01,2,0.0,21633.52
IN-2025-104961,26-12-2025,01-01-2026,Standard Class,CU-1496,Pooja Menon,Corporate,India,Jaipur,Rajasthan,West,TEC-PHO-116,Technology,Phones,Phones model 116,30836.94,2,0.0,7217.41
IN-2022-100319,14-05-2022,20-05-2022,Standard Class,CU-1201,Aarav Patel,Home Office,India,Ahmedabad,Gujarat,West,TEC-PHO-131,Technology,Phones,Phones model 131,25089.62,2,0.15,6640.08
IN-2025-103662,12-02-2025,18-02-2025,Standard Class,CU-1293,Swathi Joshi,Corporate,India,Kochi,Kerala,South,FUR-CHA-133,Furniture,Chairs,Chairs model 133,8008.99,2,0.05,1573.89
IN-2023-100993,03-01-2023,09-01-2023,Standard Class,CU-1082,Swathi Reddy,Consumer,India,Jaipur,Rajasthan,West,OFF-STO-118,Office Supplies,Storage,Storage model 118,5221.25,3,0.0,1426.64
IN-2024-102659,23-05-2024,30-05-2024,Standard Class,CU-1473,Vivaan Nair,Consumer,India,Kochi,Kerala,South,OFF-ART-100,Office Supplies,Art,Art model 100,181.19,1,0.15,55.96
IN-2024-102441,22-03-2024,22-03-2024,Same Day,CU-1205,Vivaan Sharma,Home Office,India,Hyderabad,Telangana,South,FUR-FUR-104,Furniture,Furnishings,Furnishings model 104,4517.13,3,0.1,1108.78
IN-2022-100009,03-01-2022,04-01-2022,First Class,CU-1483,Karthik Shah,Consumer,India,Salem,Tamil Nadu,South,TEC-ACC-110,Technology,Accessories,Accessories model 110,680.5,1,0.4,-10.22
IN-2022-100072,06-02-2022,09-02-2022,Second Class,CU-1568,Aditya Shah,Consumer,India,Salem,Tamil Nadu,South,OFF-BIN-113,Office Supplies,Binders,Binders model 113,771.39,2,0.0,350.93
IN-2025-104603,14-10-2025,16-10-2025,First Class,CU-1233,Ananya Gupta,Corporate,India,Amritsar,Punjab,North,FUR-FUR-120,Furniture,Furnishings,Furnishings model 120,1366.96,1,0.1,336.69
IN-2022-100638,06-10-2022,13-10-2022,Standard Class,CU-1577,Deepak Sharma,Consumer,India,Mysuru,Karnataka,South,FUR-FUR-138,Furniture,Furnishings,Furnishings model 138,2520.78,2,0.05,792.53
IN-2024-103414,08-12-2024,13-12-2024,Standard Class,CU-1071,Ashok Das,Consumer,India,Amritsar,Punjab,North,OFF-ART-135,Office Supplies,Art,Art model 135,1070.13,5,0.0,449.82
IN-2023-101630,08-08-2023,10-08-2023,Second Class,CU-1529,Deepak Joshi,,India,Thiruvananthapuram,Kerala,South,OFF-STO-122,Office Supplies,Storage,Storage model 122,1756.19,1,0.0,639.03
IN-2023-101542,05-07-2023,08-07-2023,Second Class,CU-1530,Swathi Gupta,Corporate,India,Noida,Uttar Pradesh,North,OFF-STO-120,Office Supplies,Storage,Storage model 120,4707.83,3,0.0,1542.41
IN-2023-101867,19-10-2023,26-10-2023,Standard Class,CU-1017,Ananya Patel,Consumer,India,New Delhi,Delhi,North,FUR-BOO-131,Furniture,Bookcases,Bookcases model 131,12191.04,2,0.05,1927.22
IN-2022-100229,09-04-2022,14-04-2022,Standard Class,CU-1527,Manoj Patel,Consumer,India,New Delhi,Delhi,North,FUR-BOO-131,Furniture,Bookcases,Bookcases model 131,23367.67,5,0.4,-6456.89
IN-2025-103914,16-04-2025,18-04-2025,First Class,CU-1018,Vivaan Das,Consumer,India,Ahmedabad,Gujarat,West,FUR-TAB-109,Furniture,Tables,Tables model 109,35667.64,4,0.05,927.13
IN-2022-100802,15-11-2022,22-11-2022,Standard Class,CU-1407,Kavya Shah,Corporate,India,Ahmedabad,Gujarat,West,FUR-TAB-133,Furniture,Tables,Tables model 133,6573.2,1,0.2,-141.1
IN-2025-104768,15-11-2025,21-11-2025,Standard Class,CU-1388,Divya Kumar,Home Office,India,Patna,Bihar,East,FUR-CHA-139,Furniture,Chairs,Chairs model 139,6292.93,2,0.2,927.07
IN-2025-103732,05-03-2025,07-03-2025,First Class,CU-1446,Vivaan Singh,Home Office,India,Kochi,Kerala,South,OFF-PAP-133,Office Supplies,Paper,Paper model 133,472.48,2,0.25,146.77
IN-2023-101879,24-10-2023,28-10-2023,Second Class,CU-1250,Kavya Singh,Consumer,India,Ludhiana,Punjab,North,TEC-PHO-126,Technology,Phones,Phones model 126,10740.8,1,0.2,924.14
IN-2022-100141,11-03-2022,16-03-2022,Standard Class,CU-1158,Divya Singh,Consumer,India,Bhubaneswar,Odisha,East,TEC-MAC-120,Technology,Machines,Machines model 120,40013.39,2,0.2,-401.85
IN-2025-104823,26-11-2025,03-12-2025,Standard Class,CU-1039,Deepak Patel,Corporate,India,Pune,Maharashtra,West,OFF-PAP-131,Office Supplies,Paper,Paper model 131,467.22,2,0.3,107.56
IN-2025-103904,13-04-2025,20-04-2025,Standard Class,CU-1285,Neha Singh,Corporate,India,Ahmedabad,Gujarat,West,OFF-BIN-124,Office Supplies,Binders,Binders model 124,2398.93,6,0.0,922.4
IN-2023-101189,09-03-2023,09-03-2023,Same Day,CU-1061,Arjun Gupta,Corporate,India,Jaipur,Rajasthan,West,TEC-PHO-133,Technology,Phones,Phones model 133,25692.67,2,,5208.26
IN-2023-101213,21-03-2023,26-03-2023,Standard Class,CU-1279,Karthik Patel,Consumer,India,Patna,Bihar,East,FUR-CHA-131,Furniture,Chairs,Chairs model 131,21153.71,5,0.1,2790.14
IN-2024-102538,20-04-2024,25-04-2024,Standard Class,CU-1024,Manoj Singh,Consumer,India,Kochi,Kerala,South,TEC-ACC-119,Technology,Accessories,Accessories model 119,2457.71,2,0.0,808.89
IN-2022-100537,19-08-2022,24-08-2022,Standard Class,CU-1495,Nisha Singh,Corporate,India,Ahmedabad,Gujarat,West,TEC-MAC-120,Technology,Machines,Machines model 120,19110.19,1,0.0,3540.33
IN-2022-100410,23-06-2022,27-06-2022,Standard Class,CU-1419,Ashok Verma,Home Office,India,Mumbai,Maharashtra,West,FUR-BOO-139,Furniture,Bookcases,Bookcases model 139,6019.28,1,0.0,1087.73
IN-2025-104005,12-05-2025,16-05-2025,Second Class,CU-1236,Lakshmi Nair,Consumer,India,Ludhiana,Punjab,North,OFF-ART-125,Office Supplies,Art,Art model 125,874.49,4,0.15,271.82
IN-2023-101999,24-11-2023,26-11-2023,First Class,CU-1214,Swathi Reddy,Home Office,India,Ludhiana,Punjab,North,TEC-PHO-110,Technology,Phones,Phones model 110,28330.22,2,0.05,7058.8
IN-2024-102209,17-01-2024,22-01-2024,Standard Class,CU-1188,Suresh Iyer,Consumer,India,Thiruvananthapuram,Kerala,South,TEC-ACC-106,Technology,Accessories,Accessories model 106,695.48,1,,12.06
IN-2025-104527,28-09-2025,05-10-2025,Standard Class,CU-1396,Suresh Reddy,Consumer,India,Thiruvananthapuram,Kerala,South,OFF-LAB-113,Office Supplies,Labels,Labels model 113,266.65,2,0.15,107.94
IN-2024-102189,12-01-2024,17-01-2024,Standard Class,CU-1114,Divya Kumar,Corporate,India,Thiruvananthapuram,Kerala,South,TEC-COP-126,Technology,Copiers,Copiers model 126,36062.96,2,0.4,179.99
IN-2025-104051,24-05-2025,24-05-2025,Same Day,CU-1386,Priya Reddy,Corporate,India,New Delhi,Delhi,North,TEC-MAC-128,Technology,Machines,Machines model 128,39227.28,2,0.1,2876.43
IN-2024-103158,15-10-2024,21-10-2024,Standard Class,CU-1125,Aditya Singh,Consumer,India,Jaipur,Rajasthan,West,TEC-MAC-108,Technology,Machines,Machines model 108,43898.56,2,0.0,8369.41
IN-2025-103892,10-04-2025,16-04-2025,Standard Class,CU-1162,Isha Patel,Corporate,India,New Delhi,Delhi,North,TEC-COP-112,Technology,Copiers,Copiers model 112,86741.34,3,0.15,24667.95
IN-2025-104777,16-11-2025,19-11-2025,Second Class,CU-1596,Karthik Nair,Consumer,India,Kochi,Kerala,South,OFF-LAB-126,Office Supplies,Labels,Labels model 126,143.02,1,0.0,69.36
IN-2024-102789,04-07-2024,08-07-2024,Standard Class,CU-1457,Isha Joshi,Home Office,India,Coimbatore,Tamil Nadu,South,OFF-LAB-117,Office Supplies,Labels,Labels model 117,228.42,2,0.25,69.86
IN-2024-102817,11-07-2024,18-07-2024,Standard Class,CU-1441,Ravi Nair,Corporate,India,Bhubaneswar,Odisha,East,OFF-BIN-129,Office Supplies,Binders,Binders model 129,1650.57,5,0.2,540.54
IN-2025-103829,26-03-2025,31-03-2025,Standard Class,CU-1535,Kavya Kumar,Consumer,India,Chennai,Tamil Nadu,South,TEC-ACC-137,Technology,Accessories,Accessories model 137,2476.6,2,0.05,768.72
IN-2023-101130,21-02-2023,22-02-2023,First Class,CU-1383,Aarav Joshi,Consumer,India,Kolkata,West Bengal,East,OFF-BIN-121,Office Supplies,Binders,Binders model 121,841.06,2,0.1,359.3
IN-2022-100836,24-11-2022,24-11-2022,Same Day,CU-1020,Vikram Reddy,Corporate,India,Kolkata,West Bengal,East,TEC-COP-101,Technology,Copiers,Copiers model 101,21882.38,1,0.35,1929.65
IN-2022-100564,31-08-2022,03-09-2022,Second Class,CU-1507,Vivaan Das,Home Office,India,Mysuru,Karnataka,South,OFF-BIN-133,Office Supplies,Binders,Binders model 133,478.4,1,0.0,200.4
IN-2025-104158,22-06-2025,26-06-2025,Standard Class,CU-1339,Divya Joshi,Consumer,India,Ludhiana,Punjab,North,OFF-ART-132,Office Supplies,Art,Art model 132,1489.65,7,0.0,627.87
IN-2023-101863,18-10-2023,25-10-2023,Standard Class,CU-1134,Arjun Patel,Consumer,India,Bhubaneswar,Odisha,East,TEC-MAC-118,Technology,Machines,Machines model 118,17776.27,1,0.15,1197.3
IN-2024-103210,25-10-2024,28-10-2024,Second Class,CU-1410,Karthik Menon,Consumer,India,Mysuru,Karnataka,South,FUR-TAB-120,Furniture,Tables,Tables model 120,19771.59,3,0.25,-1427.89
IN-2024-102411,14-03-2024,17-03-2024,First Class,CU-1103,Nisha Kumar,Consumer,India,Ludhiana,Punjab,North,OFF-STO-110,Office Supplies,Storage,Storage model 110,1810.66,1,0.1,372.39
IN-2025-104528,29-09-2025,02-10-2025,First Class,CU-1488,Aarav Patel,Corporate,India,Patna,Bihar,East,TEC-COP-124,Technology,Copiers,Copiers model 124,128723.41,4,0.15,41773.66
IN-2025-104099,07-06-2025,11-06-2025,Standard Class,CU-1533,Vivaan Patel,Home Office,India,Nagpur,Maharashtra,West,OFF-ART-111,Office Supplies,Art,Art model 111,205.6,1,0.1,72.72
IN-2024-103489,25-12-2024,25-12-2024,Same Day,CU-1371,Arjun Kumar,Consumer,India,Kolkata,West Bengal,East,OFF-BIN-133,Office Supplies,Binders,Binders model 133,1060.03,3,0.1,340.97
IN-2025-103653,09-02-2025,12-02-2025,First Class,CU-1258,Meera Singh,Consumer,India,Pune,Maharashtra,west,OFF-STO-117,Office Supplies,Storage,Storage model 117,8146.9,4,0.0,2984.53
IN-2023-101556,11-07-2023,18-07-2023,Standard Class,CU-1474,Manoj Rao,Home Office,India,Mysuru,Karnataka,South,OFF-LAB-103,Office Supplies,Labels,Labels model 103,917.83,6,0.0,462.22
IN-2025-104104,08-06-2025,14-06-2025,Standard Class,CU-1263,Pooja Sharma,Consumer,India,Kochi,Kerala,South,OFF-LAB-138,Office Supplies,Labels,Labels model 138,163.03,1,0.0,86.38
IN-2024-102762,22-06-2024,28-06-2024,Standard Class,CU-1036,Swathi Reddy,Consumer,India,Thiruvananthapuram,Kerala,South,TEC-MAC-121,Technology,Machines,Machines model 121,46978.49,3,0.2,1780.17
IN-2022-100442,08-07-2022,15-07-2022,Standard Class,CU-1069,Arjun Shah,Consumer,India,Madurai,Tamil Nadu,South,FUR-TAB-108,Furniture,Tables,Tables model 108,21940.02,3,0.05,1140.42
IN-2022-100265,23-04-2022,24-04-2022,First Class,CU-1549,Suresh Reddy,Corporate,India,Pune,Maharashtra,West,FUR-TAB-131,Furniture,Tables,Tables model 131,31655.49,4,,2763.98
IN-2024-102356,27-02-2024,02-03-2024,Standard Class,CU-1093,Aarav Verma,Corporate,India,Ludhiana,Punjab,North,TEC-COP-107,Technology,Copiers,Copiers model 107,119721.41,3,0.0,48310.87
IN-2024-103077,29-09-2024,06-10-2024,Standard Class,CU-1092,Aditya Das,Consumer,India,Surat,Gujarat,West,OFF-STO-137,Office Supplies,Storage,Storage model 137,3820.67,2,0.0,1192.15
IN-2025-103660,12-02-2025,15-02-2025,Second Class,CU-1421,Nisha Kumar,Corporate,India,Bhubaneswar,Odisha,East,FUR-CHA-121,Furniture,Chairs,Chairs model 121,12833.68,3,0.15,2034.36
IN-2024-102677,27-05-2024,02-06-2024,Standard Class,CU-1518,Vikram Nair,Corporate,India,New Delhi,Delhi,North,TEC-MAC-136,Technology,Machines,Machines model 136,61686.8,3,0.0,9480.7
IN-2022-100063,31-01-2022,05-02-2022,Standard Class,CU-1580,Aditya Nair,Corporate,India,Nagpur,Maharashtra,West,OFF-BIN-137,Office Supplies,Binders,Binders model 137,418.41,1,0.1,150.33
IN-2024-102398,10-03-2024,10-03-2024,Same Day,CU-1540,Priya Menon,Consumer,India,Hyderabad,Telangana,South,OFF-ART-135,Office Supplies,Art,Art model 135,1626.34,8,0.1,509.64
IN-2025-104614,16-10-2025,23-10-2025,Standard Class,CU-1077,Kavya Iyer,Corporate,India,Noida,Uttar Pradesh,North,TEC-COP-114,Technology,Copiers,Copiers model 114,122906.83,4,0.0,50052.19
IN-2022-100871,03-12-2022,08-12-2022,Standard Class,CU-1007,Isha Menon,Home Office,India,Thiruvananthapuram,Kerala,South,OFF-PAP-112,Office Supplies,Paper,Paper model 112,1500.75,5,0.0,727.78
IN-2023-101175,06-03-2023,08-03-2023,First Class,CU-1354,Ashok Verma,,India,Amritsar,Punjab,North,FUR-CHA-106,Furniture,Chairs,Chairs model 106,3189.66,1,0.25,-24.87
IN-2022-100717,26-10-2022,30-10-2022,Standard Class,CU-1325,Ashok Rao,Consumer,India,Ludhiana,Punjab,North,OFF-LAB-115,Office Supplies,Labels,Labels model 115,1153.4,8,0.0,617.89
IN-2022-100725,28-10-2022,02-11-2022,Standard Class,CU-1018,Vivaan Das,Consumer,India,Mysuru,Karnataka,South,FUR-FUR-113,Furniture,Furnishings,Furnishings model 113,8355.63,5,0.0,2401.92
IN-2023-101728,08-09-2023,15-09-2023,Standard Class,CU-1103,Nisha Kumar,Consumer,India,Kolkata,West Bengal,East,OFF-STO-132,Office Supplies,Storage,Storage model 132,4463.75,3,0.05,1189.22
IN-2024-102903,03-08-2024,10-08-2024,Standard Class,CU-1197,Priya Gupta,Corporate,India,Mumbai,Maharashtra,West,OFF-ART-122,Office Supplies,Art,Art model 122,665.14,3,,240.78
IN-2024-103060,23-09-2024,29-09-2024,Standard Class,CU-1540,Priya Menon,Consumer,India,Mumbai,Maharashtra,West,OFF-PAP-110,Office Supplies,Paper,Paper model 110,555.81,2,0.05,287.42
IN-2023-101156,02-03-2023,09-03-2023,Standard Class,CU-1144,Suresh Kumar,Consumer,India,Ludhiana,Punjab,North,FUR-TAB-127,Furniture,Tables,Tables model 127,30474.09,4,0.1,483.19
IN-2023-101945,10-11-2023,15-11-2023,Standard Class,CU-1444,Ravi Singh,Consumer,India,Jaipur,Rajasthan,West,OFF-STO-135,Office Supplies,Storage,Storage model 135,4846.83,3,0.1,1149.35
IN-2024-102875,28-07-2024,01-08-2024,Second Class,CU-1525,NISHA PILLAI,Consumer,India,Surat,Gujarat,West,OFF-LAB-139,Office Supplies,Labels,Labels model 139,315.61,2,0.0,151.83
IN-2025-104122,12-06-2025,18-06-2025,Standard Class,CU-1564,Ashok Das,Corporate,India,Noida,Uttar Pradesh,North,OFF-STO-120,Office Supplies,Storage,Storage model 120,3303.1,2,0.15,866.68
IN-2025-104017,15-05-2025,19-05-2025,Standard Class,CU-1570,Rohit Kumar,Corporate,India,New Delhi,Delhi,North,OFF-PAP-130,Office Supplies,Paper,Paper model 130,515.31,2,0.1,215.48
IN-2022-100909,12-12-2022,18-12-2022,Standard Class,CU-1335,Sneha Patel,Consumer,India,Bhubaneswar,Odisha,East,TEC-ACC-104,Technology,Accessories,Accessories model 104,2497.61,2,0.05,945.68
IN-2025-104064,28-05-2025,04-06-2025,Standard Class,CU-1055,Vivaan Sharma,Home Office,India,Mumbai,Maharashtra,West,OFF-BIN-120,Office Supplies,Binders,Binders model 120,458.03,1,0.0,178.14
IN-2024-102803,08-07-2024,13-07-2024,Standard Class,CU-1426,Ashok Iyer,Consumer,India,Jaipur,Rajasthan,West,TEC-ACC-104,Technology,Accessories,Accessories model 104,2685.06,2,0.0,967.88
IN-2025-104019,16-05-2025,22-05-2025,Standard Class,CU-1461,Ananya Sharma,Home Office,India,Jaipur,Rajasthan,West,FUR-CHA-126,Furniture,Chairs,Chairs model 126,12695.18,3,0.15,963.17
IN-2024-102816,11-07-2024,18-07-2024,Standard Class,CU-1305,Divya Rao,Consumer,India,Bhubaneswar,Odisha,East,TEC-ACC-107,Technology,Accessories,Accessories model 107,1300.01,1,0.05,333.59
IN-2022-100750,05-11-2022,12-11-2022,Standard Class,CU-1069,Arjun Shah,Consumer,India,Surat,Gujarat,West,OFF-BIN-117,Office Supplies,Binders,Binders model 117,2386.42,6,0.15,801.47
IN-2022-100315,13-05-2022,20-05-2022,Standard Class,CU-1369,Priya Reddy,Consumer,India,Lucknow,Uttar Pradesh,North,OFF-STO-126,Office Supplies,Storage,Storage model 126,2597.47,2,0.2,484.25
IN-2022-100626,02-10-2022,02-10-2022,Same Day,CU-1011,Karthik Verma,Consumer,India,Amritsar,Punjab,North,FUR-BOO-139,Furniture,Bookcases,Bookcases model 139,27783.92,4,0.1,2109.11
IN-2025-103542,07-01-2025,12-01-2025,Standard Class,CU-1458,Sneha Shah,Home Office,India,Pune,Maharashtra,West,OFF-PAP-128,Office Supplies,Paper,Paper model 128,1536.82,7,0.2,546.58
IN-2024-103267,08-11-2024,11-11-2024,Second Class,CU-1513,Neha Menon,Consumer,India,New Delhi,Delhi,North,TEC-PHO-134,Technology,Phones,Phones model 134,14492.38,1,0.1,2809.04
IN-2024-103035,16-09-2024,18-09-2024,First Class,CU-1180,Divya Das,Corporate,India,Ludhiana,Punjab,North,TEC-MAC-114,Technology,Machines,Machines model 114,159085.11,8,0.2,-3069.54
IN-2024-103019,11-09-2024,12-09-2024,First Class,CU-1046,Nisha Iyer,Corporate,India,Ludhiana,Punjab,North,OFF-LAB-101,Office Supplies,Labels,Labels model 101,134.81,1,0.05,59.01
IN-2024-102994,03-09-2024,05-09-2024,First Class,CU-1339,Divya Joshi,Consumer,India,Mysuru,Karnataka,South,TEC-PHO-106,Technology,Phones,Phones model 106,98260.1,8,0.2,10875.77
IN-2023-101972,17-11-2023,22-11-2023,Standard Class,CU-1282,Manoj Pillai,Corporate,India,Thiruvananthapuram,Kerala,South,OFF-LAB-137,Office Supplies,Labels,Labels model 137,679.42,7,0.3,232.24
IN-2023-101807,04-10-2023,04-10-2023,Same Day,CU-1489,Vivaan Nair,Consumer,India,Patna,Bihar,East,OFF-BIN-139,Office Supplies,Binders,Binders model 139,2700.76,6,0.1,995.4
IN-2024-102397,10-03-2024,12-03-2024,Second Class,CU-1356,Nisha Shah,Corporate,India,Ludhiana,Punjab,North,FUR-FUR-128,Furniture,Furnishings,Furnishings model 128,4001.95,3,0.05,989.33
IN-2022-100135,09-03-2022,16-03-2022,Standard Class,CU-1287,Vikram Das,Corporate,India,Jaipur,Rajasthan,West,OFF-STO-137,Office Supplies,Storage,Storage model 137,1915.08,1,0.05,574.75
IN-2025-104478,11-09-2025,16-09-2025,Standard Class,CU-1372,Ananya Pillai,Consumer,India,Bhubaneswar,Odisha,East,FUR-CHA-109,Furniture,Chairs,Chairs model 109,22016.62,6,0.2,1038.79
IN-2023-101587,23-07-2023,25-07-2023,Second Class,CU-1218,Priya Kumar,Consumer,India,Ludhiana,Punjab,North,OFF-ART-128,Office Supplies,Art,Art model 128,544.36,3,0.15,165.94
IN-2022-100244,15-04-2022,22-04-2022,Standard Class,CU-1361,Isha Das,Consumer,India,Hyderabad,Telangana,South,FUR-CHA-112,Furniture,Chairs,Chairs model 112,4098.04,1,0.05,599.28
IN-2025-104641,21-10-2025,25-10-2025,Second Class,CU-1480,Suresh Das,Corporate,India,Hyderabad,Telangana,South,OFF-BIN-110,Office Supplies,Binders,Binders model 110,2811.98,8,0.1,1110.52
IN-2024-103429,13-12-2024,18-12-2024,Standard Class,CU-1154,Isha Singh,Corporate,India,Patna,Bihar,East,OFF-ART-120,Office Supplies,Art,Art model 120,419.09,2,0.2,119.22
IN-2023-101051,21-01-2023,26-01-2023,Standard Class,CU-1522,Arjun Menon,Corporate,India,Jaipur,Rajasthan,West,TEC-COP-129,Technology,Copiers,Copiers model 129,129903.54,4,0.0,49251.45
IN-2025-104049,23-05-2025,30-05-2025,Standard Class,CU-1545,Aditya Das,Consumer,India,Hyderabad,Telangana,South,OFF-BIN-106,Office Supplies,Binders,Binders model 106,3321.43,7,0.05,1157.31
IN-2024-103326,20-11-2024,24-11-2024,Standard Class,CU-1206,Aarav Menon,,India,Nagpur,Maharashtra,West,OFF-BIN-135,Office Supplies,Binders,Binders model 135,1012.68,2,0.0,394.54
IN-2024-103151,13-10-2024,18-10-2024,Standard Class,CU-1161,Pooja Joshi,Consumer,India,Jaipur,Rajasthan,West,FUR-TAB-110,Furniture,Tables,Tables model 110,30204.3,4,0.1,1074.3
IN-2023-101143,25-02-2023,28-02-2023,First Class,CU-1336,Kavya Iyer,Corporate,India,Mysuru,Karnataka,South,TEC-MAC-107,Technology,Machines,Machines model 107,21049.3,1,0.0,3448.07
IN-2023-101128,20-02-2023,27-02-2023,Standard Class,CU-1274,Manoj Singh,Consumer,India,Hyderabad,Telangana,South,OFF-STO-138,Office Supplies,Storage,Storage model 138,3739.39,2,0.0,1201.36
IN-2024-102471,29-03-2024,04-04-2024,Standard Class,CU-1566,Aarav Shah,Consumer,India,Salem,Tamil Nadu,South,FUR-BOO-116,Furniture,Bookcases,Bookcases model 116,5431.93,1,0.1,532.94
IN-2022-100124,03-03-2022,07-03-2022,Standard Class,CU-1270,Lakshmi Iyer,Home Office,India,Mumbai,Maharashtra,West,TEC-ACC-128,Technology,Accessories,Accessories model 128,5652.42,6,0.15,1552.9
IN-2023-101411,23-05-2023,28-05-2023,Standard Class,CU-1160,Rohit Patel,Home Office,India,Bhubaneswar,Odisha,East,OFF-PAP-122,Office Supplies,Paper,Paper model 122,680.9,2,0.0,325.4
IN-2024-102736,14-06-2024,17-06-2024,First Class,CU-1157,Sneha Reddy,Consumer,India,Pune,Maharashtra,West,OFF-BIN-108,Office Supplies,Binders,Binders model 108,397.64,1,0.1,144.35
IN-2022-100408,21-06-2022,25-06-2022,Standard Class,CU-1436,Ananya Verma,Consumer,India,Kochi,Kerala,South,OFF-PAP-100,Office Supplies,Paper,Paper model 100,383.2,2,0.3,111.43
IN-2022-100881,06-12-2022,12-12-2022,Standard Class,CU-1436,Ananya Verma,Consumer,India,Surat,Gujarat,West,FUR-FUR-110,Furniture,Furnishings,Furnishings model 110,2472.38,2,0.15,557.16
IN-2024-103127,10-10-2024,17-10-2024,Standard Class,CU-1381,Manoj Rao,Consumer,India,Hyderabad,Telangana,South,TEC-PHO-129,Technology,Phones,Phones model 129,89789.82,6,0.0,21742.47
IN-2023-101768,25-09-2023,26-09-2023,First Class,CU-1015,Kavya Iyer,Corporate,India,Jaipur,Rajasthan,West,FUR-CHA-133,Furniture,Chairs,Chairs model 133,3805.35,1,0.05,629.36
IN-2022-100203,01-04-2022,08-04-2022,Standard Class,CU-1300,Lakshmi Shah,Corporate,India,Jaipur,Rajasthan,West,TEC-COP-111,Technology,Copiers,Copiers model 111,108826.59,3,0.0,46293.38
IN-2022-100029,12-01-2022,14-01-2022,Second Class,CU-1416,Sneha Menon,Corporate,India,Bengaluru,Karnataka,South,TEC-MAC-108,Technology,Machines,Machines model 108,125531.81,6,0.0,18806.95
IN-2023-101214,22-03-2023,25-03-2023,Second Class,CU-1009,Aditya Gupta,Consumer,India,Kolkata,West Bengal,East,OFF-ART-112,Office Supplies,Art,Art model 112,848.75,4,0.1,292.37
IN-2023-101679,24-08-2023,31-08-2023,Standard Class,CU-1279,Karthik Patel,Consumer,India,Amritsar,Punjab,North,TEC-MAC-129,Technology,Machines,Machines model 129,126948.3,7,0.1,10817.0
IN-2025-104700,01-11-2025,07-11-2025,Standard Class,CU-1272,Rohit Pillai,Home Office,India,Kolkata,West Bengal,East,FUR-CHA-135,Furniture,Chairs,Chairs model 135,8562.5,2,0.1,1114.56
IN-2023-101598,26-07-2023,31-07-2023,Standard Class,CU-1261,Lakshmi Pillai,Consumer,India,Bhubaneswar,Odisha,East,OFF-BIN-128,Office Supplies,Binders,Binders model 128,2449.01,5,0.05,1024.62
IN-2024-102854,20-07-2024,25-07-2024,Standard Class,CU-1185,Neha Singh,Home Office,India,Ludhiana,Punjab,North,OFF-ART-128,Office Supplies,Art,Art model 128,1102.88,4,0.0,458.46
IN-2023-101207,20-03-2023,25-03-2023,Standard Class,CU-1109,Rahul Sharma,Consumer,India,Kolkata,West Bengal,East,OFF-PAP-103,Office Supplies,Paper,Paper model 103,1904.86,6,0.05,873.5
IN-2025-104807,23-11-2025,29-11-2025,Standard Class,CU-1297,Ananya Patel,Corporate,India,Bhubaneswar,Odisha,East,FUR-BOO-107,Furniture,Bookcases,Bookcases model 107,24496.08,4,0.15,922.8
IN-2025-104712,02-11-2025,04-11-2025,Second Class,CU-1318,Nisha Kumar,Consumer,India,New Delhi,Delhi,North,FUR-TAB-138,Furniture,Tables,Tables model 138,45158.71,6,0.1,-1088.44
IN-2024-102846,17-07-2024,23-07-2024,Standard Class,CU-1320,Pooja Verma,Home Office,India,Surat,Gujarat,West,TEC-COP-126,Technology,Copiers,Copiers model 126,117844.15,3,0.0,47689.83
IN-2022-100912,13-12-2022,20-12-2022,Standard Class,CU-1143,Pooja Gupta,Consumer,India,Pune,Maharashtra,West,OFF-LAB-102,Office Supplies,Labels,Labels model 102,275.3,2,0.2,101.51
IN-2025-104694,29-10-2025,02-11-2025,Standard Class,CU-1004,Neha Verma,Corporate,India,Patna,Bihar,East,TEC-COP-100,Technology,Copiers,Copiers model 100,61937.47,2,0.15,17451.26
IN-2024-102458,26-03-2024,31-03-2024,Standard Class,CU-1317,Rohit Kumar,Consumer,India,Pune,Maharashtra,West,TEC-PHO-139,Technology,Phones,Phones model 139,29515.68,2,0.05,8580.56
IN-2025-104947,23-12-2025,27-12-2025,Second Class,CU-1226,Aarav Kumar,Home Office,India,Kolkata,West Bengal,East,OFF-BIN-132,Office Supplies,Binders,Binders model 132,251.88,1,0.35,25.8
IN-2024-103095,03-10-2024,03-10-2024,Same Day,CU-1199,Neha Pillai,Consumer,India,Surat,Gujarat,West,OFF-BIN-108,Office Supplies,Binders,Binders model 108,352.16,1,,121.33
IN-2025-104847,02-12-2025,06-12-2025,Standard Class,CU-1506,Suresh Menon,Corporate,India,Kolkata,West Bengal,East,FUR-TAB-103,Furniture,Tables,Tables model 103,6885.41,1,0.2,-578.11
IN-2023-101091,06-02-2023,11-02-2023,Standard Class,CU-1253,Neha Das,Corporate,India,Bhubaneswar,Odisha,East,FUR-FUR-135,Furniture,Furnishings,Furnishings model 135,4422.17,4,0.15,663.38
IN-2024-102795,06-07-2024,07-07-2024,First Class,CU-1539,Manoj Gupta,Consumer,India,New Delhi,Delhi,North,TEC-COP-102,Technology,Copiers,Copiers model 102,149866.45,5,0.05,59417.85
IN-2025-104907,15-12-2025,17-12-2025,First Class,CU-1254,Ashok Patel,Home Office,India,Patna,Bihar,East,TEC-ACC-124,Technology,Accessories,Accessories model 124,3417.24,3,0.05,1209.29
IN-2025-103848,30-03-2025,03-04-2025,Standard Class,CU-1306,Pooja Gupta,Corporate,India,Kolkata,West Bengal,East,TEC-MAC-128,Technology,Machines,Machines model 128,39845.7,3,0.3,-2948.8
IN-2022-100965,28-12-2022,03-01-2023,Standard Class,CU-1068,Sneha Gupta,Consumer,India,Kochi,Kerala,South,FUR-CHA-100,Furniture,Chairs,Chairs model 100,19044.35,6,0.3,-881.23
IN-2022-100543,22-08-2022,26-08-2022,Standard Class,CU-1107,Ananya Iyer,Corporate,India,Jaipur,Rajasthan,West,TEC-ACC-130,Technology,Accessories,Accessories model 130,1118.57,1,0.05,294.25
IN-2025-104730,07-11-2025,12-11-2025,Standard Class,CU-1533,Vivaan Patel,Home Office,India,Bhubaneswar,Odisha,East,OFF-PAP-124,Office Supplies,Paper,Paper model 124,1306.81,6,0.3,305.75
IN-2022-100915,14-12-2022,19-12-2022,Standard Class,CU-1002,Ananya Pillai,Corporate,India,Ahmedabad,Gujarat,West,OFF-BIN-138,Office Supplies,Binders,Binders model 138,944.71,2,0.05,379.56
IN-2025-103999,11-05-2025,15-05-2025,Second Class,CU-1468,Aarav Verma,Consumer,India,Ahmedabad,Gujarat,West,OFF-ART-137,Office Supplies,Art,Art model 137,645.87,3,0.1,236.28
IN-2023-101365,06-05-2023,08-05-2023,First Class,CU-1400,Pooja Rao,Corporate,India,Lucknow,Uttar Pradesh,North,FUR-CHA-105,Furniture,Chairs,Chairs model 105,10983.43,3,0.1,1205.22
IN-2025-104563,07-10-2025,11-10-2025,Second Class,CU-1442,Meera Shah,Consumer,India,Lucknow,Uttar Pradesh,North,FUR-TAB-113,Furniture,Tables,Tables model 113,25249.18,3,0.1,-117.37
IN-2025-103863,02-04-2025,09-04-2025,Standard Class,CU-1389,Kavya Menon,Consumer,India,Bengaluru,Karnataka,South,OFF-STO-118,Office Supplies,Storage,Storage model 118,6991.64,7,0.4,-137.55
IN-2022-100459,16-07-2022,23-07-2022,Standard Class,CU-1382,Sneha Kumar,Consumer,India,Patna,Bihar,East,TEC-ACC-103,Technology,Accessories,Accessories model 103,6201.64,7,0.35,334.01
IN-2023-101795,02-10-2023,07-10-2023,Standard Class,CU-1015,Kavya Iyer,Corporate,India,Mumbai,Maharashtra,West,TEC-COP-122,Technology,Copiers,Copiers model 122,98820.68,4,0.2,30529.37
IN-2025-104378,18-08-2025,21-08-2025,First Class,CU-1042,Ananya Pillai,Consumer,India,Mumbai,Maharashtra,West,OFF-PAP-125,Office Supplies,Paper,Paper model 125,201.06,1,0.4,35.41
IN-2023-101441,31-05-2023,07-06-2023,Standard Class,CU-1263,Pooja Sharma,Consumer,India,Kolkata,West Bengal,East,TEC-COP-130,Technology,Copiers,Copiers model 130,59300.84,2,0.25,16722.84
IN-2023-101562,13-07-2023,18-07-2023,Standard Class,CU-1247,Meera Menon,Consumer,India,Noida,Uttar Pradesh,North,FUR-BOO-127,Furniture,Bookcases,Bookcases model 127,29630.05,5,0.2,2405.31
IN-2024-102400,11-03-2024,14-03-2024,Second Class,CU-1072,Priya Shah,Corporate,India,New Delhi,Delhi,North,TEC-PHO-133,Technology,Phones,Phones model 133,13051.22,1,0.2,2220.49
IN-2024-102376,05-03-2024,09-03-2024,Standard Class,CU-1047,Divya Nair,Consumer,India,Coimbatore,Tamil Nadu,South,TEC-COP-136,Technology,Copiers,Copiers model 136,123400.75,5,0.2,32067.58
IN-2024-103445,16-12-2024,21-12-2024,Standard Class,CU-1298,Meera Kumar,Consumer,India,New Delhi,Delhi,North,FUR-FUR-124,Furniture,Furnishings,Furnishings model 124,1299.99,1,0.2,180.45
IN-2024-102849,18-07-2024,20-07-2024,First Class,CU-1597,Karthik Joshi,Home Office,India,Hyderabad,Telangana,South,OFF-BIN-100,Office Supplies,Binders,Binders model 100,2351.26,6,0.15,634.46
IN-2025-104852,03-12-2025,10-12-2025,Standard Class,CU-1346,Swathi Patel,Home Office,India,Bengaluru,Karnataka,South,OFF-ART-124,Office Supplies,Art,Art model 124,445.69,2,0.0,172.31
IN-2023-101578,18-07-2023,24-07-2023,Standard Class,CU-1205,Vivaan Sharma,Home Office,India,Pune,Maharashtra,West,OFF-LAB-125,Office Supplies,Labels,Labels model 125,382.21,3,0.15,157.56
IN-2024-102643,18-05-2024,18-05-2024,Same Day,CU-1030,Aarav Iyer,Consumer,India,New Delhi,Delhi,North,FUR-TAB-112,Furniture,Tables,Tables model 112,41658.54,5,0.05,2686.02
IN-2023-101724,08-09-2023,12-09-2023,Standard Class,CU-1090,Arjun Joshi,Corporate,India,Patna,Bihar,East,OFF-LAB-114,Office Supplies,Labels,Labels model 114,478.15,3,0.05,240.49
IN-2024-102522,15-04-2024,19-04-2024,Standard Class,CU-1535,Kavya Kumar,Consumer,India,Ahmedabad,Gujarat,West,OFF-PAP-132,Office Supplies,Paper,Paper model 132,254.54,1,0.1,109.45
IN-2024-103153,14-10-2024,18-10-2024,Standard Class,CU-1490,Kavya Das,Consumer,India,Bhubaneswar,Odisha,East,FUR-FUR-120,Furniture,Furnishings,Furnishings model 120,2195.62,2,0.2,339.98
IN-2024-102923,10-08-2024,16-08-2024,Standard Class,CU-1315,Rohit Gupta,Corporate,India,Kochi,Kerala,South,OFF-ART-132,Office Supplies,Art,Art model 132,556.07,2,0.0,240.51
IN-2024-102382,06-03-2024,06-03-2024,Same Day,CU-1384,Nisha Iyer,Consumer,India,Ludhiana,Punjab,North,TEC-PHO-109,Technology,Phones,Phones model 109,26748.68,2,0.0,6592.17
IN-2024-102309,13-02-2024,18-02-2024,Standard Class,CU-1138,Divya Rao,Consumer,India,Pune,Maharashtra,West,OFF-BIN-132,Office Supplies,Binders,Binders model 132,375.77,1,0.25,71.9
IN-2025-104399,25-08-2025,01-09-2025,Standard Class,CU-1089,Suresh Nair,Home Office,India,Thiruvananthapuram,Kerala,South,TEC-ACC-110,Technology,Accessories,Accessories model 110,2528.04,2,0.0,739.76
IN-2025-104574,10-10-2025,16-10-2025,Standard Class,CU-1073,Kavya Das,Consumer,India,New Delhi,Delhi,North,TEC-COP-125,Technology,Copiers,Copiers model 125,32673.76,1,0.0,14766.02
IN-2024-102434,20-03-2024,26-03-2024,Standard Class,CU-1134,Arjun Patel,Consumer,India,Salem,Tamil Nadu,SOUTH ,TEC-ACC-116,Technology,Accessories,Accessories model 116,7642.16,7,0.0,3111.9
IN-2025-104058,26-05-2025,31-05-2025,Standard Class,CU-1503,Isha Menon,Consumer,India,New Delhi,Delhi,North,OFF-STO-134,Office Supplies,Storage,Storage model 134,3594.75,2,0.0,1184.95
IN-2024-102602,05-05-2024,11-05-2024,Standard Class,CU-1389,Kavya Menon,Consumer,India,New Delhi,Delhi,North,OFF-PAP-106,Office Supplies,Paper,Paper model 106,2054.07,7,0.0,868.87
IN-2023-101345,29-04-2023,03-05-2023,Standard Class,CU-1068,Sneha Gupta,Consumer,India,Patna,Bihar,East,FUR-CHA-111,Furniture,Chairs,Chairs model 111,10507.54,3,0.3,-156.93
IN-2024-103043,18-09-2024,22-09-2024,Standard Class,CU-1247,Meera Menon,Consumer,India,Bhubaneswar,Odisha,East,OFF-BIN-106,Office Supplies,Binders,Binders model 106,1049.67,3,0.15,398.51
IN-2025-103955,28-04-2025,03-05-2025,Standard Class,CU-1596,Karthik Nair,Consumer,India,Thiruvananthapuram,Kerala,South,TEC-MAC-114,Technology,Machines,Machines model 114,46769.15,2,0.0,6842.47
IN-2024-103484,24-12-2024,26-12-2024,Second Class,CU-1273,Pooja Iyer,Consumer,India,Bhubaneswar,Odisha,East,FUR-CHA-110,Furniture,Chairs,Chairs model 110,22724.62,5,0.1,3588.21
IN-2023-101497,20-06-2023,24-06-2023,Standard Class,CU-1451,Vivaan Das,Consumer,India,Ahmedabad,Gujarat,West,OFF-ART-114,Office Supplies,Art,Art model 114,823.03,4,0.05,276.08
IN-2023-102087,18-12-2023,24-12-2023,Standard Class,CU-1093,Aarav Verma,Corporate,India,Thiruvananthapuram,Kerala,South,FUR-TAB-114,Furniture,Tables,Tables model 114,29332.38,3,0.0,2120.42
IN-2025-104359,14-08-2025,21-08-2025,Standard Class,CU-1564,Ashok Das,Corporate,India,New Delhi,Delhi,North,FUR-CHA-102,Furniture,Chairs,Chairs model 102,4366.87,1,0.1,705.23
IN-2022-100279,27-04-2022,30-04-2022,First Class,CU-1226,Aarav Kumar,Home Office,India,New Delhi,Delhi,North,OFF-BIN-121,Office Supplies,Binders,Binders model 121,1123.49,3,0.1,404.13
IN-2025-104476,11-09-2025,14-09-2025,First Class,CU-1410,Karthik Menon,Consumer,India,Ahmedabad,Gujarat,West,OFF-PAP-139,Office Supplies,Paper,Paper model 139,259.02,1,0.0,130.01
IN-2024-103238,02-11-2024,04-11-2024,First Class,CU-1411,Neha Kumar,Corporate,India,Patna,Bihar,East,FUR-TAB-101,Furniture,Tables,Tables model 101,11300.98,2,0.35,-2617.17
IN-2022-100693,20-10-2022,25-10-2022,Standard Class,CU-1332,Manoj Iyer,Consumer,India,Kolkata,West Bengal,East,FUR-BOO-121,Furniture,Bookcases,Bookcases model 121,6798.26,1,0.15,519.42
IN-2023-101361,05-05-2023,08-05-2023,First Class,CU-1453,Aditya Shah,Corporate,India,Ahmedabad,Gujarat,West,OFF-LAB-116,Office Supplies,Labels,Labels model 116,342.26,2,0.0,181.96
IN-2023-101170,05-03-2023,07-03-2023,Second Class,CU-1545,Aditya Das,Consumer,India,New Delhi,Delhi,North,OFF-LAB-132,Office Supplies,Labels,Labels model 132,538.8,4,0.15,266.89
IN-2025-103570,18-01-2025,24-01-2025,Standard Class,CU-1025,Rohit Rao,Consumer,India,Mumbai,Maharashtra,West,TEC-ACC-130,Technology,Accessories,Accessories model 130,4311.58,6,0.3,581.55
IN-2023-101721,07-09-2023,12-09-2023,Standard Class,CU-1427,Deepak Pillai,Home Office,India,Ahmedabad,Gujarat,West,FUR-BOO-108,Furniture,Bookcases,Bookcases model 108,19212.45,3,0.05,1972.52
IN-2025-104100,07-06-2025,08-06-2025,First Class,CU-1575,Karthik Das,Home Office,India,Jaipur,Rajasthan,West,OFF-ART-127,Office Supplies,Art,Art model 127,275.62,2,,4.86
IN-2023-101853,16-10-2023,21-10-2023,Standard Class,CU-1383,Aarav Joshi,Consumer,India,Nagpur,Maharashtra,West,FUR-FUR-124,Furniture,Furnishings,Furnishings model 124,967.93,1,0.25,114.22
IN-2024-102394,09-03-2024,15-03-2024,Standard Class,CU-1520,Priya Nair,Consumer,India,Bengaluru,Karnataka,South,FUR-TAB-133,Furniture,Tables,Tables model 133,53675.34,8,0.15,-2577.2
IN-2023-101618,03-08-2023,06-08-2023,Second Class,CU-1313,Vikram Shah,Consumer,India,Surat,Gujarat,West,OFF-PAP-132,Office Supplies,Paper,Paper model 132,288.37,1,0.0,140.09
IN-2025-104225,09-07-2025,15-07-2025,Standard Class,CU-1532,Neha Reddy,Corporate,India,Surat,Gujarat,West,FUR-TAB-133,Furniture,Tables,Tables model 133,7466.91,1,0.05,124.54
IN-2024-103110,06-10-2024,10-10-2024,Standard Class,CU-1012,Vivaan Shah,Home Office,India,Kolkata,West Bengal,East,TEC-ACC-130,Technology,Accessories,Accessories model 130,1879.34,2,0.25,294.58
IN-2025-104896,13-12-2025,15-12-2025,Second Class,CU-1490,Kavya Das,Consumer,India,Patna,Bihar,East,OFF-BIN-132,Office Supplies,Binders,Binders model 132,308.3,1,0.2,101.75
IN-2023-101546,07-07-2023,13-07-2023,Standard Class,CU-1376,Kavya Reddy,Consumer,India,Salem,Tamil Nadu,South,OFF-PAP-137,Office Supplies,Paper,Paper model 137,295.64,1,0.1,103.95
IN-2024-103502,28-12-2024,04-01-2025,Standard Class,CU-1449,Vikram Patel,Consumer,India,Chennai,Tamil Nadu,South,OFF-STO-135,Office Supplies,Storage,Storage model 135,4015.14,3,0.2,931.34
IN-2023-101817,07-10-2023,12-10-2023,Standard Class,CU-1104,Ashok Sharma,Corporate,India,Mumbai,Maharashtra,West,OFF-BIN-102,Office Supplies,Binders,Binders model 102,1282.04,3,0.05,490.15
IN-2024-102206,16-01-2024,23-01-2024,Standard Class,CU-1583,Aarav Iyer,Home Office,India,New Delhi,Delhi,North,OFF-BIN-137,Office Supplies,Binders,Binders model 137,886.22,2,0.1,363.09
IN-2023-101279,08-04-2023,12-04-2023,Standard Class,CU-1448,Priya Verma,Home Office,India,Noida,Uttar Pradesh,North,TEC-COP-135,Technology,Copiers,Copiers model 135,32140.19,1,0.1,11550.4
IN-2025-104069,31-05-2025,04-06-2025,Standard Class,CU-1538,Manoj Pillai,Consumer,India,Ludhiana,Punjab,North,OFF-ART-129,Office Supplies,Art,Art model 129,705.99,3,0.1,251.6
IN-2024-102823,13-07-2024,19-07-2024,Standard Class,CU-1543,Nisha Shah,Corporate,India,Salem,Tamil Nadu,South,FUR-BOO-129,Furniture,Bookcases,Bookcases model 129,5984.75,1,0.05,1092.12
IN-2025-104285,26-07-2025,31-07-2025,Standard Class,CU-1090,Arjun Joshi,Corporate,India,Nagpur,Maharashtra,West,OFF-LAB-121,Office Supplies,Labels,Labels model 121,156.97,1,0.0,75.72
IN-2024-102571,28-04-2024,01-05-2024,First Class,CU-1033,Meera Menon,Corporate,India,Bhubaneswar,Odisha,East,FUR-BOO-124,Furniture,Bookcases,Bookcases model 124,14067.55,2,0.05,1532.87
IN-2023-101387,15-05-2023,19-05-2023,Standard Class,CU-1283,Kavya Menon,Corporate,India,Thiruvananthapuram,Kerala,South,TEC-COP-105,Technology,Copiers,Copiers model 105,86486.07,3,0.15,19660.32
IN-2022-100479,26-07-2022,28-07-2022,First Class,CU-1097,Aarav Sharma,Home Office,India,New Delhi,Delhi,North,OFF-STO-133,Office Supplies,Storage,Storage model 133,1916.87,1,0.0,576.57
IN-2025-104780,17-11-2025,21-11-2025,Standard Class,CU-1497,Sneha Verma,Consumer,India,Jaipur,Rajasthan,West,TEC-ACC-137,Technology,Accessories,Accessories model 137,"₹2,238.23",2,0.15,687.41
IN-2024-102498,07-04-2024,07-04-2024,Same Day,CU-1375,Kavya Verma,Home Office,India,Bhubaneswar,Odisha,East,TEC-MAC-138,Technology,Machines,Machines model 138,71886.19,3,0.05,7648.65
IN-2024-102500,07-04-2024,11-04-2024,Standard Class,CU-1513,Neha Menon,Consumer,India,Bengaluru,Karnataka,South,FUR-TAB-128,Furniture,Tables,Tables model 128,30251.67,5,0.35,-6306.71
IN-2023-101461,07-06-2023,14-06-2023,Standard Class,CU-1483,Karthik Shah,Consumer,India,Patna,Bihar,East,FUR-FUR-112,Furniture,Furnishings,Furnishings model 112,2407.29,2,0.3,4.84
IN-2024-102551,22-04-2024,28-04-2024,Standard Class,CU-1160,Rohit Patel,Home Office,India,Ludhiana,Punjab,North,OFF-ART-113,Office Supplies,Art,Art model 113,804.41,3,0.0,365.94
IN-2023-102020,29-11-2023,29-11-2023,Same Day,CU-1597,Karthik Joshi,Home Office,India,Chennai,Tamil Nadu,South,OFF-LAB-121,Office Supplies,Labels,Labels model 121,951.22,6,0.0,462.23
IN-2023-101006,08-01-2023,10-01-2023,First Class,CU-1069,Arjun Shah,Consumer,India,Coimbatore,Tamil Nadu,South,TEC-MAC-106,Technology,Machines,Machines model 106,15870.61,1,0.2,190.21
IN-2024-103313,18-11-2024,22-11-2024,Second Class,CU-1340,Vikram Iyer,Consumer,India,Surat,Gujarat,West,TEC-ACC-127,Technology,Accessories,Accessories model 127,4199.33,4,0.0,1545.53
IN-2024-103295,15-11-2024,19-11-2024,Second Class,CU-1296,Sneha Joshi,Consumer,India,Kochi,Kerala,South,FUR-BOO-139,Furniture,Bookcases,Bookcases model 139,10168.48,2,0.3,-824.96
IN-2022-100393,11-06-2022,18-06-2022,Standard Class,CU-1372,Ananya Pillai,Consumer,India,Lucknow,Uttar Pradesh,North,FUR-BOO-104,Furniture,Bookcases,Bookcases model 104,22952.71,4,0.15,1132.45
IN-2022-100318,14-05-2022,19-05-2022,Standard Class,CU-1452,Arjun Kumar,,India,Kolkata,West Bengal,East,OFF-STO-138,Office Supplies,Storage,Storage model 138,5993.51,3,0.0,1736.04
IN-2023-101797,02-10-2023,07-10-2023,Standard Class,CU-1495,Nisha Singh,Corporate,India,Mysuru,Karnataka,South,OFF-LAB-123,Office Supplies,Labels,Labels model 123,169.76,1,0.0,86.84
IN-2024-103233,31-10-2024,07-11-2024,Standard Class,CU-1394,Neha Pillai,Consumer,India,Bengaluru,Karnataka,South,TEC-ACC-111,Technology,Accessories,Accessories model 111,2320.82,2,0.0,979.56
IN-2023-101534,02-07-2023,09-07-2023,Standard Class,CU-1126,Aditya Menon,Home Office,India,Mysuru,Karnataka,South,OFF-PAP-107,Office Supplies,Paper,Paper model 107,514.87,2,0.2,182.2
IN-2025-104075,01-06-2025,06-06-2025,Standard Class,CU-1298,Meera Kumar,Consumer,India,Salem,Tamil Nadu,South,FUR-CHA-100,Furniture,Chairs,Chairs model 100,3887.6,1,0.05,816.6
IN-2024-103424,11-12-2024,15-12-2024,Standard Class,CU-1280,Swathi Gupta,Consumer,India,Surat,Gujarat,West,OFF-BIN-122,Office Supplies,Binders,Binders model 122,1056.52,3,0.15,334.83
IN-2025-103618,29-01-2025,04-02-2025,Standard Class,CU-1449,Vikram Patel,Consumer,India,Mysuru,Karnataka,South,FUR-TAB-117,Furniture,Tables,Tables model 117,8243.02,1,0.2,-391.96
IN-2024-102941,15-08-2024,22-08-2024,Standard Class,CU-1318,Nisha Kumar,Consumer,India,Mysuru,Karnataka,South,TEC-ACC-112,Technology,Accessories,Accessories model 112,"₹1,249.86",1,0.0,470.05
IN-2024-102583,30-04-2024,04-05-2024,Second Class,CU-1279,Karthik Patel,Consumer,India,Kochi,Kerala,South,FUR-CHA-115,Furniture,Chairs,Chairs model 115,4104.74,1,0.05,864.25
IN-2025-104646,22-10-2025,29-10-2025,Standard Class,CU-1417,Kavya Singh,Corporate,India,Kochi,Kerala,South,OFF-PAP-111,Office Supplies,Paper,Paper model 111,569.52,2,0.05,259.47
IN-2024-103293,14-11-2024,19-11-2024,Standard Class,CU-1585,Priya Pillai,Consumer,India,Bengaluru,Karnataka,south,OFF-ART-127,Office Supplies,Art,Art model 127,615.84,3,0.2,141.34
IN-2023-101490,18-06-2023,22-06-2023,Standard Class,CU-1239,Sneha Nair,Corporate,India,Kochi,Kerala,South,TEC-COP-131,Technology,Copiers,Copiers model 131,33914.58,1,0.0,11978.63
IN-2023-102124,25-12-2023,28-12-2023,Second Class,CU-1260,Deepak Kumar,Home Office,India,Jaipur,Rajasthan,West,TEC-ACC-116,Technology,Accessories,Accessories model 116,3728.91,3,0.0,1416.61
IN-2022-100150,13-03-2022,19-03-2022,Standard Class,CU-1141,Kavya Kumar,Consumer,India,Thiruvananthapuram,Kerala,South,TEC-ACC-100,Technology,Accessories,Accessories model 100,3493.44,4,0.3,508.79
IN-2024-103346,24-11-2024,29-11-2024,Standard Class,CU-1313,Vikram Shah,Consumer,India,Nagpur,Maharashtra,West,OFF-BIN-131,Office Supplies,Binders,Binders model 131,2926.01,7,0.0,1201.37
IN-2025-103707,23-02-2025,01-03-2025,Standard Class,CU-1302,Pooja Joshi,Corporate,India,Thiruvananthapuram,Kerala,South,OFF-STO-127,Office Supplies,Storage,Storage model 127,6454.66,4,0.0,1831.81
IN-2024-102260,01-02-2024,04-02-2024,First Class,CU-1264,Divya Shah,Home Office,India,Lucknow,Uttar Pradesh,North,TEC-ACC-121,Technology,Accessories,Accessories model 121,1495.42,2,0.3,137.92
IN-2024-102478,01-04-2024,08-04-2024,Standard Class,CU-1202,Neha Verma,Consumer,India,Hyderabad,Telangana,South,FUR-TAB-101,Furniture,Tables,Tables model 101,45521.48,6,0.1,1138.67
IN-2025-103534,05-01-2025,10-01-2025,Standard Class,CU-1485,Ravi Gupta,Consumer,India,Coimbatore,Tamil Nadu,South,TEC-COP-132,Technology,Copiers,Copiers model 132,70351.93,2,0.05,25877.4
IN-2023-101632,08-08-2023,12-08-2023,Standard Class,CU-1390,Deepak Verma,Home Office,India,Patna,Bihar,East,FUR-TAB-108,Furniture,Tables,Tables model 108,9185.69,1,0.1,16.03
IN-2025-104266,22-07-2025,27-07-2025,Standard Class,CU-1467,Rahul Nair,Corporate,India,Kochi,Kerala,South,OFF-LAB-118,Office Supplies,Labels,Labels model 118,268.51,2,0.05,119.26
IN-2025-104768,15-11-2025,21-11-2025,Standard Class,CU-1388,Divya Kumar,Home Office,India,Patna,Bihar,East,FUR-CHA-139,Furniture,Chairs,Chairs model 139,6292.93,2,0.2,927.07
IN-2025-104763,14-11-2025,18-11-2025,Second Class,CU-1535,Kavya Kumar,Consumer,India,New Delhi,Delhi,North,OFF-STO-114,Office Supplies,Storage,Storage model 114,4725.56,3,0.0,1522.88
IN-2023-101080,02-02-2023,06-02-2023,Standard Class,CU-1089,Suresh Nair,Home Office,India,Jaipur,Rajasthan,West,TEC-MAC-121,Technology,Machines,Machines model 121,23068.5,1,0.0,3891.98
IN-2025-104500,18-09-2025,20-09-2025,Second Class,CU-1032,Manoj Gupta,Corporate,India,New Delhi,Delhi,North,TEC-ACC-122,Technology,Accessories,Accessories model 122,1168.23,1,0.0,436.3
IN-2024-102518,14-04-2024,18-04-2024,Standard Class,CU-1343,Swathi Menon,Consumer,India,Nagpur,Maharashtra,West,TEC-COP-134,Technology,Copiers,Copiers model 134,68119.44,2,0.0,27288.34
IN-2024-103067,26-09-2024,26-09-2024,Same Day,CU-1416,Sneha Menon,Corporate,India,Jaipur,Rajasthan,West,FUR-BOO-122,Furniture,Bookcases,Bookcases model 122,12125.39,2,0.05,1179.19
IN-2024-103146,12-10-2024,18-10-2024,Standard Class,CU-1405,Isha Das,Home Office,India,Kolkata,West Bengal,East,FUR-TAB-132,Furniture,Tables,Tables model 132,33025.05,4,0.2,-2249.08
IN-2022-100732,31-10-2022,04-11-2022,Standard Class,CU-1485,Ravi Gupta,Consumer,India,New Delhi,Delhi,North,OFF-BIN-112,Office Supplies,Binders,Binders model 112,711.29,2,0.2,212.52
IN-2023-102064,10-12-2023,16-12-2023,Standard Class,CU-1408,Ravi Sharma,Home Office,India,New Delhi,Delhi,North,FUR-BOO-112,Furniture,Bookcases,Bookcases model 112,17688.34,3,0.15,1167.19
IN-2025-104201,03-07-2025,05-07-2025,First Class,CU-1401,Suresh Verma,Consumer,India,Kochi,Kerala,South,OFF-STO-139,Office Supplies,Storage,Storage model 139,2970.49,2,0.05,846.74
IN-2023-101048,21-01-2023,25-01-2023,Standard Class,CU-1167,Meera Rao,Home Office,India,Mysuru,Karnataka,South,OFF-BIN-113,Office Supplies,Binders,Binders model 113,284.6,1,0.4,32.34
IN-2023-101366,06-05-2023,08-05-2023,Second Class,CU-1376,Kavya Reddy,Consumer,India,Chennai,Tamil Nadu,South,TEC-MAC-121,Technology,Machines,Machines model 121,"₹17,890.42",1,0.1,1181.1
IN-2024-102703,05-06-2024,08-06-2024,Second Class,CU-1217,Manoj Rao,Home Office,India,Noida,Uttar Pradesh,North,TEC-ACC-118,Technology,Accessories,Accessories model 118,1201.71,1,0.1,344.21
IN-2025-104875,08-12-2025,10-12-2025,First Class,CU-1598,Nisha Joshi,Consumer,India,Ludhiana,Punjab,North,OFF-PAP-125,Office Supplies,Paper,Paper model 125,1443.59,5,0.15,511.97
IN-2023-101133,22-02-2023,28-02-2023,Standard Class,CU-1272,Rohit Pillai,Home Office,India,Thiruvananthapuram,Kerala,South,TEC-COP-110,Technology,Copiers,Copiers model 110,31661.4,1,0.15,9872.25
IN-2022-100060,29-01-2022,02-02-2022,Standard Class,CU-1030,Aarav Iyer,Consumer,India,Ahmedabad,Gujarat,West,FUR-TAB-139,Furniture,Tables,Tables model 139,9654.02,1,0.05,474.94
IN-2025-103638,04-02-2025,06-02-2025,First Class,CU-1062,Sneha Sharma,Consumer,India,Hyderabad,Telangana,South,TEC-MAC-131,Technology,Machines,Machines model 131,56297.72,3,0.2,2132.12
IN-2023-102000,25-11-2023,30-11-2023,Standard Class,CU-1311,Divya Verma,Consumer,India,Salem,Tamil Nadu,South,OFF-ART-116,Office Supplies,Art,Art model 116,403.44,2,0.1,132.19
IN-2023-101586,22-07-2023,27-07-2023,Standard Class,CU-1040,Arjun Gupta,Corporate,India,New Delhi,Delhi,NORTH ,TEC-COP-130,Technology,Copiers,Copiers model 130,109012.23,3,0.0,36641.92
IN-2024-102963,25-08-2024,31-08-2024,Standard Class,CU-1492,Rahul Verma,Consumer,India,Mysuru,Karnataka,South,OFF-BIN-116,Office Supplies,Binders,Binders model 116,778.3,2,0.05,283.47
IN-2022-100371,02-06-2022,09-06-2022,Standard Class,CU-1050,Vikram Sharma,Home Office,India,Bengaluru,Karnataka,South,TEC-MAC-109,Technology,Machines,Machines model 109,20761.82,1,0.0,2931.53
IN-2022-100405,19-06-2022,26-06-2022,Standard Class,CU-1199,Neha Pillai,Consumer,India,Mysuru,Karnataka,South,OFF-STO-119,Office Supplies,Storage,Storage model 119,1701.61,1,0.05,523.02
IN-2023-101242,30-03-2023,02-04-2023,First Class,CU-1210,Rahul Iyer,Home Office,India,Hyderabad,Telangana,South,FUR-CHA-116,Furniture,Chairs,Chairs model 116,21926.67,5,0.0,6698.99
IN-2024-103187,20-10-2024,26-10-2024,Standard Class,CU-1474,Manoj Rao,Home Office,India,Patna,Bihar,East,FUR-CHA-121,Furniture,Chairs,Chairs model 121,3079.27,1,0.2,217.17
IN-2025-103560,12-01-2025,19-01-2025,Standard Class,CU-1416,Sneha Menon,Corporate,India,Patna,Bihar,East,OFF-ART-106,Office Supplies,Art,Art model 106,250.2,1,0.05,78.79
IN-2023-102011,27-11-2023,30-11-2023,Second Class,CU-1377,Meera Reddy,Consumer,India,Kolkata,West Bengal,East,OFF-PAP-102,Office Supplies,Paper,Paper model 102,838.92,3,0.1,331.54
IN-2025-104715,03-11-2025,09-11-2025,Standard Class,CU-1054,Isha Nair,Consumer,India,Bhubaneswar,Odisha,East,OFF-BIN-106,Office Supplies,Binders,Binders model 106,364.05,1,0.15,131.75
IN-2025-103694,20-02-2025,24-02-2025,Second Class,CU-1415,Manoj Joshi,Consumer,India,New Delhi,Delhi,NORTH ,OFF-PAP-133,Office Supplies,Paper,Paper model 133,303.24,1,0.0,137.42
IN-2025-104677,27-10-2025,03-11-2025,Standard Class,CU-1245,Aditya Gupta,Corporate,India,New Delhi,Delhi,North,OFF-LAB-121,Office Supplies,Labels,Labels model 121,373.93,3,0.1,156.33
IN-2024-102368,03-03-2024,07-03-2024,Second Class,CU-1294,Ravi Iyer,Consumer,India,Kolkata,West Bengal,East,OFF-PAP-132,Office Supplies,Paper,Paper model 132,533.85,2,0.15,197.37
IN-2024-102288,08-02-2024,12-02-2024,Standard Class,CU-1409,Aditya Joshi,Corporate,India,Ahmedabad,Gujarat,West,OFF-BIN-105,Office Supplies,Binders,Binders model 105,928.86,2,0.0,391.25
IN-2025-104594,13-10-2025,18-10-2025,Standard Class,CU-1555,Priya Shah,Consumer,India,Pune,Maharashtra,West,TEC-PHO-108,Technology,Phones,Phones model 108,16354.78,1,0.0,4502.09
IN-2023-102144,30-12-2023,04-01-2024,Standard Class,CU-1497,Sneha Verma,Consumer,India,New Delhi,Delhi,North,OFF-PAP-107,Office Supplies,Paper,Paper model 107,630.19,2,0.0,309.67
IN-2024-103382,01-12-2024,01-12-2024,Same Day,CU-1321,Neha Verma,Corporate,India,Bhubaneswar,Odisha,East,FUR-FUR-134,Furniture,Furnishings,Furnishings model 134,4493.23,3,0.1,1017.43
IN-2024-103042,18-09-2024,22-09-2024,Standard Class,CU-1336,Kavya Iyer,Corporate,India,Hyderabad,Telangana,South,TEC-PHO-103,Technology,Phones,Phones model 103,13093.67,1,0.0,3116.37
IN-2024-102208,17-01-2024,24-01-2024,Standard Class,CU-1513,Neha Menon,Consumer,India,Noida,Uttar Pradesh,North,OFF-BIN-133,Office Supplies,Binders,Binders model 133,1363.73,3,0.1,553.28
IN-2025-104258,19-07-2025,23-07-2025,Standard Class,CU-1256,Vivaan Sharma,Home Office,India,Hyderabad,Telangana,South,FUR-BOO-122,Furniture,Bookcases,Bookcases model 122,18683.6,3,0.05,3435.24
IN-2025-104247,15-07-2025,18-07-2025,First Class,CU-1280,Swathi Gupta,Consumer,India,Bengaluru,Karnataka,South,OFF-LAB-125,Office Supplies,Labels,Labels model 125,287.96,2,0.1,131.57
IN-2022-100598,18-09-2022,21-09-2022,Second Class,CU-1476,Kavya Das,Consumer,India,Thiruvananthapuram,Kerala,South,OFF-PAP-127,Office Supplies,Paper,Paper model 127,862.1,3,0.05,407.54
IN-2025-104010,14-05-2025,18-05-2025,Standard Class,CU-1445,Vikram Iyer,Corporate,India,New Delhi,Delhi,North,OFF-BIN-112,Office Supplies,Binders,Binders model 112,612.51,2,0.3,132.0
IN-2023-101377,10-05-2023,16-05-2023,Standard Class,CU-1152,Rahul Gupta,Consumer,India,New Delhi,Delhi,North,FUR-TAB-112,Furniture,Tables,Tables model 112,6837.65,1,0.2,-275.85
IN-2022-100465,19-07-2022,24-07-2022,Standard Class,CU-1307,Ananya Shah,Home Office,India,New Delhi,Delhi,North,FUR-FUR-133,Furniture,Furnishings,Furnishings model 133,9865.02,7,0.05,2003.02
IN-2025-103641,05-02-2025,12-02-2025,Standard Class,CU-1508,Kavya Singh,Consumer,India,Mumbai,Maharashtra,West,OFF-LAB-110,Office Supplies,Labels,Labels model 110,298.75,2,0.0,162.6
IN-2023-101478,14-06-2023,20-06-2023,Standard Class,CU-1438,Rahul Rao,Home Office,India,Bhubaneswar,Odisha,East,FUR-FUR-115,Furniture,Furnishings,Furnishings model 115,3070.85,2,0.1,882.44
IN-2023-102008,27-11-2023,01-12-2023,Second Class,CU-1482,Ravi Sharma,Consumer,India,Jaipur,Rajasthan,West,TEC-ACC-115,Technology,Accessories,Accessories model 115,4739.61,5,0.1,1541.08
IN-2025-104640,21-10-2025,27-10-2025,Standard Class,CU-1083,Arjun Gupta,Consumer,India,New Delhi,Delhi,North,FUR-BOO-135,Furniture,Bookcases,Bookcases model 135,10894.97,2,0.1,713.41
IN-2024-102783,02-07-2024,04-07-2024,First Class,CU-1222,Rahul Verma,Consumer,India,New Delhi,Delhi,North,TEC-ACC-106,Technology,Accessories,Accessories model 106,1040.44,1,0.0,344.23
IN-2025-104298,29-07-2025,03-08-2025,Standard Class,CU-1476,Kavya Das,Consumer,India,Thiruvananthapuram,Kerala,South,FUR-TAB-139,Furniture,Tables,Tables model 139,25553.37,4,0.25,-2670.05
IN-2025-104167,23-06-2025,23-06-2025,Same Day,CU-1532,Neha Reddy,Corporate,India,Amritsar,Punjab,North,OFF-PAP-114,Office Supplies,Paper,Paper model 114,263.28,1,0.15,98.79
IN-2024-102892,31-07-2024,05-08-2024,Standard Class,CU-1140,Neha Joshi,Home Office,India,Bhubaneswar,Odisha,East,OFF-ART-137,Office Supplies,Art,Art model 137,342.7,2,0.2,78.17
IN-2023-102097,21-12-2023,25-12-2023,Standard Class,CU-1390,DEEPAK VERMA,Home Office,India,Pune,Maharashtra,West,OFF-LAB-123,Office Supplies,Labels,Labels model 123,143.77,1,0.0,69.32
IN-2025-104427,30-08-2025,03-09-2025,Standard Class,CU-1172,Karthik Pillai,Corporate,India,Ahmedabad,Gujarat,West,TEC-COP-105,Technology,Copiers,Copiers model 105,28021.25,1,0.3,4143.09
IN-2024-103262,07-11-2024,09-11-2024,Second Class,CU-1332,Manoj Iyer,Consumer,India,Kolkata,West Bengal,East,TEC-MAC-113,Technology,Machines,Machines model 113,30172.88,2,0.2,-575.3
IN-2025-104655,24-10-2025,29-10-2025,Standard Class,CU-1522,Arjun Menon,Corporate,India,Pune,Maharashtra,West,FUR-TAB-130,Furniture,Tables,Tables model 130,17816.51,2,,1017.38
IN-2022-100001,01-01-2022,03-01-2022,First Class,CU-1326,Neha Nair,Home Office,India,Bhubaneswar,Odisha,East,OFF-BIN-131,Office Supplies,Binders,Binders model 131,977.28,3,0.2,309.97
IN-2025-104733,07-11-2025,14-11-2025,Standard Class,CU-1033,Meera Menon,Corporate,India,Bengaluru,Karnataka,South,OFF-ART-115,Office Supplies,Art,Art model 115,436.58,2,0.0,178.81
IN-2025-104505,20-09-2025,22-09-2025,First Class,CU-1392,Kavya Nair,Corporate,India,Mysuru,Karnataka,South,OFF-STO-138,Office Supplies,Storage,Storage model 138,3800.33,2,0.05,1200.29
IN-2024-102634,15-05-2024,17-05-2024,Second Class,CU-1382,Sneha Kumar,Consumer,India,Surat,Gujarat,West,TEC-COP-111,Technology,Copiers,Copiers model 111,57341.8,2,0.2,13596.41
IN-2023-101154,28-02-2023,03-03-2023,Second Class,CU-1167,Meera Rao,Home Office,India,Bengaluru,Karnataka,South,TEC-ACC-100,Technology,Accessories,Accessories model 100,3662.39,3,,1206.92
IN-2024-102869,26-07-2024,26-07-2024,Same Day,CU-1533,Vivaan Patel,Home Office,India,Bengaluru,Karnataka,South,OFF-BIN-105,Office Supplies,Binders,Binders model 105,1433.95,3,0.0,661.62
IN-2025-104206,04-07-2025,07-07-2025,Second Class,CU-1575,Karthik Das,Home Office,India,Mumbai,Maharashtra,West,OFF-ART-103,Office Supplies,Art,Art model 103,258.9,1,0.0,110.4
IN-2025-104208,04-07-2025,06-07-2025,Second Class,CU-1533,Vivaan Patel,Home Office,India,Bhubaneswar,Odisha,East,TEC-PHO-137,Technology,Phones,Phones model 137,14517.37,1,0.05,3135.91
IN-2025-104740,09-11-2025,13-11-2025,Standard Class,CU-1094,Ananya Singh,Consumer,India,Jaipur,Rajasthan,West,TEC-MAC-118,Technology,Machines,Machines model 118,40380.29,2,0.05,6535.17
IN-2025-104668,26-10-2025,31-10-2025,Standard Class,CU-1164,Rohit Pillai,Corporate,India,Amritsar,Punjab,North,OFF-BIN-100,Office Supplies,Binders,Binders model 100,926.69,2,0.0,361.44
IN-2024-103279,11-11-2024,13-11-2024,First Class,CU-1557,Ananya Menon,Home Office,India,Patna,Bihar,East,FUR-BOO-123,Furniture,Bookcases,Bookcases model 123,23273.8,5,0.35,-3091.46
IN-2024-102847,18-07-2024,25-07-2024,Standard Class,CU-1581,Aditya Kumar,Corporate,India,New Delhi,Delhi,North,FUR-FUR-108,Furniture,Furnishings,Furnishings model 108,1419.05,1,0.1,352.56
IN-2024-102312,14-02-2024,18-02-2024,Standard Class,CU-1048,Rohit Patel,Corporate,India,Noida,Uttar Pradesh,North,FUR-CHA-106,Furniture,Chairs,Chairs model 106,12741.84,3,0.0,2037.11
IN-2023-101680,25-08-2023,29-08-2023,Standard Class,CU-1564,Ashok Das,Corporate,India,Hyderabad,Telangana,South,OFF-ART-108,Office Supplies,Art,Art model 108,508.26,2,0.0,220.86
IN-2023-101570,15-07-2023,22-07-2023,Standard Class,CU-1265,Priya Verma,Consumer,India,Patna,Bihar,East,TEC-PHO-106,Technology,Phones,Phones model 106,65365.58,5,0.05,15202.64
IN-2022-100903,11-12-2022,15-12-2022,Standard Class,CU-1511,Suresh Joshi,Corporate,India,Thiruvananthapuram,Kerala,South,OFF-LAB-120,Office Supplies,Labels,Labels model 120,808.84,7,0.3,191.41
IN-2023-101334,25-04-2023,30-04-2023,Standard Class,CU-1463,Kavya Iyer,Consumer,India,Thiruvananthapuram,Kerala,South,FUR-CHA-135,Furniture,Chairs,Chairs model 135,3743.11,1,0.25,26.77
IN-2023-102079,15-12-2023,17-12-2023,First Class,CU-1215,Ashok Kumar,Corporate,India,Noida,Uttar Pradesh,North,FUR-TAB-132,Furniture,Tables,Tables model 132,19053.77,2,0.05,1181.47
IN-2025-104751,12-11-2025,17-11-2025,Standard Class,CU-1571,Isha Singh,Corporate,India,Ahmedabad,Gujarat,West,OFF-ART-125,Office Supplies,Art,Art model 125,542.01,2,0.0,220.43
IN-2023-100992,03-01-2023,08-01-2023,Standard Class,CU-1362,Arjun Kumar,Home Office,India,Lucknow,Uttar Pradesh,North,OFF-PAP-116,Office Supplies,Paper,Paper model 116,1073.06,5,0.2,382.15
IN-2025-103790,19-03-2025,25-03-2025,Standard Class,CU-1588,Rohit Das,Corporate,India,Hyderabad,Telangana,South,FUR-TAB-116,Furniture,Tables,Tables model 116,7771.33,1,0.05,402.64
IN-2025-103583,21-01-2025,26-01-2025,Standard Class,CU-1331,Aditya Patel,Home Office,India,Coimbatore,Tamil Nadu,South,OFF-PAP-107,Office Supplies,Paper,Paper model 107,300.33,1,0.1,119.86
IN-2025-104177,25-06-2025,29-06-2025,Standard Class,CU-1502,Isha Sharma,Consumer,India,Pune,Maharashtra,West,OFF-BIN-135,Office Supplies,Binders,Binders model 135,432.21,1,0.15,137.46
IN-2023-101620,04-08-2023,07-08-2023,Second Class,CU-1450,Swathi Iyer,Corporate,India,Kolkata,West Bengal,East,OFF-ART-101,Office Supplies,Art,Art model 101,445.5,2,0.2,115.56
IN-2025-104651,23-10-2025,29-10-2025,Standard Class,CU-1226,Aarav Kumar,Home Office,India,Thiruvananthapuram,Kerala,South,TEC-MAC-102,Technology,Machines,Machines model 102,17480.52,1,0.3,-1608.57
IN-2024-102885,30-07-2024,04-08-2024,Standard Class,CU-1347,Ravi Reddy,Consumer,India,Noida,Uttar Pradesh,North,OFF-BIN-106,Office Supplies,Binders,Binders model 106,1649.64,4,0.0,650.27
IN-2025-104455,05-09-2025,07-09-2025,Second Class,CU-1021,Nisha Nair,Home Office,India,Noida,Uttar Pradesh,North,FUR-TAB-134,Furniture,Tables,Tables model 134,9007.27,1,0.05,1039.25
IN-2023-101625,06-08-2023,08-08-2023,Second Class,CU-1179,Neha Verma,Corporate,India,Madurai,Tamil Nadu,South,TEC-PHO-121,Technology,Phones,Phones model 121,23632.42,2,0.3,887.37
IN-2024-102153,01-01-2024,05-01-2024,Standard Class,CU-1406,Ashok Kumar,Consumer,India,Thiruvananthapuram,Kerala,South,TEC-COP-108,Technology,Copiers,Copiers model 108,44142.59,2,0.4,2090.42
IN-2025-104497,18-09-2025,20-09-2025,First Class,CU-1094,Ananya Singh,,India,Kochi,Kerala,SOUTH ,TEC-PHO-104,Technology,Phones,Phones model 104,60848.5,4,0.05,14236.97
IN-2024-102342,23-02-2024,25-02-2024,Second Class,CU-1593,Karthik Iyer,Home Office,India,Lucknow,Uttar Pradesh,North,OFF-LAB-104,Office Supplies,Labels,Labels model 104,637.28,5,0.15,264.55
IN-2024-103265,08-11-2024,13-11-2024,Standard Class,CU-1084,Suresh Pillai,Corporate,India,Hyderabad,Telangana,South,TEC-COP-101,Technology,Copiers,Copiers model 101,148568.34,4,0.0,60898.12
IN-2023-101245,30-03-2023,01-04-2023,First Class,CU-1090,Arjun Joshi,Corporate,India,Surat,Gujarat,West,TEC-ACC-138,Technology,Accessories,Accessories model 138,6360.0,5,0.05,2225.24
IN-2022-100712,25-10-2022,28-10-2022,Second Class,CU-1042,Ananya Pillai,Consumer,India,Ludhiana,Punjab,North,TEC-COP-137,Technology,Copiers,Copiers model 137,31127.26,1,0.1,11345.89
IN-2022-100372,03-06-2022,07-06-2022,Standard Class,CU-1202,Neha Verma,Consumer,India,Surat,Gujarat,West,FUR-FUR-109,Furniture,Furnishings,Furnishings model 109,8499.72,6,0.1,2261.1
IN-2024-102894,31-07-2024,01-08-2024,First Class,CU-1005,Divya Sharma,Consumer,India,Amritsar,Punjab,North,OFF-LAB-114,Office Supplies,Labels,Labels model 114,115.43,1,0.2,44.68
IN-2025-103693,20-02-2025,24-02-2025,Standard Class,CU-1201,Aarav Patel,Home Office,India,Ludhiana,Punjab,North,TEC-PHO-131,Technology,Phones,Phones model 131,14023.71,1,0.15,2192.89
IN-2025-104691,29-10-2025,04-11-2025,Standard Class,CU-1259,Neha Patel,Corporate,India,Thiruvananthapuram,Kerala,South,TEC-PHO-112,Technology,Phones,Phones model 112,42956.06,3,0.0,10511.47
IN-2023-101559,12-07-2023,15-07-2023,First Class,CU-1138,Divya Rao,Consumer,India,Ludhiana,Punjab,North,FUR-BOO-113,Furniture,Bookcases,Bookcases model 113,15635.39,2,0.0,1871.97
IN-2023-101093,07-02-2023,09-02-2023,First Class,CU-1106,Nisha Rao,Corporate,India,Kolkata,West Bengal,East,OFF-PAP-115,Office Supplies,Paper,Paper model 115,447.34,2,0.25,132.83
IN-2024-103278,11-11-2024,14-11-2024,Second Class,CU-1543,Nisha Shah,Corporate,India,New Delhi,Delhi,North,TEC-ACC-113,Technology,Accessories,Accessories model 113,2566.3,2,0.0,955.86
IN-2024-102578,29-04-2024,03-05-2024,Standard Class,CU-1541,Rahul Reddy,Home Office,India,Lucknow,Uttar Pradesh,North,TEC-ACC-112,Technology,Accessories,Accessories model 112,2258.75,2,0.0,834.28
IN-2024-102957,23-08-2024,27-08-2024,Standard Class,CU-1369,Priya Reddy,Consumer,India,Pune,Maharashtra,West,FUR-BOO-102,Furniture,Bookcases,Bookcases model 102,25262.92,4,0.05,3412.46
IN-2023-101137,24-02-2023,02-03-2023,Standard Class,CU-1029,Kavya Nair,Corporate,India,Nagpur,Maharashtra,West,OFF-PAP-130,Office Supplies,Paper,Paper model 130,311.33,1,0.05,147.2
IN-2025-104372,17-08-2025,24-08-2025,Standard Class,CU-1479,Aarav Verma,Consumer,India,Jaipur,Rajasthan,West,FUR-BOO-131,Furniture,Bookcases,Bookcases model 131,22024.16,5,0.35,-2830.17
IN-2022-100123,03-03-2022,07-03-2022,Standard Class,CU-1304,Priya Joshi,Consumer,India,Mumbai,Maharashtra,West,TEC-COP-115,Technology,Copiers,Copiers model 115,27675.75,1,0.15,9203.65
IN-2024-102460,27-03-2024,27-03-2024,Same Day,CU-1140,Neha Joshi,Home Office,India,Jaipur,Rajasthan,West,FUR-FUR-104,Furniture,Furnishings,Furnishings model 104,3854.62,3,0.0,1104.85
IN-2024-102582,30-04-2024,04-05-2024,Second Class,CU-1394,Neha Pillai,Consumer,India,Salem,Tamil Nadu,South,FUR-CHA-139,Furniture,Chairs,Chairs model 139,17232.71,4,0.0,4531.79
IN-2022-100026,11-01-2022,15-01-2022,Second Class,CU-1421,Nisha Kumar,Corporate,India,Bengaluru,Karnataka,South,OFF-LAB-105,Office Supplies,Labels,Labels model 105,548.57,4,0.0,276.74
IN-2024-103179,19-10-2024,26-10-2024,Standard Class,CU-1519,Ananya Singh,Consumer,India,Amritsar,Punjab,North,TEC-COP-124,Technology,Copiers,Copiers model 124,90619.52,3,0.0,35677.77
IN-2023-101352,02-05-2023,08-05-2023,Standard Class,CU-1058,Kavya Iyer,Home Office,India,New Delhi,Delhi,North,OFF-STO-137,Office Supplies,Storage,Storage model 137,5490.26,3,0.0,1625.94
IN-2023-101058,23-01-2023,26-01-2023,Second Class,CU-1023,Isha Pillai,Corporate,India,Chennai,Tamil Nadu,South,OFF-BIN-107,Office Supplies,Binders,Binders model 107,328.65,1,0.3,65.9
IN-2022-100974,29-12-2022,02-01-2023,Standard Class,CU-1394,Neha Pillai,Consumer,India,Mysuru,Karnataka,South,TEC-PHO-108,Technology,Phones,Phones model 108,57024.06,5,0.3,2983.05
IN-2024-102873,27-07-2024,29-07-2024,Second Class,CU-1576,Ashok Iyer,Home Office,India,Mumbai,Maharashtra,West,OFF-STO-117,Office Supplies,Storage,Storage model 117,4892.52,3,0.05,1308.58
IN-2024-102311,13-02-2024,13-02-2024,Same Day,CU-1469,Sneha Shah,Consumer,India,Amritsar,Punjab,North,OFF-BIN-139,Office Supplies,Binders,Binders model 139,361.07,1,0.3,64.03
IN-2023-101504,21-06-2023,25-06-2023,Second Class,CU-1248,Ashok Verma,Corporate,India,Chennai,Tamil Nadu,South,TEC-MAC-120,Technology,Machines,Machines model 120,18355.57,1,0.05,2151.04
IN-2023-101212,21-03-2023,26-03-2023,Standard Class,CU-1472,Sneha Iyer,Consumer,India,Mumbai,Maharashtra,West,TEC-PHO-125,Technology,Phones,Phones model 125,79825.9,6,0.0,21345.27
IN-2025-104495,17-09-2025,21-09-2025,Standard Class,CU-1315,Rohit Gupta,Corporate,India,Ahmedabad,Gujarat,West,OFF-LAB-128,Office Supplies,Labels,Labels model 128,777.36,6,0.05,349.31
IN-2023-101084,04-02-2023,10-02-2023,Standard Class,CU-1426,Ashok Iyer,Consumer,India,Surat,Gujarat,West,OFF-LAB-138,Office Supplies,Labels,Labels model 138,337.27,2,0.0,173.66
IN-2024-103466,21-12-2024,22-12-2024,First Class,CU-1499,Suresh Menon,Consumer,India,Ahmedabad,Gujarat,West,TEC-COP-109,Technology,Copiers,Copiers model 109,34554.05,1,0.1,10545.03
IN-2024-102887,30-07-2024,01-08-2024,Second Class,CU-1003,Rohit Sharma,Home Office,India,Coimbatore,Tamil Nadu,South,FUR-TAB-121,Furniture,Tables,Tables model 121,50751.83,5,0.0,2238.76
IN-2024-102453,25-03-2024,28-03-2024,Second Class,CU-1494,Lakshmi Singh,Consumer,India,Mumbai,Maharashtra,West,TEC-PHO-131,Technology,Phones,Phones model 131,12711.61,1,0.1,2753.26
IN-2024-102905,05-08-2024,10-08-2024,Standard Class,CU-1177,Arjun Gupta,Corporate,India,Kochi,Kerala,South,FUR-TAB-128,Furniture,Tables,Tables model 128,36232.11,4,0.05,2144.93
IN-2022-100872,04-12-2022,08-12-2022,Standard Class,CU-1230,Kavya Verma,Corporate,India,Kolkata,West Bengal,East,TEC-PHO-115,Technology,Phones,Phones model 115,24741.89,2,0.1,4518.21
IN-2022-100806,16-11-2022,23-11-2022,Standard Class,CU-1197,Priya Gupta,Corporate,India,Lucknow,Uttar Pradesh,North,TEC-MAC-122,Technology,Machines,Machines model 122,50036.7,2,0.0,6505.57
IN-2023-101990,22-11-2023,28-11-2023,Standard Class,CU-1363,Neha Sharma,Consumer,India,Surat,Gujarat,West,OFF-LAB-114,Office Supplies,Labels,Labels model 114,520.39,5,0.3,163.41
IN-2024-102778,30-06-2024,30-06-2024,Same Day,CU-1302,Pooja Joshi,Corporate,India,Patna,Bihar,East,OFF-ART-104,Office Supplies,Art,Art model 104,437.35,2,0.15,109.84
IN-2024-102694,02-06-2024,06-06-2024,Standard Class,CU-1076,Ravi Pillai,Home Office,India,Coimbatore,Tamil Nadu,South,TEC-ACC-135,Technology,Accessories,Accessories model 135,2534.02,2,0.0,981.19
IN-2025-104196,02-07-2025,08-07-2025,Standard Class,CU-1542,Nisha Joshi,Home Office,India,Coimbatore,Tamil Nadu,South,FUR-FUR-121,Furniture,Furnishings,Furnishings model 121,1234.97,1,0.1,338.92
IN-2023-101380,12-05-2023,17-05-2023,Standard Class,CU-1520,Priya Nair,Consumer,India,Bhubaneswar,Odisha,East,TEC-PHO-134,Technology,Phones,Phones model 134,25407.44,2,0.1,5743.58
IN-2024-102475,30-03-2024,04-04-2024,Standard Class,CU-1352,Karthik Iyer,Home Office,India,Bengaluru,Karnataka,South,TEC-COP-123,Technology,Copiers,Copiers model 123,115068.73,3,0.0,50334.77
IN-2024-102430,20-03-2024,22-03-2024,Second Class,CU-1108,Aarav Rao,Corporate,India,Hyderabad,Telangana,South,OFF-BIN-132,Office Supplies,Binders,Binders model 132,2457.68,6,0.0,999.07
IN-2025-104143,16-06-2025,20-06-2025,Second Class,CU-1395,Kavya Verma,Corporate,India,Ahmedabad,Gujarat,West,OFF-STO-103,Office Supplies,Storage,Storage model 103,5075.15,3,0.05,1659.39
IN-2022-100358,30-05-2022,01-06-2022,Second Class,CU-1119,Ananya Das,Corporate,India,Bengaluru,Karnataka,South,OFF-ART-102,Office Supplies,Art,Art model 102,782.79,5,0.4,21.34
IN-2022-100423,30-06-2022,05-07-2022,Standard Class,CU-1463,Kavya Iyer,Consumer,India,Bhubaneswar,Odisha,East,OFF-BIN-116,Office Supplies,Binders,Binders model 116,735.7,2,0.2,227.77
IN-2022-100251,18-04-2022,20-04-2022,Second Class,CU-1206,Aarav Menon,Corporate,India,Noida,Uttar Pradesh,North,FUR-BOO-119,Furniture,Bookcases,Bookcases model 119,4486.46,1,0.25,-184.71
IN-2025-104834,29-11-2025,05-12-2025,Standard Class,CU-1573,Nisha Nair,Consumer,India,Amritsar,Punjab,North,OFF-STO-134,Office Supplies,Storage,Storage model 134,1553.02,1,0.1,341.18
IN-2023-101628,07-08-2023,11-08-2023,Standard Class,CU-1102,Divya Das,Consumer,India,Hyderabad,Telangana,South,TEC-COP-131,Technology,Copiers,Copiers model 131,92035.8,3,0.2,23989.06
IN-2023-101116,17-02-2023,21-02-2023,Standard Class,CU-1476,Kavya Das,Consumer,India,Hyderabad,Telangana,South,TEC-COP-112,Technology,Copiers,Copiers model 112,25714.31,1,0.2,5928.72
IN-2025-104092,05-06-2025,09-06-2025,Standard Class,CU-1131,Vikram Iyer,Home Office,India,Thiruvananthapuram,Kerala,South,OFF-PAP-136,Office Supplies,Paper,Paper model 136,573.79,2,0.15,207.48
IN-2025-104218,06-07-2025,09-07-2025,First Class,CU-1181,Arjun Joshi,Consumer,India,Kolkata,West Bengal,East,OFF-PAP-116,Office Supplies,Paper,Paper model 116,533.56,2,0.1,227.72
IN-2024-103017,10-09-2024,17-09-2024,Standard Class,CU-1154,Isha Singh,Corporate,India,Hyderabad,Telangana,South,TEC-PHO-101,Technology,Phones,Phones model 101,55735.89,4,0.1,10754.7
IN-2023-101032,15-01-2023,22-01-2023,Standard Class,CU-1233,Ananya Gupta,Corporate,India,Jaipur,Rajasthan,West,OFF-LAB-130,Office Supplies,Labels,Labels model 130,142.56,1,0.0,73.02
IN-2025-104257,19-07-2025,20-07-2025,First Class,CU-1107,Ananya Iyer,Corporate,India,Bhubaneswar,Odisha,East,TEC-ACC-120,Technology,Accessories,Accessories model 120,1195.32,1,0.05,401.78
IN-2024-102383,06-03-2024,11-03-2024,Standard Class,CU-1596,Karthik Nair,Consumer,India,Noida,Uttar Pradesh,North,OFF-PAP-118,Office Supplies,Paper,Paper model 118,304.84,1,0.0,144.96
IN-2024-102369,03-03-2024,06-03-2024,Second Class,CU-1500,Kavya Shah,Consumer,India,New Delhi,Delhi,North,FUR-TAB-125,Furniture,Tables,Tables model 125,14244.51,2,0.2,-840.02
IN-2024-103309,17-11-2024,21-11-2024,Second Class,CU-1570,Rohit Kumar,Corporate,India,Amritsar,Punjab,North,OFF-BIN-130,Office Supplies,Binders,Binders model 130,1931.13,5,0.2,526.86
IN-2023-101547,07-07-2023,11-07-2023,Standard Class,CU-1426,Ashok Iyer,Consumer,India,Bengaluru,Karnataka,South,OFF-STO-128,Office Supplies,Storage,Storage model 128,7054.25,4,0.05,2145.84
IN-2023-101885,25-10-2023,30-10-2023,Standard Class,CU-1416,Sneha Menon,Corporate,India,Hyderabad,Telangana,South,OFF-PAP-102,Office Supplies,Paper,Paper model 102,509.85,2,0.1,239.45
IN-2025-104814,24-11-2025,01-12-2025,Standard Class,CU-1504,Arjun Joshi,Consumer,India,New Delhi,Delhi,North,OFF-LAB-102,Office Supplies,Labels,Labels model 102,171.23,1,0.0,84.97
IN-2022-100070,05-02-2022,07-02-2022,First Class,CU-1192,Ravi Verma,Consumer,India,Thiruvananthapuram,Kerala,South,FUR-BOO-115,Furniture,Bookcases,Bookcases model 115,18252.43,3,0.2,437.63
IN-2022-100463,17-07-2022,22-07-2022,Standard Class,CU-1297,Ananya Patel,Corporate,India,Salem,Tamil Nadu,South,OFF-PAP-122,Office Supplies,Paper,Paper model 122,567.33,2,0.0,297.77
IN-2024-102194,13-01-2024,18-01-2024,Standard Class,CU-1198,Kavya Kumar,Consumer,India,Bhubaneswar,Odisha,East,OFF-ART-112,Office Supplies,Art,Art model 112,1003.63,4,0.0,400.42
IN-2022-100288,02-05-2022,08-05-2022,Standard Class,CU-1519,Ananya Singh,Consumer,India,Jaipur,Rajasthan,West,FUR-BOO-112,Furniture,Bookcases,Bookcases model 112,11888.9,2,0.15,708.82
IN-2025-104935,21-12-2025,28-12-2025,Standard Class,CU-1412,Arjun Patel,Corporate,India,New Delhi,Delhi,North,FUR-CHA-125,Furniture,Chairs,Chairs model 125,7706.07,2,0.05,1367.87
IN-2023-101421,25-05-2023,30-05-2023,Standard Class,CU-1411,Neha Kumar,Corporate,India,Nagpur,Maharashtra,West,OFF-LAB-134,Office Supplies,Labels,Labels model 134,381.96,3,0.2,146.84
IN-2022-100977,30-12-2022,01-01-2023,First Class,CU-1129,Manoj Pillai,Consumer,India,Patna,Bihar,East,TEC-MAC-103,Technology,Machines,Machines model 103,36597.99,3,0.5,-15191.85
IN-2023-101021,12-01-2023,19-01-2023,Standard Class,CU-1553,Rohit Iyer,Corporate,India,Kochi,Kerala,South,OFF-BIN-133,Office Supplies,Binders,Binders model 133,842.58,2,0.0,377.11
IN-2022-100216,04-04-2022,08-04-2022,Standard Class,CU-1462,Neha Menon,Corporate,India,Kolkata,West Bengal,east,TEC-COP-122,Technology,Copiers,Copiers model 122,21958.72,1,0.3,4408.62
IN-2023-101090,05-02-2023,08-02-2023,Second Class,CU-1300,Lakshmi Shah,Corporate,India,Bengaluru,Karnataka,south,FUR-CHA-113,Furniture,Chairs,Chairs model 113,9105.78,2,,1644.72
IN-2024-103248,05-11-2024,09-11-2024,Standard Class,CU-1363,Neha Sharma,Consumer,India,Madurai,Tamil Nadu,South,OFF-BIN-112,Office Supplies,Binders,Binders model 112,411.52,1,0.1,163.25
IN-2025-104608,15-10-2025,19-10-2025,Standard Class,CU-1569,Suresh Nair,Consumer,India,Jaipur,Rajasthan,West,TEC-COP-120,Technology,Copiers,Copiers model 120,36813.9,1,,13826.72
IN-2025-104682,28-10-2025,01-11-2025,Standard Class,CU-1086,Sneha Patel,Consumer,India,Patna,Bihar,East,OFF-LAB-103,Office Supplies,Labels,Labels model 103,269.83,2,0.05,124.74
IN-2023-101315,21-04-2023,25-04-2023,Second Class,CU-1400,Pooja Rao,Corporate,India,Mumbai,Maharashtra,WEST ,FUR-CHA-111,Furniture,Chairs,Chairs model 111,24384.14,6,0.15,1567.61
IN-2025-104785,18-11-2025,20-11-2025,Second Class,CU-1182,Isha Sharma,Consumer,India,New Delhi,Delhi,North,OFF-ART-128,Office Supplies,Art,Art model 128,876.27,4,0.1,292.67
IN-2025-103538,06-01-2025,11-01-2025,Standard Class,CU-1245,Aditya Gupta,Corporate,India,Ludhiana,Punjab,North,FUR-BOO-134,Furniture,Bookcases,Bookcases model 134,21313.44,3,0.1,1330.69
IN-2025-104270,22-07-2025,29-07-2025,Standard Class,CU-1290,Arjun Pillai,Consumer,India,Mumbai,Maharashtra,West,OFF-ART-116,Office Supplies,Art,Art model 116,256.5,1,0.0,110.32
IN-2024-103503,28-12-2024,02-01-2025,Standard Class,CU-1390,Deepak Verma,Home Office,India,Hyderabad,Telangana,South,FUR-BOO-114,Furniture,Bookcases,Bookcases model 114,23870.32,3,0.0,3776.1
IN-2025-104530,30-09-2025,06-10-2025,Standard Class,CU-1140,Neha Joshi,Home Office,India,New Delhi,Delhi,North,OFF-BIN-139,Office Supplies,Binders,Binders model 139,1997.83,5,0.0,870.63
IN-2023-101433,28-05-2023,01-06-2023,Second Class,CU-1405,Isha Das,Home Office,India,Patna,Bihar,East,OFF-PAP-119,Office Supplies,Paper,Paper model 119,206.04,1,0.2,72.39
IN-2025-104697,31-10-2025,05-11-2025,Standard Class,CU-1360,Ananya Menon,Home Office,India,Mumbai,Maharashtra,West,FUR-BOO-136,Furniture,Bookcases,Bookcases model 136,11171.31,2,0.15,750.07
IN-2024-102904,04-08-2024,09-08-2024,Standard Class,CU-1112,Divya Menon,Home Office,India,Ahmedabad,Gujarat,West,OFF-STO-115,Office Supplies,Storage,Storage model 115,1314.91,1,0.15,258.81
IN-2024-102176,08-01-2024,11-01-2024,Second Class,CU-1221,Aditya Pillai,Consumer,India,Surat,Gujarat,West,OFF-PAP-105,Office Supplies,Paper,Paper model 105,1179.52,4,0.05,571.33
IN-2024-103078,29-09-2024,03-10-2024,Second Class,CU-1117,Aarav Shah,Corporate,India,Chennai,Tamil Nadu,south,TEC-ACC-111,Technology,Accessories,Accessories model 111,1505.98,2,0.3,171.08
IN-2025-103617,29-01-2025,02-02-2025,Standard Class,CU-1194,Aarav Rao,Home Office,India,Hyderabad,Telangana,South,TEC-ACC-134,Technology,Accessories,Accessories model 134,1779.33,2,0.3,374.74
IN-2025-104221,07-07-2025,12-07-2025,Standard Class,CU-1495,Nisha Singh,Corporate,India,Bhubaneswar,Odisha,East,TEC-PHO-111,Technology,Phones,Phones model 111,14592.66,1,0.1,2415.52
IN-2025-103605,27-01-2025,01-02-2025,Standard Class,CU-1100,VIVAAN IYER,Consumer,India,Ahmedabad,Gujarat,West,FUR-FUR-135,Furniture,Furnishings,Furnishings model 135,8956.83,7,0.2,1548.6
IN-2022-100511,09-08-2022,13-08-2022,Second Class,CU-1172,Karthik Pillai,Corporate,India,Kolkata,West Bengal,East,OFF-BIN-105,Office Supplies,Binders,Binders model 105,1793.76,4,0.05,787.53
IN-2025-104606,15-10-2025,22-10-2025,Standard Class,CU-1544,Swathi Verma,Corporate,India,New Delhi,Delhi,North,OFF-STO-122,Office Supplies,Storage,Storage model 122,2557.29,2,0.2,516.45
IN-2025-103812,23-03-2025,29-03-2025,Standard Class,CU-1357,Ashok Pillai,Home Office,India,Pune,Maharashtra,West,OFF-ART-112,Office Supplies,Art,Art model 112,760.12,4,0.2,213.21
IN-2022-100954,25-12-2022,27-12-2022,First Class,CU-1155,Ashok Reddy,Consumer,India,Nagpur,Maharashtra,West,OFF-PAP-122,Office Supplies,Paper,Paper model 122,251.27,1,0.05,102.34
IN-2024-103417,09-12-2024,14-12-2024,Standard Class,CU-1167,Meera Rao,Home Office,India,Ludhiana,Punjab,North,OFF-LAB-111,Office Supplies,Labels,Labels model 111,154.1,1,0.0,66.51
IN-2024-103518,31-12-2024,07-01-2025,Standard Class,CU-1486,Karthik Reddy,Consumer,India,Patna,Bihar,East,OFF-STO-138,Office Supplies,Storage,Storage model 138,4457.78,3,0.05,1259.48
IN-2024-102334,20-02-2024,27-02-2024,Standard Class,CU-1373,Aditya Das,Consumer,India,Ludhiana,Punjab,North,OFF-STO-100,Office Supplies,Storage,Storage model 100,4433.2,4,0.3,401.09
IN-2022-100896,10-12-2022,17-12-2022,Standard Class,CU-1544,Swathi Verma,Corporate,India,Nagpur,Maharashtra,West,OFF-ART-114,Office Supplies,Art,Art model 114,199.69,1,0.1,65.26
IN-2024-102716,08-06-2024,10-06-2024,Second Class,CU-1485,Ravi Gupta,Consumer,India,Hyderabad,Telangana,South,OFF-STO-115,Office Supplies,Storage,Storage model 115,2257.76,2,0.3,162.0
IN-2025-103931,21-04-2025,25-04-2025,Standard Class,CU-1349,Swathi Verma,Corporate,India,Amritsar,Punjab,North,OFF-ART-102,Office Supplies,Art,Art model 102,345.88,2,0.3,56.6
IN-2025-104865,05-12-2025,08-12-2025,First Class,CU-1456,Suresh Verma,Home Office,India,Jaipur,Rajasthan,West,TEC-PHO-111,Technology,Phones,Phones model 111,39083.54,3,0.0,11553.54
IN-2024-103241,03-11-2024,09-11-2024,Standard Class,CU-1396,Suresh Reddy,Consumer,India,Ahmedabad,Gujarat,West,OFF-PAP-137,Office Supplies,Paper,Paper model 137,325.49,1,0.0,158.31
IN-2025-104656,24-10-2025,28-10-2025,Standard Class,CU-1514,Ravi Shah,Consumer,India,Surat,Gujarat,West,OFF-ART-116,Office Supplies,Art,Art model 116,808.54,3,0.0,286.21
IN-2022-100878,06-12-2022,09-12-2022,Second Class,CU-1346,Swathi Patel,Home Office,India,Hyderabad,Telangana,South,OFF-LAB-108,Office Supplies,Labels,Labels model 108,536.91,4,0.0,255.3
IN-2023-101932,06-11-2023,10-11-2023,Standard Class,CU-1257,Rahul Kumar,Consumer,India,Mysuru,Karnataka,South,FUR-CHA-121,Furniture,Chairs,Chairs model 121,4749.32,1,0.05,790.25
IN-2023-101385,14-05-2023,18-05-2023,Standard Class,CU-1583,Aarav Iyer,Home Office,India,Ludhiana,Punjab,North,OFF-STO-126,Office Supplies,Storage,Storage model 126,12691.17,7,0.05,3478.53
IN-2022-100659,10-10-2022,12-10-2022,First Class,CU-1558,Suresh Shah,Consumer,India,Kochi,Kerala,South,FUR-TAB-123,Furniture,Tables,Tables model 123,9348.34,1,0.05,489.17
IN-2025-104057,26-05-2025,02-06-2025,Standard Class,CU-1199,Neha Pillai,Consumer,India,Bengaluru,Karnataka,South,FUR-TAB-119,Furniture,Tables,Tables model 119,47865.16,6,0.1,-763.51
IN-2022-100829,22-11-2022,24-11-2022,Second Class,CU-1421,Nisha Kumar,Corporate,India,Thiruvananthapuram,Kerala,South,FUR-FUR-102,Furniture,Furnishings,Furnishings model 102,2785.0,2,0.0,879.57
IN-2023-101167,05-03-2023,09-03-2023,Standard Class,CU-1367,Manoj Sharma,Consumer,India,Mysuru,Karnataka,South,TEC-ACC-102,Technology,Accessories,Accessories model 102,1175.77,1,0.0,466.21
IN-2025-104960,26-12-2025,27-12-2025,First Class,CU-1008,Kavya Nair,Consumer,India,Bhubaneswar,Odisha,East,OFF-LAB-108,Office Supplies,Labels,Labels model 108,115.29,1,0.15,38.77
IN-2025-104133,14-06-2025,18-06-2025,Standard Class,CU-1084,Suresh Pillai,Corporate,India,Hyderabad,Telangana,South,OFF-PAP-108,Office Supplies,Paper,Paper model 108,340.49,1,0.0,167.87
IN-2022-100145,12-03-2022,16-03-2022,Standard Class,CU-1062,Sneha Sharma,Consumer,India,Kolkata,West Bengal,East,FUR-BOO-116,Furniture,Bookcases,Bookcases model 116,34035.07,6,0.25,396.47
IN-2025-104701,01-11-2025,01-11-2025,Same Day,CU-1176,Kavya Menon,Consumer,India,Jaipur,Rajasthan,West,OFF-LAB-100,Office Supplies,Labels,Labels model 100,201.47,2,0.4,26.57
IN-2023-101892,27-10-2023,31-10-2023,Standard Class,CU-1481,Ravi Gupta,Consumer,India,Hyderabad,Telangana,South,OFF-BIN-107,Office Supplies,Binders,Binders model 107,387.1,1,,168.05
IN-2024-103469,21-12-2024,25-12-2024,Standard Class,CU-1130,Deepak Kumar,Corporate,India,New Delhi,Delhi,North,OFF-ART-132,Office Supplies,Art,Art model 132,₹444.63,2,0.2,121.58
IN-2024-102246,28-01-2024,02-02-2024,Standard Class,CU-1470,Rohit Joshi,Consumer,India,Thiruvananthapuram,Kerala,South,TEC-PHO-128,Technology,Phones,Phones model 128,15733.91,1,0.05,3920.28
IN-2023-101869,20-10-2023,24-10-2023,Standard Class,CU-1084,Suresh Pillai,Corporate,India,New Delhi,Delhi,North,OFF-ART-130,Office Supplies,Art,Art model 130,248.72,1,0.1,85.66
IN-2022-100207,02-04-2022,08-04-2022,Standard Class,CU-1554,Sneha Sharma,Consumer,India,Coimbatore,Tamil Nadu,South,FUR-FUR-118,Furniture,Furnishings,Furnishings model 118,1074.13,1,0.35,20.65
IN-2022-100449,12-07-2022,16-07-2022,Standard Class,CU-1344,Priya Nair,Home Office,India,New Delhi,Delhi,North,OFF-BIN-134,Office Supplies,Binders,Binders model 134,735.24,2,0.05,306.27
IN-2025-104460,07-09-2025,10-09-2025,Second Class,CU-1169,Sneha Sharma,Corporate,India,Amritsar,Punjab,North,OFF-BIN-120,Office Supplies,Binders,Binders model 120,257.44,1,0.4,20.86
IN-2023-101615,01-08-2023,06-08-2023,Standard Class,CU-1477,Vikram Reddy,Consumer,India,Noida,Uttar Pradesh,North,OFF-ART-103,Office Supplies,Art,Art model 103,476.39,2,0.1,159.42
IN-2023-102108,23-12-2023,26-12-2023,First Class,CU-1442,Meera Shah,Consumer,India,Surat,Gujarat,West,OFF-ART-137,Office Supplies,Art,Art model 137,833.26,3,0.0,324.83
IN-2025-104171,24-06-2025,01-07-2025,Standard Class,CU-1406,Ashok Kumar,Consumer,India,Bhubaneswar,Odisha,East,FUR-CHA-125,Furniture,Chairs,Chairs model 125,5657.07,2,0.3,6.6
IN-2025-103674,14-02-2025,15-02-2025,First Class,CU-1185,Neha Singh,Home Office,India,Kochi,Kerala,South,OFF-BIN-132,Office Supplies,Binders,Binders model 132,457.36,1,0.0,216.43
IN-2025-104629,19-10-2025,21-10-2025,First Class,CU-1141,Kavya Kumar,,India,Coimbatore,Tamil Nadu,South,FUR-BOO-128,Furniture,Bookcases,Bookcases model 128,5988.98,1,0.15,144.0
IN-2023-101122,18-02-2023,21-02-2023,Second Class,CU-1449,Vikram Patel,Consumer,India,Ahmedabad,Gujarat,West,FUR-CHA-100,Furniture,Chairs,Chairs model 100,7481.92,2,0.05,1656.16
IN-2022-100641,06-10-2022,06-10-2022,Same Day,CU-1153,Swathi Pillai,Consumer,India,Noida,Uttar Pradesh,North,OFF-LAB-107,Office Supplies,Labels,Labels model 107,243.11,2,0.2,76.07
IN-2022-100331,19-05-2022,23-05-2022,Second Class,CU-1229,Ravi Shah,Consumer,India,Bengaluru,Karnataka,South,OFF-ART-109,Office Supplies,Art,Art model 109,368.35,2,,34.48
IN-2024-102972,28-08-2024,01-09-2024,Second Class,CU-1548,Priya Gupta,Consumer,India,Chennai,Tamil Nadu,South,TEC-COP-102,Technology,Copiers,Copiers model 102,71484.8,3,0.3,9517.86
IN-2022-100186,27-03-2022,29-03-2022,First Class,CU-1559,Nisha Iyer,Corporate,India,Jaipur,Rajasthan,West,FUR-TAB-112,Furniture,Tables,Tables model 112,38294.38,4,0.0,3853.21
IN-2023-101747,15-09-2023,15-09-2023,Same Day,CU-1570,ROHIT KUMAR,Corporate,India,Madurai,Tamil Nadu,South,OFF-BIN-124,Office Supplies,Binders,Binders model 124,750.34,2,0.15,251.44
IN-2025-103821,25-03-2025,01-04-2025,Standard Class,CU-1090,Arjun Joshi,Corporate,India,Ludhiana,Punjab,North,OFF-PAP-105,Office Supplies,Paper,Paper model 105,1454.89,6,0.15,589.67
IN-2025-104245,15-07-2025,19-07-2025,Second Class,CU-1271,Nisha Shah,Corporate,India,Jaipur,Rajasthan,West,TEC-PHO-135,Technology,Phones,Phones model 135,15631.3,1,0.0,3207.83
IN-2023-101647,14-08-2023,21-08-2023,Standard Class,CU-1544,Swathi Verma,Corporate,India,Jaipur,Rajasthan,West,TEC-MAC-108,Technology,Machines,Machines model 108,63551.46,3,0.05,9606.15
IN-2025-104796,21-11-2025,26-11-2025,Standard Class,CU-1157,Sneha Reddy,Consumer,India,Nagpur,Maharashtra,West,TEC-COP-109,Technology,Copiers,Copiers model 109,71040.04,2,0.0,28405.44
IN-2024-103286,12-11-2024,16-11-2024,Second Class,CU-1346,Swathi Patel,Home Office,India,Amritsar,Punjab,North,OFF-STO-122,Office Supplies,Storage,Storage model 122,7813.98,5,0.0,2603.82
IN-2025-103669,13-02-2025,15-02-2025,Second Class,CU-1452,Arjun Kumar,Consumer,India,Jaipur,Rajasthan,West,FUR-CHA-132,Furniture,Chairs,Chairs model 132,17970.47,4,0.05,3714.29
IN-2022-100644,07-10-2022,07-10-2022,Same Day,CU-1227,Priya Rao,Consumer,India,Lucknow,Uttar Pradesh,North,OFF-ART-105,Office Supplies,Art,Art model 105,696.54,3,0.15,252.16
IN-2022-100071,05-02-2022,07-02-2022,Second Class,CU-1213,Rahul Menon,Corporate,India,Lucknow,Uttar Pradesh,North,TEC-COP-118,Technology,Copiers,Copiers model 118,112629.96,3,0.05,39937.25
IN-2025-104880,09-12-2025,14-12-2025,Standard Class,CU-1576,Ashok Iyer,Home Office,India,Hyderabad,Telangana,South,TEC-ACC-129,Technology,Accessories,Accessories model 129,3871.75,4,0.1,1255.9
IN-2022-100187,27-03-2022,30-03-2022,Second Class,CU-1352,Karthik Iyer,Home Office,India,Jaipur,Rajasthan,West,TEC-PHO-110,Technology,Phones,Phones model 110,39612.67,3,0.1,7942.99
IN-2025-104481,12-09-2025,19-09-2025,Standard Class,CU-1381,Manoj Rao,Consumer,India,Thiruvananthapuram,Kerala,South,FUR-FUR-122,Furniture,Furnishings,Furnishings model 122,1611.58,1,0.05,383.94
IN-2025-104038,19-05-2025,25-05-2025,Standard Class,CU-1136,Lakshmi Kumar,Consumer,India,Jaipur,Rajasthan,West,FUR-BOO-106,Furniture,Bookcases,Bookcases model 106,22533.42,5,0.4,-4721.93
IN-2024-102151,01-01-2024,05-01-2024,Second Class,CU-1019,Priya Sharma,Consumer,India,Lucknow,Uttar Pradesh,North,TEC-MAC-103,Technology,Machines,Machines model 103,18001.23,1,0.15,694.59
IN-2024-102695,02-06-2024,09-06-2024,Standard Class,CU-1530,Swathi Gupta,Corporate,India,Hyderabad,Telangana,South,OFF-LAB-129,Office Supplies,Labels,Labels model 129,204.76,2,0.4,25.78
IN-2024-103205,24-10-2024,31-10-2024,Standard Class,CU-1474,Manoj Rao,Home Office,India,Ludhiana,Punjab,North,OFF-PAP-105,Office Supplies,Paper,Paper model 105,376.4,2,0.3,101.4
IN-2023-101656,18-08-2023,25-08-2023,Standard Class,CU-1050,Vikram Sharma,Home Office,India,Hyderabad,Telangana,South,OFF-ART-125,Office Supplies,Art,Art model 125,1218.15,5,0.05,427.72
IN-2022-100628,02-10-2022,09-10-2022,Standard Class,CU-1235,Arjun Iyer,Consumer,India,Lucknow,Uttar Pradesh,North,TEC-PHO-101,Technology,Phones,Phones model 101,8326.87,1,0.4,-817.65
IN-2024-102488,03-04-2024,08-04-2024,Standard Class,CU-1218,Priya Kumar,Consumer,India,Surat,Gujarat,West,FUR-BOO-123,Furniture,Bookcases,Bookcases model 123,5908.61,1,0.05,862.85
IN-2025-104152,20-06-2025,27-06-2025,Standard Class,CU-1582,Neha Pillai,Consumer,India,Amritsar,Punjab,North,FUR-CHA-102,Furniture,Chairs,Chairs model 102,10077.66,3,0.2,272.86
IN-2022-100624,01-10-2022,06-10-2022,Standard Class,CU-1315,Rohit Gupta,Corporate,India,Bhubaneswar,Odisha,East,TEC-ACC-112,Technology,Accessories,Accessories model 112,4611.57,5,0.1,1319.46
IN-2025-104334,07-08-2025,13-08-2025,Standard Class,CU-1022,Sneha Rao,Consumer,India,Nagpur,Maharashtra,West,OFF-ART-104,Office Supplies,Art,Art model 104,1820.05,8,0.1,662.44
IN-2025-104596,13-10-2025,17-10-2025,Standard Class,CU-1447,Neha Reddy,Consumer,India,Jaipur,Rajasthan,West,FUR-BOO-107,Furniture,Bookcases,Bookcases model 107,7175.47,1,0.05,820.25
IN-2025-104148,18-06-2025,21-06-2025,Second Class,CU-1536,Lakshmi Joshi,Corporate,India,Kolkata,West Bengal,East,TEC-MAC-121,Technology,Machines,Machines model 121,86689.97,4,0.05,11536.29
IN-2025-104407,26-08-2025,01-09-2025,Standard Class,CU-1526,Deepak Rao,Consumer,India,Mumbai,Maharashtra,west,OFF-BIN-132,Office Supplies,Binders,Binders model 132,354.78,1,0.15,119.93
IN-2025-104457,05-09-2025,08-09-2025,Second Class,CU-1347,Ravi Reddy,Consumer,India,Jaipur,Rajasthan,West,OFF-STO-135,Office Supplies,Storage,Storage model 135,5228.2,3,0.1,1398.24
IN-2023-102148,31-12-2023,05-01-2024,Standard Class,CU-1564,Ashok Das,Corporate,India,Mumbai,Maharashtra,West,FUR-TAB-101,Furniture,Tables,Tables model 101,25369.13,4,0.2,-1520.47
IN-2023-101214,22-03-2023,25-03-2023,Second Class,CU-1009,Aditya Gupta,Consumer,India,Kolkata,West Bengal,East,OFF-ART-112,Office Supplies,Art,Art model 112,848.75,4,0.1,292.37
IN-2025-104202,04-07-2025,08-07-2025,Standard Class,CU-1592,Neha Sharma,Consumer,India,Bhubaneswar,Odisha,East,TEC-ACC-100,Technology,Accessories,Accessories model 100,"₹5,455.72",6,,1183.97
IN-2023-101036,16-01-2023,17-01-2023,First Class,CU-1454,Pooja Das,Consumer,India,Patna,Bihar,East,TEC-PHO-131,Technology,Phones,Phones model 131,24421.85,2,0.1,6410.9
IN-2025-104279,24-07-2025,24-07-2025,Same Day,CU-1055,Vivaan Sharma,Home Office,India,Patna,Bihar,East,OFF-PAP-133,Office Supplies,Paper,Paper model 133,567.09,2,0.15,217.32
IN-2023-101548,08-07-2023,14-07-2023,Standard Class,CU-1046,Nisha Iyer,Corporate,India,Hyderabad,Telangana,South,FUR-TAB-133,Furniture,Tables,Tables model 133,7383.04,1,0.1,341.43
IN-2024-103118,08-10-2024,09-10-2024,First Class,CU-1274,Manoj Singh,Consumer,India,Chennai,Tamil Nadu,South,TEC-MAC-108,Technology,Machines,Machines model 108,115063.28,5,0.0,7697.31
IN-2024-103422,11-12-2024,17-12-2024,Standard Class,CU-1232,Ashok Shah,Consumer,India,Jaipur,Rajasthan,West,TEC-COP-106,Technology,Copiers,Copiers model 106,42939.37,2,0.3,7857.07
IN-2025-104055,25-05-2025,27-05-2025,First Class,CU-1428,Ashok Reddy,Consumer,India,Mumbai,Maharashtra,West,OFF-ART-120,Office Supplies,Art,Art model 120,1126.5,4,0.0,465.69
IN-2025-103543,07-01-2025,11-01-2025,Standard Class,CU-1242,Nisha Gupta,Consumer,India,Coimbatore,Tamil Nadu,South,OFF-STO-129,Office Supplies,Storage,Storage model 129,10498.51,6,0.15,2044.52
IN-2022-100566,02-09-2022,06-09-2022,Standard Class,CU-1300,Lakshmi Shah,Corporate,India,Lucknow,Uttar Pradesh,North,TEC-COP-129,Technology,Copiers,Copiers model 129,66126.1,2,0.0,25859.77
IN-2024-103369,28-11-2024,05-12-2024,Standard Class,CU-1162,Isha Patel,Corporate,India,Bhubaneswar,Odisha,East,TEC-ACC-105,Technology,Accessories,Accessories model 105,2134.4,2,0.0,808.2
IN-2023-101290,11-04-2023,18-04-2023,Standard Class,CU-1308,Arjun Patel,Corporate,India,Jaipur,Rajasthan,West,OFF-PAP-134,Office Supplies,Paper,Paper model 134,228.68,1,0.15,76.33
IN-2025-104589,12-10-2025,17-10-2025,Standard Class,CU-1541,Rahul Reddy,Home Office,India,Hyderabad,Telangana,South,OFF-BIN-103,Office Supplies,Binders,Binders model 103,366.54,1,0.1,133.51
IN-2022-100731,31-10-2022,01-11-2022,First Class,CU-1399,Ravi Kumar,Consumer,India,Amritsar,Punjab,North,FUR-TAB-102,Furniture,Tables,Tables model 102,23566.98,3,0.2,-265.51
IN-2024-103280,11-11-2024,18-11-2024,Standard Class,CU-1453,Aditya Shah,Corporate,India,Mysuru,Karnataka,South,OFF-STO-131,Office Supplies,Storage,Storage model 131,1354.52,1,0.2,288.71
IN-2024-102991,02-09-2024,09-09-2024,Standard Class,CU-1054,Isha Nair,Consumer,India,New Delhi,Delhi,North,FUR-FUR-116,Furniture,Furnishings,Furnishings model 116,3203.43,2,0.05,943.33
IN-2022-100500,03-08-2022,08-08-2022,Standard Class,CU-1076,Ravi Pillai,Home Office,India,Mumbai,Maharashtra,West,FUR-FUR-121,Furniture,Furnishings,Furnishings model 121,1347.88,1,0.05,397.41
IN-2025-104495,17-09-2025,21-09-2025,Standard Class,CU-1315,Rohit Gupta,Corporate,India,Ahmedabad,Gujarat,West,OFF-LAB-128,Office Supplies,Labels,Labels model 128,777.36,6,0.05,349.31
IN-2022-100943,22-12-2022,29-12-2022,Standard Class,CU-1415,Manoj Joshi,Consumer,India,Mysuru,Karnataka,South,FUR-FUR-101,Furniture,Furnishings,Furnishings model 101,1348.16,1,0.05,364.27
IN-2023-101873,21-10-2023,27-10-2023,Standard Class,CU-1419,Ashok Verma,Home Office,India,Patna,Bihar,East,TEC-MAC-120,Technology,Machines,Machines model 120,83275.86,4,0.1,11350.93
IN-2023-101391,18-05-2023,23-05-2023,Standard Class,CU-1321,Neha Verma,Corporate,India,Pune,Maharashtra,West,OFF-LAB-129,Office Supplies,Labels,Labels model 129,243.9,2,0.1,107.92
IN-2022-100164,19-03-2022,24-03-2022,Standard Class,CU-1015,Kavya Iyer,Corporate,India,Mumbai,Maharashtra,West,OFF-STO-103,Office Supplies,Storage,Storage model 103,1258.25,1,0.3,93.39
IN-2024-102336,21-02-2024,25-02-2024,Second Class,CU-1383,Aarav Joshi,Consumer,India,Amritsar,Punjab,North,TEC-PHO-101,Technology,Phones,Phones model 101,23883.94,2,0.2,3187.34
IN-2024-103349,24-11-2024,25-11-2024,First Class,CU-1181,Arjun Joshi,Consumer,India,Kolkata,West Bengal,East,TEC-ACC-128,Technology,Accessories,Accessories model 128,5354.95,6,0.3,780.03
IN-2022-100122,02-03-2022,03-03-2022,First Class,CU-1318,Nisha Kumar,Consumer,India,Patna,Bihar,East,TEC-COP-138,Technology,Copiers,Copiers model 138,28965.41,1,0.15,8577.95
IN-2025-104373,17-08-2025,23-08-2025,Standard Class,CU-1480,Suresh Das,Corporate,India,Jaipur,Rajasthan,West,FUR-BOO-129,Furniture,Bookcases,Bookcases model 129,8244.11,2,0.45,-2236.18
IN-2022-100858,30-11-2022,03-12-2022,Second Class,CU-1232,Ashok Shah,Consumer,India,Ahmedabad,Gujarat,West,FUR-TAB-134,Furniture,Tables,Tables model 134,48867.07,6,0.15,294.75
IN-2025-104842,01-12-2025,05-12-2025,Standard Class,CU-1226,Aarav Kumar,Home Office,India,Bhubaneswar,Odisha,East,FUR-CHA-122,Furniture,Chairs,Chairs model 122,27117.9,6,0.05,5588.97
IN-2024-103253,06-11-2024,12-11-2024,Standard Class,CU-1099,Ravi Gupta,Home Office,India,Noida,Uttar Pradesh,North,FUR-CHA-128,Furniture,Chairs,Chairs model 128,12363.23,3,0.1,2917.94
IN-2022-100155,15-03-2022,20-03-2022,Standard Class,CU-1287,Vikram Das,Corporate,India,Jaipur,Rajasthan,West,TEC-MAC-107,Technology,Machines,Machines model 107,13026.54,1,0.4,-3382.36
IN-2023-101262,05-04-2023,10-04-2023,Standard Class,CU-1081,Vikram Sharma,Home Office,India,Kolkata,West Bengal,East,OFF-BIN-119,Office Supplies,Binders,Binders model 119,1725.88,5,0.2,414.1
IN-2025-104003,12-05-2025,16-05-2025,Standard Class,CU-1288,Lakshmi Pillai,Consumer,India,Hyderabad,Telangana,South,OFF-STO-105,Office Supplies,Storage,Storage model 105,1209.13,1,0.4,-85.09
IN-2022-100035,15-01-2022,21-01-2022,Standard Class,CU-1206,Aarav Menon,Corporate,India,Mumbai,Maharashtra,West,TEC-MAC-103,Technology,Machines,Machines model 103,44822.66,2,0.0,6439.86
IN-2022-100476,25-07-2022,01-08-2022,Standard Class,CU-1411,NEHA KUMAR,Corporate,India,Bhubaneswar,Odisha,East,TEC-MAC-121,Technology,Machines,Machines model 121,152156.33,7,0.05,18025.29
IN-2024-103332,22-11-2024,27-11-2024,Standard Class,CU-1002,Ananya Pillai,Corporate,India,Coimbatore,Tamil Nadu,South,OFF-ART-125,Office Supplies,Art,Art model 125,475.8,2,0.05,178.83
IN-2024-102399,11-03-2024,12-03-2024,First Class,CU-1490,Kavya Das,Consumer,India,Bhubaneswar,Odisha,East,OFF-ART-120,Office Supplies,Art,Art model 120,243.08,1,0.1,73.48
IN-2023-101947,11-11-2023,14-11-2023,Second Class,CU-1382,Sneha Kumar,Consumer,India,Bhubaneswar,Odisha,East,OFF-ART-117,Office Supplies,Art,Art model 117,170.09,1,0.2,51.13
IN-2024-103388,02-12-2024,08-12-2024,Standard Class,CU-1007,Isha Menon,Home Office,India,Pune,Maharashtra,West,OFF-PAP-127,Office Supplies,Paper,Paper model 127,1816.32,8,0.3,422.88
IN-2022-100786,12-11-2022,13-11-2022,First Class,CU-1220,Kavya Verma,Corporate,India,Kochi,Kerala,South,FUR-BOO-124,Furniture,Bookcases,Bookcases model 124,5739.49,1,0.2,171.16
IN-2022-100062,30-01-2022,01-02-2022,First Class,CU-1210,Rahul Iyer,Home Office,India,Jaipur,Rajasthan,West,OFF-STO-107,Office Supplies,Storage,Storage model 107,6805.42,6,0.3,428.1
IN-2022-100466,20-07-2022,23-07-2022,Second Class,CU-1347,Ravi Reddy,Consumer,India,Nagpur,Maharashtra,West,OFF-ART-122,Office Supplies,Art,Art model 122,1342.35,6,0.0,603.33
IN-2022-100751,05-11-2022,09-11-2022,Standard Class,CU-1224,Kavya Shah,Corporate,India,Hyderabad,Telangana,South,TEC-ACC-103,Technology,Accessories,Accessories model 103,831.18,1,0.3,85.42
IN-2025-104210,05-07-2025,12-07-2025,Standard Class,CU-1277,Suresh Iyer,Home Office,India,Nagpur,Maharashtra,West,OFF-BIN-138,Office Supplies,Binders,Binders model 138,347.84,1,0.15,115.39
IN-2024-102425,18-03-2024,23-03-2024,Standard Class,CU-1178,Priya Nair,Corporate,India,Bengaluru,Karnataka,South,OFF-BIN-102,Office Supplies,Binders,Binders model 102,499.0,1,0.0,214.66
IN-2024-102253,29-01-2024,29-01-2024,Same Day,CU-1358,Ashok Verma,Consumer,India,Lucknow,Uttar Pradesh,North,TEC-COP-101,Technology,Copiers,Copiers model 101,184714.17,5,0.0,74694.04
IN-2025-104346,10-08-2025,17-08-2025,Standard Class,CU-1155,Ashok Reddy,Consumer,India,Surat,Gujarat,WEST ,OFF-PAP-105,Office Supplies,Paper,Paper model 105,1810.27,6,0.0,862.95
IN-2023-101217,22-03-2023,27-03-2023,Standard Class,CU-1552,Priya Verma,Home Office,India,Surat,Gujarat,West,TEC-MAC-130,Technology,Machines,Machines model 130,77341.55,4,0.05,6771.21
IN-2024-102825,13-07-2024,20-07-2024,Standard Class,CU-1441,Ravi Nair,Corporate,India,Chennai,Tamil Nadu,South,TEC-ACC-137,Technology,Accessories,Accessories model 137,1088.85,1,0.05,368.96
IN-2025-104252,18-07-2025,22-07-2025,Second Class,CU-1554,Sneha Sharma,Consumer,India,Chennai,Tamil Nadu,South,OFF-LAB-131,Office Supplies,Labels,Labels model 131,428.67,3,0.05,218.32
IN-2024-103211,25-10-2024,31-10-2024,Standard Class,CU-1180,Divya Das,Corporate,India,Kolkata,West Bengal,East,TEC-ACC-104,Technology,Accessories,Accessories model 104,1818.6,2,0.2,372.96
IN-2022-100184,26-03-2022,29-03-2022,Second Class,CU-1369,Priya Reddy,Consumer,India,Ludhiana,Punjab,North,TEC-COP-137,Technology,Copiers,Copiers model 137,115034.48,4,0.15,35808.48
IN-2022-100696,21-10-2022,27-10-2022,Standard Class,CU-1285,Neha Singh,Corporate,India,Noida,Uttar Pradesh,North,OFF-PAP-118,Office Supplies,Paper,Paper model 118,778.29,3,0.2,324.23
IN-2024-103237,02-11-2024,06-11-2024,Second Class,CU-1270,Lakshmi Iyer,Home Office,India,Bengaluru,Karnataka,South,TEC-ACC-137,Technology,Accessories,Accessories model 137,1054.16,1,,268.39
IN-2023-101136,23-02-2023,01-03-2023,Standard Class,CU-1369,Priya Reddy,Consumer,India,New Delhi,Delhi,North,FUR-CHA-115,Furniture,Chairs,Chairs model 115,25500.88,6,0.0,5686.59
IN-2023-102106,23-12-2023,28-12-2023,Standard Class,CU-1119,Ananya Das,Corporate,India,Jaipur,Rajasthan,West,FUR-FUR-117,Furniture,Furnishings,Furnishings model 117,1201.12,1,0.25,89.75
IN-2025-104296,29-07-2025,04-08-2025,Standard Class,CU-1576,Ashok Iyer,Home Office,India,Jaipur,Rajasthan,West,OFF-BIN-121,Office Supplies,Binders,Binders model 121,392.44,1,0.05,162.2
IN-2025-104140,16-06-2025,19-06-2025,Second Class,CU-1515,Neha Verma,Consumer,India,Amritsar,Punjab,North,OFF-BIN-128,Office Supplies,Binders,Binders model 128,2491.16,5,0.0,1017.64
IN-2025-103965,30-04-2025,04-05-2025,Standard Class,CU-1550,Suresh Pillai,Consumer,India,Amritsar,Punjab,North,FUR-TAB-118,Furniture,Tables,Tables model 118,38005.07,5,0.1,666.76
IN-2025-103541,07-01-2025,11-01-2025,Second Class,CU-1055,Vivaan Sharma,Home Office,India,Lucknow,Uttar Pradesh,North,OFF-ART-104,Office Supplies,Art,Art model 104,370.55,2,0.15,110.27
IN-2024-102160,04-01-2024,07-01-2024,First Class,CU-1513,Neha Menon,Consumer,India,Nagpur,Maharashtra,West,FUR-FUR-119,Furniture,Furnishings,Furnishings model 119,8756.21,7,0.15,1967.81
IN-2024-102947,16-08-2024,22-08-2024,Standard Class,CU-1026,Rahul Iyer,Consumer,India,Patna,Bihar,East,OFF-PAP-138,Office Supplies,Paper,Paper model 138,323.28,1,0.05,160.92
IN-2025-104491,16-09-2025,23-09-2025,Standard Class,CU-1436,Ananya Verma,Consumer,India,New Delhi,Delhi,North,FUR-CHA-108,Furniture,Chairs,Chairs model 108,27478.95,7,0.05,5706.79
IN-2025-104082,02-06-2025,04-06-2025,Second Class,CU-1503,Isha Menon,Consumer,India,Bhubaneswar,Odisha,East,OFF-ART-137,Office Supplies,Art,Art model 137,144.49,1,0.35,14.42
IN-2025-103650,08-02-2025,15-02-2025,Standard Class,CU-1462,Neha Menon,Corporate,India,Thiruvananthapuram,Kerala,South,TEC-ACC-121,Technology,Accessories,Accessories model 121,1113.75,1,0.0,428.9
IN-2025-103614,28-01-2025,03-02-2025,Standard Class,CU-1473,Vivaan Nair,Consumer,India,Kochi,Kerala,South,OFF-PAP-137,Office Supplies,Paper,Paper model 137,1222.73,4,0.1,486.2
IN-2025-103553,10-01-2025,12-01-2025,First Class,CU-1509,Aditya Rao,Home Office,India,Bengaluru,Karnataka,South,FUR-TAB-119,Furniture,Tables,Tables model 119,25776.14,3,0.0,2302.01
IN-2025-104013,15-05-2025,18-05-2025,Second Class,CU-1261,Lakshmi Pillai,Consumer,India,Hyderabad,Telangana,South,OFF-ART-117,Office Supplies,Art,Art model 117,255.73,1,0.1,73.41
IN-2023-101576,18-07-2023,23-07-2023,Standard Class,CU-1483,Karthik Shah,Consumer,India,Surat,Gujarat,West,FUR-CHA-132,Furniture,Chairs,Chairs model 132,28485.84,6,0.05,7531.56
IN-2025-104969,27-12-2025,29-12-2025,First Class,CU-1597,Karthik Joshi,Home Office,India,Thiruvananthapuram,Kerala,South,TEC-MAC-114,Technology,Machines,Machines model 114,20024.49,1,0.05,2410.95
IN-2025-103734,05-03-2025,08-03-2025,Second Class,CU-1564,Ashok Das,Corporate,India,Hyderabad,Telangana,South,FUR-TAB-127,Furniture,Tables,Tables model 127,61252.01,7,0.05,1205.77
IN-2022-100633,03-10-2022,07-10-2022,Second Class,CU-1043,Vikram Kumar,Consumer,India,Pune,Maharashtra,West,OFF-PAP-118,Office Supplies,Paper,Paper model 118,511.51,2,0.0,261.13
IN-2022-100538,20-08-2022,20-08-2022,Same Day,CU-1286,Deepak Singh,Home Office,India,Kochi,Kerala,South,OFF-STO-116,Office Supplies,Storage,Storage model 116,1499.51,1,0.15,299.28
IN-2024-103375,29-11-2024,02-12-2024,First Class,CU-1138,Divya Rao,Consumer,India,Coimbatore,Tamil Nadu,South,OFF-ART-125,Office Supplies,Art,Art model 125,417.81,2,0.1,124.63
IN-2023-101049,21-01-2023,26-01-2023,Standard Class,CU-1348,Deepak Joshi,Corporate,India,Hyderabad,Telangana,South,FUR-CHA-111,Furniture,Chairs,Chairs model 111,8617.94,2,0.05,1464.92
IN-2023-101294,12-04-2023,16-04-2023,Standard Class,CU-1488,Aarav Patel,Corporate,India,New Delhi,Delhi,North,TEC-MAC-114,Technology,Machines,Machines model 114,30591.74,2,0.2,-776.43
IN-2024-102664,24-05-2024,26-05-2024,Second Class,CU-1487,Ravi Sharma,Home Office,India,Hyderabad,Telangana,South,FUR-CHA-133,Furniture,Chairs,Chairs model 133,4653.09,1,0.1,842.74
IN-2022-100121,02-03-2022,08-03-2022,Standard Class,CU-1146,Aditya Pillai,Consumer,India,New Delhi,Delhi,North,OFF-ART-114,Office Supplies,Art,Art model 114,540.73,2,0.0,245.37
IN-2025-104237,13-07-2025,15-07-2025,First Class,CU-1438,Rahul Rao,Home Office,India,Bengaluru,Karnataka,South,TEC-ACC-110,Technology,Accessories,Accessories model 110,1240.31,1,0.05,445.08
IN-2025-104312,01-08-2025,03-08-2025,Second Class,CU-1597,Karthik Joshi,Home Office,India,Amritsar,Punjab,North,FUR-BOO-102,Furniture,Bookcases,Bookcases model 102,32707.74,5,0.05,1557.88
IN-2022-100404,18-06-2022,23-06-2022,Standard Class,CU-1124,Neha Menon,Consumer,India,Mumbai,Maharashtra,West,OFF-PAP-127,Office Supplies,Paper,Paper model 127,1071.43,5,0.3,244.41
IN-2022-100182,26-03-2022,01-04-2022,Standard Class,CU-1254,Ashok Patel,Home Office,India,Jaipur,Rajasthan,West,TEC-ACC-110,Technology,Accessories,Accessories model 110,2725.34,3,0.3,471.8
IN-2025-104675,27-10-2025,27-10-2025,Same Day,CU-1144,Suresh Kumar,Consumer,India,Lucknow,Uttar Pradesh,North,TEC-ACC-136,Technology,Accessories,Accessories model 136,2177.49,2,0.05,759.7
IN-2023-102041,04-12-2023,06-12-2023,Second Class,CU-1364,Vivaan Reddy,Consumer,India,Bhubaneswar,Odisha,East,TEC-COP-106,Technology,Copiers,Copiers model 106,43980.33,2,0.3,6904.39
IN-2023-101054,22-01-2023,26-01-2023,Standard Class,CU-1034,Aditya Gupta,Consumer,India,Ludhiana,Punjab,North,FUR-CHA-120,Furniture,Chairs,Chairs model 120,4521.28,1,0.05,618.21
IN-2023-101015,09-01-2023,14-01-2023,Standard Class,CU-1300,Lakshmi Shah,Corporate,India,Ahmedabad,Gujarat,West,OFF-LAB-133,Office Supplies,Labels,Labels model 133,549.57,4,0.0,285.44
IN-2023-101028,14-01-2023,17-01-2023,First Class,CU-1503,Isha Menon,Consumer,India,Kochi,Kerala,South,TEC-PHO-113,Technology,Phones,Phones model 113,12371.38,1,0.2,1146.2
IN-2025-104604,14-10-2025,20-10-2025,Standard Class,CU-1490,Kavya Das,Consumer,India,Madurai,Tamil Nadu,South,TEC-COP-104,Technology,Copiers,Copiers model 104,38742.96,1,0.0,15239.32
IN-2023-101557,11-07-2023,17-07-2023,Standard Class,CU-1454,Pooja Das,Consumer,India,Lucknow,Uttar Pradesh,NORTH ,TEC-PHO-121,Technology,Phones,Phones model 121,52517.61,4,0.15,7718.02
IN-2022-100270,24-04-2022,01-05-2022,Standard Class,CU-1479,Aarav Verma,Consumer,India,Ludhiana,Punjab,North,TEC-ACC-101,Technology,Accessories,Accessories model 101,1871.39,3,0.4,-6.64
IN-2025-104901,14-12-2025,16-12-2025,First Class,CU-1292,Divya Sharma,Consumer,India,New Delhi,Delhi,North,FUR-CHA-120,Furniture,Chairs,Chairs model 120,11978.88,3,0.1,2105.31
IN-2023-101825,09-10-2023,10-10-2023,First Class,CU-1498,Rohit Joshi,Consumer,India,Jaipur,Rajasthan,West,FUR-TAB-113,Furniture,Tables,Tables model 113,17493.69,2,0.05,230.5
IN-2024-103112,07-10-2024,09-10-2024,Second Class,CU-1062,Sneha Sharma,Consumer,India,Patna,Bihar,East,OFF-LAB-137,Office Supplies,Labels,Labels model 137,834.02,7,0.1,302.76
IN-2025-103654,09-02-2025,13-02-2025,Standard Class,CU-1365,Swathi Nair,Consumer,India,Kolkata,West Bengal,East,TEC-MAC-106,Technology,Machines,Machines model 106,39403.39,2,0.05,6342.92
IN-2024-102228,22-01-2024,27-01-2024,Standard Class,CU-1365,Swathi Nair,Consumer,India,Lucknow,Uttar Pradesh,North,FUR-CHA-100,Furniture,Chairs,Chairs model 100,17130.02,4,0.0,3317.51
IN-2022-100217,05-04-2022,08-04-2022,First Class,CU-1519,Ananya Singh,Consumer,India,Hyderabad,Telangana,South,OFF-BIN-121,Office Supplies,Binders,Binders model 121,1738.1,4,0.0,817.67
IN-2025-103894,11-04-2025,18-04-2025,Standard Class,CU-1321,Neha Verma,Corporate,India,New Delhi,Delhi,North,OFF-LAB-103,Office Supplies,Labels,Labels model 103,169.27,1,0.0,80.24
IN-2024-102754,20-06-2024,26-06-2024,Standard Class,CU-1100,Vivaan Iyer,Consumer,India,Patna,Bihar,East,OFF-BIN-101,Office Supplies,Binders,Binders model 101,1090.19,3,0.05,471.49
IN-2022-100294,04-05-2022,10-05-2022,Standard Class,CU-1458,Sneha Shah,Home Office,India,Kochi,Kerala,South,OFF-LAB-130,Office Supplies,Labels,Labels model 130,456.8,3,0.0,232.49
IN-2024-102381,06-03-2024,13-03-2024,Standard Class,CU-1438,Rahul Rao,Home Office,India,Surat,Gujarat,West,TEC-COP-131,Technology,Copiers,Copiers model 131,38687.51,2,0.4,392.61
IN-2025-104804,23-11-2025,30-11-2025,Standard Class,CU-1375,Kavya Verma,Home Office,India,Bhubaneswar,Odisha,East,OFF-PAP-119,Office Supplies,Paper,Paper model 119,1070.9,5,0.35,245.32
IN-2022-100149,13-03-2022,16-03-2022,Second Class,CU-1584,Ashok Pillai,Corporate,India,Coimbatore,Tamil Nadu,SOUTH ,OFF-PAP-124,Office Supplies,Paper,Paper model 124,523.15,2,0.0,276.61
IN-2023-101585,21-07-2023,27-07-2023,Standard Class,CU-1594,Vivaan Singh,Home Office,India,Ludhiana,Punjab,North,OFF-PAP-116,Office Supplies,Paper,Paper model 116,533.3,2,0.05,233.77
IN-2024-103069,27-09-2024,27-09-2024,Same Day,CU-1469,Sneha Shah,Consumer,India,New Delhi,Delhi,North,FUR-BOO-114,Furniture,Bookcases,Bookcases model 114,30844.49,4,0.0,5616.22
IN-2025-104539,02-10-2025,09-10-2025,Standard Class,CU-1136,Lakshmi Kumar,Consumer,India,Mysuru,Karnataka,South,OFF-STO-106,Office Supplies,Storage,Storage model 106,5265.82,3,0.15,982.39
IN-2024-102806,09-07-2024,12-07-2024,First Class,CU-1515,Neha Verma,Consumer,India,Jaipur,Rajasthan,West,TEC-MAC-119,Technology,Machines,Machines model 119,65449.96,3,0.0,7977.82
IN-2022-100584,11-09-2022,16-09-2022,Standard Class,CU-1194,Aarav Rao,Home Office,India,Bengaluru,Karnataka,South,FUR-CHA-104,Furniture,Chairs,Chairs model 104,15963.39,4,0.05,2388.98
IN-2023-101112,15-02-2023,19-02-2023,Standard Class,CU-1270,Lakshmi Iyer,Home Office,India,Kolkata,West Bengal,East,OFF-ART-138,Office Supplies,Art,Art model 138,272.36,1,0.0,100.97
IN-2023-101835,11-10-2023,18-10-2023,Standard Class,CU-1490,Kavya Das,Consumer,India,Salem,Tamil Nadu,South,FUR-BOO-128,Furniture,Bookcases,Bookcases model 128,14745.66,3,0.3,-957.93
IN-2024-102380,06-03-2024,12-03-2024,Standard Class,CU-1182,Isha Sharma,Consumer,India,Hyderabad,Telangana,South,TEC-COP-117,Technology,Copiers,Copiers model 117,30921.31,1,0.1,9424.56
IN-2024-102396,10-03-2024,17-03-2024,Standard Class,CU-1451,Vivaan Das,Consumer,India,Patna,Bihar,East,FUR-FUR-133,Furniture,Furnishings,Furnishings model 133,3576.62,3,0.1,920.39
IN-2025-104220,07-07-2025,09-07-2025,First Class,CU-1021,Nisha Nair,Home Office,India,Pune,Maharashtra,West,TEC-COP-123,Technology,Copiers,Copiers model 123,37052.95,1,0.0,14766.68
IN-2025-104869,07-12-2025,11-12-2025,Standard Class,CU-1476,Kavya Das,Consumer,India,Kolkata,West Bengal,East,TEC-PHO-117,Technology,Phones,Phones model 117,48658.78,4,0.25,5149.1
IN-2024-102798,07-07-2024,11-07-2024,Standard Class,CU-1178,Priya Nair,Corporate,India,Jaipur,Rajasthan,West,OFF-BIN-127,Office Supplies,Binders,Binders model 127,2401.86,6,0.1,920.59
IN-2024-102645,18-05-2024,22-05-2024,Standard Class,CU-1337,Karthik Shah,Corporate,India,Patna,Bihar,East,OFF-PAP-107,Office Supplies,Paper,Paper model 107,450.54,2,0.2,163.62
IN-2025-103659,11-02-2025,16-02-2025,Standard Class,CU-1576,Ashok Iyer,Home Office,India,Bhubaneswar,Odisha,East,FUR-CHA-113,Furniture,Chairs,Chairs model 113,3242.87,1,0.3,7.1
IN-2024-102871,26-07-2024,28-07-2024,Second Class,CU-1174,Nisha Shah,Consumer,India,Chennai,Tamil Nadu,South,OFF-STO-135,Office Supplies,Storage,Storage model 135,1965.33,1,0.0,661.8
IN-2023-101791,02-10-2023,07-10-2023,Standard Class,CU-1401,Suresh Verma,,India,New Delhi,Delhi,North,OFF-PAP-135,Office Supplies,Paper,Paper model 135,434.94,2,0.15,155.1
IN-2023-101984,20-11-2023,24-11-2023,Standard Class,CU-1539,Manoj Gupta,Consumer,India,Amritsar,Punjab,North,FUR-FUR-113,Furniture,Furnishings,Furnishings model 113,4940.09,4,0.1,1116.85
IN-2023-101114,16-02-2023,21-02-2023,Standard Class,CU-1376,Kavya Reddy,Consumer,India,Ahmedabad,Gujarat,West,OFF-ART-119,Office Supplies,Art,Art model 119,471.21,2,0.15,137.59
IN-2025-104241,13-07-2025,19-07-2025,Standard Class,CU-1029,Kavya Nair,Corporate,India,Jaipur,Rajasthan,West,OFF-LAB-107,Office Supplies,Labels,Labels model 107,134.17,1,0.0,73.86
IN-2023-101772,26-09-2023,01-10-2023,Standard Class,CU-1074,Nisha Patel,Corporate,India,Noida,Uttar Pradesh,North,OFF-LAB-134,Office Supplies,Labels,Labels model 134,128.47,1,0.0,62.43
IN-2022-100151,14-03-2022,20-03-2022,Standard Class,CU-1497,Sneha Verma,Consumer,India,Amritsar,Punjab,North,OFF-PAP-117,Office Supplies,Paper,Paper model 117,751.5,3,0.05,335.17
IN-2023-101344,28-04-2023,04-05-2023,Standard Class,CU-1414,Vivaan Gupta,Consumer,India,Noida,Uttar Pradesh,North,OFF-BIN-126,Office Supplies,Binders,Binders model 126,344.77,1,0.1,119.14
IN-2024-102662,23-05-2024,30-05-2024,Standard Class,CU-1252,Arjun Joshi,Consumer,India,Jaipur,Rajasthan,West,OFF-ART-121,Office Supplies,Art,Art model 121,515.31,2,0.0,188.99
IN-2023-101132,22-02-2023,28-02-2023,Standard Class,CU-1347,Ravi Reddy,Consumer,India,Surat,Gujarat,West,FUR-BOO-131,Furniture,Bookcases,Bookcases model 131,14691.31,3,0.2,544.89
IN-2025-104750,11-11-2025,11-11-2025,Same Day,CU-1031,Ananya Rao,Consumer,India,Ahmedabad,Gujarat,West,OFF-STO-130,Office Supplies,Storage,Storage model 130,1523.9,1,0.05,369.72
IN-2025-104846,02-12-2025,05-12-2025,Second Class,CU-1370,Divya Singh,Consumer,India,Mysuru,Karnataka,South,FUR-CHA-123,Furniture,Chairs,Chairs model 123,14191.13,3,0.05,2966.55
IN-2022-100299,05-05-2022,07-05-2022,First Class,CU-1084,Suresh Pillai,Corporate,India,Patna,Bihar,East,TEC-PHO-104,Technology,Phones,Phones model 104,15466.85,1,0.0,4169.12
IN-2025-104833,29-11-2025,03-12-2025,Standard Class,CU-1182,Isha Sharma,Consumer,India,Lucknow,Uttar Pradesh,North,OFF-LAB-104,Office Supplies,Labels,Labels model 104,152.94,1,0.1,73.97
IN-2024-103449,18-12-2024,18-12-2024,Same Day,CU-1561,Rohit Menon,Consumer,India,Noida,Uttar Pradesh,North,FUR-FUR-139,Furniture,Furnishings,Furnishings model 139,1230.06,1,0.2,259.33
IN-2024-103406,07-12-2024,11-12-2024,Standard Class,CU-1410,Karthik Menon,Consumer,India,Jaipur,Rajasthan,West,OFF-LAB-131,Office Supplies,Labels,Labels model 131,486.15,4,0.05,235.79
IN-2025-104483,13-09-2025,18-09-2025,Standard Class,CU-1300,Lakshmi Shah,Corporate,India,Bengaluru,Karnataka,South,FUR-TAB-117,Furniture,Tables,Tables model 117,14301.98,2,0.1,623.18
IN-2022-100492,31-07-2022,03-08-2022,Second Class,CU-1097,Aarav Sharma,Home Office,India,Ludhiana,Punjab,North,OFF-STO-111,Office Supplies,Storage,Storage model 111,4821.5,3,0.1,1382.02
IN-2025-104401,25-08-2025,31-08-2025,Standard Class,CU-1080,Neha Rao,Corporate,India,Ludhiana,Punjab,North,OFF-BIN-132,Office Supplies,Binders,Binders model 132,733.39,2,0.05,270.5
IN-2024-103249,05-11-2024,08-11-2024,Second Class,CU-1546,Lakshmi Reddy,Corporate,India,New Delhi,Delhi,North,FUR-FUR-122,Furniture,Furnishings,Furnishings model 122,1311.29,1,0.15,342.65
IN-2022-100169,21-03-2022,25-03-2022,Second Class,CU-1080,Neha Rao,Corporate,India,Coimbatore,Tamil Nadu,South,TEC-COP-126,Technology,Copiers,Copiers model 126,26380.21,1,0.15,9370.32
IN-2025-103744,09-03-2025,09-03-2025,Same Day,CU-1166,Karthik Verma,Consumer,India,Noida,Uttar Pradesh,North,TEC-ACC-115,Technology,Accessories,Accessories model 115,6323.85,8,0.3,1041.5
IN-2024-103290,14-11-2024,18-11-2024,Second Class,CU-1462,Neha Menon,Corporate,India,Ludhiana,Punjab,North,TEC-MAC-118,Technology,Machines,Machines model 118,71617.24,5,0.4,-14772.42
IN-2025-103772,15-03-2025,21-03-2025,Standard Class,CU-1333,Pooja Singh,Corporate,India,Hyderabad,Telangana,South,OFF-STO-119,Office Supplies,Storage,Storage model 119,4812.25,3,0.0,1511.33
IN-2022-100222,07-04-2022,09-04-2022,Second Class,CU-1450,Swathi Iyer,Corporate,India,Bengaluru,Karnataka,South,OFF-ART-119,Office Supplies,Art,Art model 119,1016.66,4,0.1,282.01
IN-2022-100165,19-03-2022,23-03-2022,Standard Class,CU-1119,Ananya Das,Corporate,India,Hyderabad,Telangana,South,OFF-ART-138,Office Supplies,Art,Art model 138,731.43,3,0.0,274.51
IN-2025-104975,28-12-2025,03-01-2026,Standard Class,CU-1131,Vikram Iyer,Home Office,India,Ahmedabad,Gujarat,West,OFF-LAB-102,Office Supplies,Labels,Labels model 102,589.97,4,0.1,274.81
IN-2023-102047,06-12-2023,13-12-2023,Standard Class,CU-1579,Divya Kumar,Consumer,India,Pune,Maharashtra,West,FUR-BOO-117,Furniture,Bookcases,Bookcases model 117,6045.46,1,0.1,540.89
IN-2023-101611,31-07-2023,01-08-2023,First Class,CU-1303,Suresh Shah,Corporate,India,Bhubaneswar,Odisha,East,TEC-MAC-103,Technology,Machines,Machines model 103,118831.39,6,0.1,7444.46
IN-2023-101993,22-11-2023,27-11-2023,Standard Class,CU-1124,Neha Menon,Consumer,India,Thiruvananthapuram,Kerala,South,FUR-CHA-102,Furniture,Chairs,Chairs model 102,13385.44,3,0.1,2062.58
IN-2024-102540,20-04-2024,24-04-2024,Standard Class,CU-1106,Nisha Rao,Corporate,India,Surat,Gujarat,West,FUR-CHA-128,Furniture,Chairs,Chairs model 128,3973.98,1,0.15,688.41
IN-2022-100245,15-04-2022,21-04-2022,Standard Class,CU-1203,Ravi Shah,Home Office,India,Jaipur,Rajasthan,West,FUR-CHA-110,Furniture,Chairs,Chairs model 110,4615.27,1,,1017.6
IN-2022-100707,23-10-2022,28-10-2022,Standard Class,CU-1097,Aarav Sharma,Home Office,India,Patna,Bihar,East,OFF-PAP-134,Office Supplies,Paper,Paper model 134,510.69,2,0.0,244.85
IN-2024-103461,19-12-2024,20-12-2024,First Class,CU-1370,Divya Singh,Consumer,India,Lucknow,Uttar Pradesh,North,OFF-ART-139,Office Supplies,Art,Art model 139,605.69,3,0.05,211.25
IN-2022-100357,29-05-2022,02-06-2022,Standard Class,CU-1159,Ananya Singh,Corporate,India,Kochi,Kerala,South,OFF-LAB-104,Office Supplies,Labels,Labels model 104,137.91,1,0.15,51.71
IN-2025-104974,28-12-2025,01-01-2026,Second Class,CU-1475,Meera Joshi,Consumer,India,Thiruvananthapuram,Kerala,South,TEC-MAC-109,Technology,Machines,Machines model 109,102437.01,5,0.15,6122.96
IN-2023-101877,22-10-2023,25-10-2023,First Class,CU-1340,Vikram Iyer,Consumer,India,Ahmedabad,Gujarat,West,OFF-STO-129,Office Supplies,Storage,Storage model 129,3791.02,2,0.0,1445.98
IN-2023-102107,23-12-2023,27-12-2023,Second Class,CU-1544,Swathi Verma,Corporate,India,Amritsar,Punjab,North,FUR-FUR-109,Furniture,Furnishings,Furnishings model 109,5483.57,4,0.05,1270.56
IN-2023-101442,31-05-2023,06-06-2023,Standard Class,CU-1084,Suresh Pillai,Corporate,India,Chennai,Tamil Nadu,SOUTH ,OFF-PAP-115,Office Supplies,Paper,Paper model 115,304.73,1,0.0,158.56
IN-2022-100512,09-08-2022,14-08-2022,Standard Class,CU-1468,Aarav Verma,Consumer,India,Pune,Maharashtra,West,OFF-ART-137,Office Supplies,Art,Art model 137,772.0,3,0.0,282.75
IN-2024-103213,25-10-2024,29-10-2024,Second Class,CU-1195,Ananya Sharma,Home Office,India,Jaipur,Rajasthan,West,OFF-ART-104,Office Supplies,Art,Art model 104,186.05,1,0.3,31.34
IN-2025-103889,09-04-2025,13-04-2025,Standard Class,CU-1535,Kavya Kumar,Consumer,India,Bhubaneswar,Odisha,East,FUR-BOO-113,Furniture,Bookcases,Bookcases model 113,11845.56,2,0.1,1074.39
IN-2023-101725,08-09-2023,08-09-2023,Same Day,CU-1590,Ananya Reddy,Consumer,India,Hyderabad,Telangana,South,TEC-MAC-119,Technology,Machines,Machines model 119,50314.23,3,0.3,-5818.64
IN-2024-102489,04-04-2024,09-04-2024,Standard Class,CU-1183,Divya Menon,Consumer,India,Mysuru,Karnataka,South,FUR-CHA-115,Furniture,Chairs,Chairs model 115,20513.29,4,0.0,5450.2
IN-2024-103269,09-11-2024,16-11-2024,Standard Class,CU-1188,Suresh Iyer,Consumer,India,Surat,Gujarat,West,OFF-BIN-130,Office Supplies,Binders,Binders model 130,3295.89,8,0.0,1416.8
IN-2024-102409,13-03-2024,17-03-2024,Standard Class,CU-1194,Aarav Rao,Home Office,India,New Delhi,Delhi,North,OFF-LAB-109,Office Supplies,Labels,Labels model 109,166.21,1,0.0,89.55
IN-2023-101252,02-04-2023,07-04-2023,Standard Class,CU-1476,Kavya Das,Consumer,India,Bhubaneswar,Odisha,East,OFF-PAP-134,Office Supplies,Paper,Paper model 134,338.69,1,0.0,164.85
IN-2023-101274,07-04-2023,14-04-2023,Standard Class,CU-1308,Arjun Patel,Corporate,India,Jaipur,Rajasthan,West,FUR-FUR-113,Furniture,Furnishings,Furnishings model 113,3011.02,2,0.05,619.43
IN-2025-103714,26-02-2025,28-02-2025,Second Class,CU-1599,Sneha Reddy,Corporate,India,New Delhi,Delhi,North,OFF-STO-112,Office Supplies,Storage,Storage model 112,3143.21,2,0.1,819.97
IN-2025-103521,02-01-2025,07-01-2025,Standard Class,CU-1500,Kavya Shah,Consumer,India,Lucknow,Uttar Pradesh,North,TEC-ACC-126,Technology,Accessories,Accessories model 126,1116.01,1,0.0,388.62
IN-2022-100536,18-08-2022,23-08-2022,Standard Class,CU-1031,Ananya Rao,Consumer,India,Jaipur,Rajasthan,West,OFF-ART-136,Office Supplies,Art,Art model 136,452.61,2,0.15,144.26
IN-2022-100651,08-10-2022,11-10-2022,First Class,CU-1502,Isha Sharma,Consumer,India,Noida,Uttar Pradesh,North,OFF-LAB-112,Office Supplies,Labels,Labels model 112,145.1,1,0.05,72.44
IN-2024-102507,10-04-2024,16-04-2024,Standard Class,CU-1326,Neha Nair,Home Office,India,Kochi,Kerala,South,OFF-BIN-118,Office Supplies,Binders,Binders model 118,1108.31,3,0.05,419.13
IN-2024-102550,22-04-2024,28-04-2024,Standard Class,CU-1238,Nisha Patel,Consumer,India,Ludhiana,Punjab,North,OFF-PAP-131,Office Supplies,Paper,Paper model 131,602.47,2,0.1,234.28
IN-2022-100533,17-08-2022,20-08-2022,First Class,CU-1416,Sneha Menon,Corporate,India,Hyderabad,Telangana,South,OFF-BIN-125,Office Supplies,Binders,Binders model 125,1294.47,3,0.05,584.22
IN-2023-101393,18-05-2023,25-05-2023,Standard Class,CU-1186,Rahul Verma,Consumer,India,Lucknow,Uttar Pradesh,North,TEC-MAC-124,Technology,Machines,Machines model 124,18423.02,1,0.1,2043.06
IN-2025-103781,17-03-2025,23-03-2025,Standard Class,CU-1141,Kavya Kumar,Consumer,India,Kolkata,West Bengal,East,OFF-PAP-129,Office Supplies,Paper,Paper model 129,399.24,2,0.25,108.63
IN-2023-101422,25-05-2023,01-06-2023,Standard Class,CU-1427,Deepak Pillai,Home Office,India,Bhubaneswar,Odisha,East,OFF-ART-102,Office Supplies,Art,Art model 102,249.44,1,0.05,95.3
IN-2025-103612,28-01-2025,31-01-2025,Second Class,CU-1497,Sneha Verma,Consumer,India,Jaipur,Rajasthan,West,TEC-ACC-109,Technology,Accessories,Accessories model 109,1117.27,1,0.0,397.21
IN-2023-101131,21-02-2023,27-02-2023,Standard Class,CU-1413,Swathi Pillai,Consumer,India,Jaipur,Rajasthan,West,OFF-PAP-123,Office Supplies,Paper,Paper model 123,260.28,1,0.2,89.71
IN-2022-100031,13-01-2022,17-01-2022,Second Class,CU-1064,Karthik Patel,Consumer,India,Ahmedabad,Gujarat,West,OFF-ART-129,Office Supplies,Art,Art model 129,228.09,1,0.15,67.04
IN-2022-100390,11-06-2022,12-06-2022,First Class,CU-1063,Isha Kumar,Consumer,India,Patna,Bihar,East,OFF-LAB-106,Office Supplies,Labels,Labels model 106,127.12,1,0.05,60.17
IN-2023-101014,09-01-2023,15-01-2023,Standard Class,CU-1248,Ashok Verma,Corporate,India,Surat,Gujarat,West,TEC-ACC-107,Technology,Accessories,Accessories model 107,6253.65,7,0.2,1812.63
IN-2025-104884,10-12-2025,11-12-2025,First Class,CU-1294,Ravi Iyer,Consumer,India,Ahmedabad,Gujarat,West,FUR-FUR-129,Furniture,Furnishings,Furnishings model 129,3344.36,3,0.25,435.53
IN-2023-101883,25-10-2023,25-10-2023,Same Day,CU-1211,Suresh Menon,Consumer,India,Ludhiana,Punjab,North,TEC-COP-123,Technology,Copiers,Copiers model 123,31575.8,1,0.2,10243.43
IN-2025-104299,30-07-2025,03-08-2025,Standard Class,CU-1084,Suresh Pillai,Corporate,India,Mumbai,Maharashtra,West,OFF-PAP-103,Office Supplies,Paper,Paper model 103,279.95,1,0.1,115.36
IN-2025-103897,11-04-2025,14-04-2025,Second Class,CU-1457,Isha Joshi,Home Office,India,Patna,Bihar,East,OFF-PAP-110,Office Supplies,Paper,Paper model 110,687.85,2,0.0,352.74
IN-2025-104944,23-12-2025,23-12-2025,Same Day,CU-1340,Vikram Iyer,Consumer,India,Thiruvananthapuram,Kerala,South,OFF-STO-101,Office Supplies,Storage,Storage model 101,7107.73,4,0.05,2112.16
IN-2024-102287,08-02-2024,12-02-2024,Standard Class,CU-1125,Aditya Singh,Consumer,India,Ludhiana,Punjab,North,FUR-TAB-135,Furniture,Tables,Tables model 135,7909.17,1,0.15,-0.84
IN-2023-101502,21-06-2023,27-06-2023,Standard Class,CU-1409,Aditya Joshi,Corporate,India,Bengaluru,Karnataka,South,OFF-BIN-139,Office Supplies,Binders,Binders model 139,1660.67,4,0.0,758.22
IN-2023-101291,11-04-2023,12-04-2023,First Class,CU-1545,Aditya Das,Consumer,India,Noida,Uttar Pradesh,North,FUR-FUR-105,Furniture,Furnishings,Furnishings model 105,4104.01,5,0.45,-544.06
IN-2025-104613,16-10-2025,22-10-2025,Standard Class,CU-1534,Divya Singh,Corporate,India,Ahmedabad,Gujarat,West,TEC-MAC-124,Technology,Machines,Machines model 124,45775.68,2,0.0,6707.71
IN-2023-101602,28-07-2023,02-08-2023,Standard Class,CU-1310,Aarav Sharma,Consumer,India,New Delhi,Delhi,North,FUR-BOO-124,Furniture,Bookcases,Bookcases model 124,5088.02,1,0.25,-226.38
IN-2025-104198,03-07-2025,10-07-2025,Standard Class,CU-1054,Isha Nair,Consumer,India,Kochi,Kerala,South,TEC-COP-107,Technology,Copiers,Copiers model 107,162218.79,5,0.0,65832.86
IN-2025-104309,31-07-2025,04-08-2025,Standard Class,CU-1077,Kavya Iyer,Corporate,India,Madurai,Tamil Nadu,South,TEC-MAC-108,Technology,Machines,Machines model 108,75842.24,5,0.2,1102.12
IN-2024-102422,17-03-2024,21-03-2024,Standard Class,CU-1100,Vivaan Iyer,Consumer,India,Lucknow,Uttar Pradesh,North,TEC-MAC-133,Technology,Machines,Machines model 133,42308.1,2,0.05,3458.85
IN-2025-103775,15-03-2025,22-03-2025,Standard Class,CU-1179,Neha Verma,Corporate,India,Amritsar,Punjab,North,OFF-ART-100,Office Supplies,Art,Art model 100,1093.47,5,0.1,397.28
IN-2024-102466,28-03-2024,02-04-2024,Standard Class,CU-1277,Suresh Iyer,Home Office,India,Kolkata,West Bengal,East,TEC-MAC-135,Technology,Machines,Machines model 135,30918.81,2,0.2,-672.14
IN-2024-102746,17-06-2024,20-06-2024,Second Class,CU-1322,Ravi Kumar,Consumer,India,Hyderabad,Telangana,South,FUR-CHA-126,Furniture,Chairs,Chairs model 126,"₹10,325.32",3,0.2,269.93
IN-2023-101977,19-11-2023,24-11-2023,Standard Class,CU-1393,Deepak Shah,Consumer,India,Jaipur,Rajasthan,West,FUR-FUR-124,Furniture,Furnishings,Furnishings model 124,2624.36,2,0.05,876.14
IN-2025-104229,11-07-2025,14-07-2025,First Class,CU-1495,Nisha Singh,Corporate,India,Pune,Maharashtra,West,TEC-PHO-138,Technology,Phones,Phones model 138,12502.17,1,0.05,3825.22
IN-2025-104794,20-11-2025,27-11-2025,Standard Class,CU-1409,Aditya Joshi,Corporate,India,Noida,Uttar Pradesh,North,OFF-PAP-139,Office Supplies,Paper,Paper model 139,857.56,3,0.0,411.84
IN-2023-101085,04-02-2023,08-02-2023,Standard Class,CU-1439,Sneha Singh,Consumer,India,Jaipur,Rajasthan,West,OFF-ART-100,Office Supplies,Art,Art model 100,1361.27,7,0.15,527.65
IN-2024-102773,29-06-2024,02-07-2024,Second Class,CU-1094,Ananya Singh,Consumer,India,Kolkata,West Bengal,East,OFF-ART-122,Office Supplies,Art,Art model 122,1891.56,8,0.0,778.9
IN-2023-101733,10-09-2023,15-09-2023,Standard Class,CU-1124,Neha Menon,Consumer,India,Patna,Bihar,East,TEC-MAC-117,Technology,Machines,Machines model 117,60691.43,4,0.3,-3529.19
IN-2023-101517,26-06-2023,03-07-2023,Standard Class,CU-1504,Arjun Joshi,Consumer,India,Thiruvananthapuram,Kerala,South,TEC-MAC-116,Technology,Machines,Machines model 116,17243.14,1,0.15,1440.56
IN-2025-104300,30-07-2025,01-08-2025,Second Class,CU-1535,Kavya Kumar,Consumer,India,Kolkata,West Bengal,East,FUR-BOO-111,Furniture,Bookcases,Bookcases model 111,11936.54,2,0.1,1185.91
IN-2025-103846,30-03-2025,06-04-2025,Standard Class,CU-1443,Vivaan Iyer,Consumer,India,Patna,Bihar,East,OFF-STO-108,Office Supplies,Storage,Storage model 108,2294.35,2,0.35,68.26
IN-2024-103407,07-12-2024,13-12-2024,Standard Class,CU-1328,Ananya Pillai,Consumer,India,Surat,Gujarat,West,OFF-BIN-129,Office Supplies,Binders,Binders model 129,436.18,1,0.15,132.77
IN-2025-104029,18-05-2025,22-05-2025,Second Class,CU-1493,Rahul Iyer,Home Office,India,Bhubaneswar,Odisha,East,FUR-CHA-124,Furniture,Chairs,Chairs model 124,7209.12,2,0.1,750.72
IN-2023-101475,13-06-2023,20-06-2023,Standard Class,CU-1192,Ravi Verma,Consumer,India,Mysuru,Karnataka,South,TEC-PHO-125,Technology,Phones,Phones model 125,14712.33,1,0.0,4079.17
IN-2022-100516,10-08-2022,13-08-2022,Second Class,CU-1274,Manoj Singh,Consumer,India,Coimbatore,Tamil Nadu,South,FUR-TAB-132,Furniture,Tables,Tables model 132,56335.95,6,0.0,4182.44
IN-2024-102446,23-03-2024,28-03-2024,Standard Class,CU-1424,Pooja Singh,Corporate,India,Amritsar,Punjab,North,FUR-TAB-110,Furniture,Tables,Tables model 110,16878.2,2,0.05,370.74
IN-2024-102404,12-03-2024,16-03-2024,Second Class,CU-1420,Arjun Nair,Consumer,India,Kolkata,West Bengal,East,TEC-ACC-138,Technology,Accessories,Accessories model 138,3369.35,3,0.05,1323.17
IN-2025-104249,17-07-2025,18-07-2025,First Class,CU-1255,Ravi Das,Consumer,India,Jaipur,Rajasthan,West,FUR-BOO-105,Furniture,Bookcases,Bookcases model 105,15074.75,2,0.0,2003.49
IN-2023-101329,25-04-2023,30-04-2023,Standard Class,CU-1199,Neha Pillai,Consumer,India,Bhubaneswar,Odisha,East,FUR-BOO-128,Furniture,Bookcases,Bookcases model 128,4703.11,1,0.35,-641.17
IN-2022-100616,28-09-2022,02-10-2022,Second Class,CU-1330,Lakshmi Gupta,Consumer,India,Jaipur,Rajasthan,West,FUR-TAB-119,Furniture,Tables,Tables model 119,17469.62,2,0.0,2096.19
IN-2024-103472,22-12-2024,29-12-2024,Standard Class,CU-1251,Rahul Verma,Home Office,India,Chennai,Tamil Nadu,South,OFF-BIN-127,Office Supplies,Binders,Binders model 127,1543.14,4,0.1,544.62
IN-2024-102494,06-04-2024,09-04-2024,First Class,CU-1470,Rohit Joshi,Consumer,India,Madurai,Tamil Nadu,South,OFF-BIN-130,Office Supplies,Binders,Binders model 130,825.14,2,0.0,346.18
IN-2022-100863,02-12-2022,08-12-2022,Standard Class,CU-1299,Karthik Rao,Corporate,India,Hyderabad,Telangana,South,TEC-MAC-134,Technology,Machines,Machines model 134,43754.67,2,0.1,2615.36
IN-2023-101011,09-01-2023,13-01-2023,Standard Class,CU-1565,Isha Menon,Home Office,India,Coimbatore,Tamil Nadu,South,OFF-ART-113,Office Supplies,Art,Art model 113,486.79,2,0.0,216.08
IN-2024-102841,17-07-2024,24-07-2024,Standard Class,CU-1441,Ravi Nair,Corporate,India,Chennai,Tamil Nadu,South,FUR-TAB-106,Furniture,Tables,Tables model 106,21159.03,3,,220.77
IN-2022-100322,15-05-2022,17-05-2022,First Class,CU-1141,Kavya Kumar,Consumer,India,Patna,Bihar,East,OFF-PAP-130,Office Supplies,Paper,Paper model 130,286.53,1,0.05,121.83
IN-2025-103597,25-01-2025,29-01-2025,Standard Class,CU-1335,Sneha Patel,Consumer,India,Mumbai,Maharashtra,West,OFF-STO-120,Office Supplies,Storage,Storage model 120,8567.54,5,0.0,2717.19
IN-2022-100195,29-03-2022,02-04-2022,Standard Class,CU-1249,Karthik Nair,Corporate,India,Hyderabad,Telangana,South,TEC-ACC-124,Technology,Accessories,Accessories model 124,2169.22,3,0.3,317.08
IN-2024-103394,04-12-2024,08-12-2024,Standard Class,CU-1232,Ashok Shah,Consumer,India,Ludhiana,Punjab,North,OFF-PAP-130,Office Supplies,Paper,Paper model 130,294.97,1,0.1,115.94
IN-2023-101440,31-05-2023,04-06-2023,Standard Class,CU-1499,Suresh Menon,Consumer,India,Ludhiana,Punjab,North,TEC-PHO-108,Technology,Phones,Phones model 108,51563.54,5,0.3,4033.4
IN-2022-100211,03-04-2022,08-04-2022,Standard Class,CU-1523,Suresh Kumar,Consumer,India,Patna,Bihar,East,TEC-COP-125,Technology,Copiers,Copiers model 125,34340.59,1,0.05,13825.83
IN-2024-102931,12-08-2024,15-08-2024,Second Class,CU-1481,Ravi Gupta,Consumer,India,Noida,Uttar Pradesh,North,OFF-BIN-121,Office Supplies,Binders,Binders model 121,1268.03,3,0.0,523.56
IN-2024-103408,07-12-2024,10-12-2024,First Class,CU-1247,Meera Menon,Consumer,India,Amritsar,Punjab,North,TEC-MAC-107,Technology,Machines,Machines model 107,98520.56,4,0.0,14830.24
IN-2025-104849,03-12-2025,06-12-2025,Second Class,CU-1018,Vivaan Das,Consumer,India,Lucknow,Uttar Pradesh,North,TEC-MAC-129,Technology,Machines,Machines model 129,22561.04,1,0.1,1875.84
IN-2023-101616,02-08-2023,04-08-2023,First Class,CU-1514,Ravi Shah,Consumer,India,Ahmedabad,Gujarat,West,TEC-COP-127,Technology,Copiers,Copiers model 127,84843.16,3,0.15,23699.78
IN-2022-100235,12-04-2022,16-04-2022,Standard Class,CU-1207,Sneha Sharma,Home Office,India,New Delhi,Delhi,North,OFF-BIN-104,Office Supplies,Binders,Binders model 104,1748.89,5,0.15,565.02
IN-2022-100547,25-08-2022,29-08-2022,Standard Class,CU-1174,Nisha Shah,Consumer,India,Mumbai,Maharashtra,West,TEC-MAC-129,Technology,Machines,Machines model 129,19329.02,1,0.0,2791.41
IN-2025-103866,02-04-2025,04-04-2025,Second Class,CU-1567,Aditya Sharma,Corporate,India,Ludhiana,Punjab,North,TEC-ACC-100,Technology,Accessories,Accessories model 100,1251.5,1,0.05,378.62
IN-2024-102476,31-03-2024,04-04-2024,Second Class,CU-1217,Manoj Rao,Home Office,India,Hyderabad,Telangana,South,FUR-FUR-123,Furniture,Furnishings,Furnishings model 123,4260.19,3,0.15,848.32
IN-2023-102055,09-12-2023,16-12-2023,Standard Class,CU-1237,Arjun Sharma,Consumer,India,Kolkata,West Bengal,East,FUR-TAB-136,Furniture,Tables,Tables model 136,48310.48,7,0.1,358.01
IN-2025-103818,25-03-2025,29-03-2025,Standard Class,CU-1290,Arjun Pillai,Consumer,India,Thiruvananthapuram,Kerala,South,TEC-PHO-132,Technology,Phones,Phones model 132,35914.96,3,0.1,8694.47
IN-2025-104163,22-06-2025,28-06-2025,Standard Class,CU-1062,Sneha Sharma,Consumer,India,Lucknow,Uttar Pradesh,North,OFF-STO-136,Office Supplies,Storage,Storage model 136,6873.96,4,0.05,2044.11
IN-2024-103266,08-11-2024,15-11-2024,Standard Class,CU-1444,Ravi Singh,Consumer,India,Lucknow,Uttar Pradesh,North,OFF-STO-109,Office Supplies,Storage,Storage model 109,7616.55,4,0.0,2487.17
IN-2022-100127,04-03-2022,05-03-2022,First Class,CU-1154,Isha Singh,Corporate,India,Bhubaneswar,Odisha,East,OFF-ART-131,Office Supplies,Art,Art model 131,444.77,2,0.2,97.13
IN-2025-104601,14-10-2025,20-10-2025,Standard Class,CU-1356,Nisha Shah,Corporate,India,Surat,Gujarat,West,OFF-PAP-128,Office Supplies,Paper,Paper model 128,1248.57,5,0.05,559.13
IN-2025-104289,28-07-2025,31-07-2025,Second Class,CU-1502,Isha Sharma,Consumer,India,Amritsar,Punjab,North,OFF-STO-130,Office Supplies,Storage,Storage model 130,9612.67,6,0.0,2782.42
IN-2023-101512,24-06-2023,01-07-2023,Standard Class,CU-1519,Ananya Singh,Consumer,India,Thiruvananthapuram,Kerala,South,OFF-ART-128,Office Supplies,Art,Art model 128,231.02,1,0.0,90.94
IN-2024-103377,29-11-2024,02-12-2024,Second Class,CU-1376,Kavya Reddy,Consumer,India,Nagpur,Maharashtra,West,TEC-ACC-127,Technology,Accessories,Accessories model 127,6197.72,7,0.15,1895.45
IN-2025-103569,18-01-2025,19-01-2025,First Class,CU-1119,Ananya Das,Corporate,India,Pune,Maharashtra,West,TEC-ACC-108,Technology,Accessories,Accessories model 108,2459.07,2,0.05,868.11
IN-2024-102338,22-02-2024,26-02-2024,Standard Class,CU-1142,Deepak Reddy,Consumer,India,Patna,Bihar,East,OFF-BIN-101,Office Supplies,Binders,Binders model 101,1468.21,4,0.2,476.76
IN-2024-103113,07-10-2024,09-10-2024,First Class,CU-1016,Nisha Verma,Home Office,India,Patna,Bihar,East,OFF-ART-126,Office Supplies,Art,Art model 126,985.96,5,0.25,202.77
IN-2025-103616,29-01-2025,02-02-2025,Second Class,CU-1355,Sneha Nair,Consumer,India,New Delhi,Delhi,North,OFF-ART-122,Office Supplies,Art,Art model 122,1671.57,7,0.05,633.82
IN-2024-103152,13-10-2024,20-10-2024,Standard Class,CU-1047,Divya Nair,Consumer,India,Surat,Gujarat,West,TEC-PHO-124,Technology,Phones,Phones model 124,15451.99,1,0.0,4410.41
IN-2022-100868,03-12-2022,08-12-2022,Standard Class,CU-1130,Deepak Kumar,Corporate,India,Hyderabad,Telangana,South,TEC-ACC-109,Technology,Accessories,Accessories model 109,1067.04,1,0.0,363.97
IN-2022-100761,07-11-2022,11-11-2022,Standard Class,CU-1457,Isha Joshi,Home Office,India,Patna,Bihar,East,TEC-ACC-132,Technology,Accessories,Accessories model 132,3819.26,5,0.4,234.19
IN-2022-100789,13-11-2022,17-11-2022,Standard Class,CU-1284,Isha Verma,Consumer,India,Chennai,Tamil Nadu,South,TEC-ACC-135,Technology,Accessories,Accessories model 135,6320.12,6,0.1,2181.94
IN-2024-102633,14-05-2024,20-05-2024,Standard Class,CU-1080,Neha Rao,Corporate,India,Kolkata,West Bengal,East,TEC-ACC-117,Technology,Accessories,Accessories model 117,915.77,1,0.15,259.71
IN-2022-100467,21-07-2022,22-07-2022,First Class,CU-1196,Manoj Menon,Consumer,India,Mysuru,Karnataka,South,OFF-LAB-116,Office Supplies,Labels,Labels model 116,128.12,1,0.05,58.27
IN-2022-100841,24-11-2022,26-11-2022,Second Class,CU-1308,Arjun Patel,Corporate,India,Noida,Uttar Pradesh,North,FUR-BOO-105,Furniture,Bookcases,Bookcases model 105,6650.92,1,0.0,795.57
IN-2023-101755,19-09-2023,23-09-2023,Standard Class,CU-1149,Rohit Shah,Corporate,India,Coimbatore,Tamil Nadu,South,OFF-PAP-106,Office Supplies,Paper,Paper model 106,943.02,3,0.05,395.62
IN-2022-100456,16-07-2022,20-07-2022,Standard Class,CU-1039,Deepak Patel,Corporate,India,Kolkata,West Bengal,East,FUR-CHA-101,Furniture,Chairs,Chairs model 101,3397.67,1,0.2,302.81
IN-2023-100990,01-01-2023,03-01-2023,Second Class,CU-1325,Ashok Rao,Consumer,India,New Delhi,Delhi,North,TEC-ACC-135,Technology,Accessories,Accessories model 135,6873.81,7,0.05,2457.98
IN-2023-101949,11-11-2023,15-11-2023,Standard Class,CU-1353,Aarav Patel,Corporate,India,Bhubaneswar,Odisha,East,FUR-TAB-126,Furniture,Tables,Tables model 126,8691.0,1,0.1,862.83
IN-2023-102088,19-12-2023,23-12-2023,Standard Class,CU-1471,Ravi Reddy,Home Office,India,Chennai,Tamil Nadu,South,TEC-ACC-129,Technology,Accessories,Accessories model 129,4177.22,4,0.1,1280.43
IN-2025-103559,12-01-2025,17-01-2025,Standard Class,CU-1312,Manoj Shah,Consumer,India,New Delhi,Delhi,North,FUR-FUR-100,Furniture,Furnishings,Furnishings model 100,2527.58,2,0.05,687.05
IN-2023-101460,06-06-2023,10-06-2023,Standard Class,CU-1512,Ashok Shah,Corporate,India,Hyderabad,Telangana,South,TEC-PHO-107,Technology,Phones,Phones model 107,73276.11,7,0.2,8561.64
IN-2023-101730,09-09-2023,15-09-2023,Standard Class,CU-1583,Aarav Iyer,Home Office,India,Amritsar,Punjab,North,OFF-ART-134,Office Supplies,Art,Art model 134,212.21,1,0.05,78.41
IN-2022-100711,25-10-2022,29-10-2022,Standard Class,CU-1104,Ashok Sharma,Corporate,India,Hyderabad,Telangana,South,OFF-STO-104,Office Supplies,Storage,Storage model 104,5413.51,3,,2022.68
IN-2022-100271,25-04-2022,29-04-2022,Standard Class,CU-1346,Swathi Patel,Home Office,India,New Delhi,Delhi,North,OFF-BIN-107,Office Supplies,Binders,Binders model 107,1389.54,4,0.1,507.87
IN-2025-103813,24-03-2025,26-03-2025,Second Class,CU-1118,Karthik Joshi,Corporate,India,Hyderabad,Telangana,South,OFF-ART-115,Office Supplies,Art,Art model 115,562.99,2,0.0,182.35
IN-2025-104150,19-06-2025,23-06-2025,Standard Class,CU-1217,Manoj Rao,Home Office,India,Ludhiana,Punjab,North,TEC-MAC-120,Technology,Machines,Machines model 120,22397.25,1,0.1,1244.82
IN-2024-103028,14-09-2024,20-09-2024,Standard Class,CU-1187,Isha Singh,Consumer,India,Coimbatore,Tamil Nadu,South,TEC-MAC-135,Technology,Machines,Machines model 135,35732.83,2,0.1,3684.83
IN-2023-101089,05-02-2023,09-02-2023,Standard Class,CU-1219,Aditya Sharma,Consumer,India,Lucknow,Uttar Pradesh,North,OFF-BIN-117,Office Supplies,Binders,Binders model 117,1995.34,4,0.0,893.06
IN-2025-104755,13-11-2025,18-11-2025,Standard Class,CU-1338,Neha Gupta,Consumer,India,Jaipur,Rajasthan,West,FUR-CHA-113,Furniture,Chairs,Chairs model 113,20191.29,6,0.2,1927.75
IN-2022-100198,29-03-2022,02-04-2022,Standard Class,CU-1258,Meera Singh,Consumer,India,Jaipur,Rajasthan,West,TEC-COP-115,Technology,Copiers,Copiers model 115,38033.56,1,0.0,13505.98
IN-2023-101244,30-03-2023,02-04-2023,First Class,CU-1236,Lakshmi Nair,Consumer,India,New Delhi,Delhi,North,FUR-TAB-116,Furniture,Tables,Tables model 116,42936.09,5,0.05,1219.46
IN-2024-103263,07-11-2024,09-11-2024,First Class,CU-1569,Suresh Nair,Consumer,India,Bhubaneswar,Odisha,East,TEC-ACC-101,Technology,Accessories,Accessories model 101,1058.36,1,0.0,412.74
IN-2024-102922,09-08-2024,14-08-2024,Standard Class,CU-1386,Priya Reddy,Corporate,India,Amritsar,Punjab,North,OFF-PAP-102,Office Supplies,Paper,Paper model 102,1376.02,5,0.0,615.33
IN-2023-101168,05-03-2023,10-03-2023,Standard Class,CU-1305,Divya Rao,Consumer,India,Nagpur,Maharashtra,West,FUR-BOO-113,Furniture,Bookcases,Bookcases model 113,5212.35,1,0.25,-323.58
IN-2022-100482,26-07-2022,31-07-2022,Standard Class,CU-1483,Karthik Shah,Consumer,India,Patna,Bihar,East,FUR-TAB-102,Furniture,Tables,Tables model 102,34425.16,5,0.2,-2210.84
IN-2024-103512,30-12-2024,31-12-2024,First Class,CU-1523,Suresh Kumar,Consumer,India,Pune,Maharashtra,West,OFF-LAB-139,Office Supplies,Labels,Labels model 139,265.47,2,0.05,128.37
IN-2025-104087,03-06-2025,05-06-2025,Second Class,CU-1005,Divya Sharma,Consumer,India,Bengaluru,Karnataka,South,FUR-BOO-137,Furniture,Bookcases,Bookcases model 137,18036.83,3,0.25,-522.56
IN-2022-100594,16-09-2022,23-09-2022,Standard Class,CU-1410,Karthik Menon,Consumer,India,Salem,Tamil Nadu,South,TEC-COP-109,Technology,Copiers,Copiers model 109,35070.13,1,0.05,11723.81
IN-2022-100769,10-11-2022,12-11-2022,Second Class,CU-1586,Ananya Singh,Corporate,India,Bhubaneswar,Odisha,East,TEC-COP-135,Technology,Copiers,Copiers model 135,71840.35,2,0.05,26521.24
IN-2023-102039,03-12-2023,10-12-2023,Standard Class,CU-1495,Nisha Singh,Corporate,India,Patna,Bihar,East,FUR-TAB-103,Furniture,Tables,Tables model 103,25629.47,3,0.15,231.37
IN-2023-101494,19-06-2023,24-06-2023,Standard Class,CU-1428,Ashok Reddy,Consumer,India,Lucknow,Uttar Pradesh,North,OFF-STO-105,Office Supplies,Storage,Storage model 105,4427.27,3,0.15,887.84
IN-2024-102965,26-08-2024,31-08-2024,Standard Class,CU-1133,Deepak Joshi,Consumer,India,Surat,Gujarat,West,TEC-PHO-127,Technology,Phones,Phones model 127,80429.02,6,0.05,13093.86
IN-2023-102083,17-12-2023,19-12-2023,Second Class,CU-1163,Swathi Pillai,Corporate,India,Kochi,Kerala,South,OFF-STO-138,Office Supplies,Storage,Storage model 138,3328.0,2,0.0,1227.35
IN-2023-101342,27-04-2023,04-05-2023,Standard Class,CU-1111,Swathi Patel,Consumer,India,Hyderabad,Telangana,South,TEC-ACC-110,Technology,Accessories,Accessories model 110,950.23,1,0.15,262.25
IN-2025-104716,03-11-2025,09-11-2025,Standard Class,CU-1368,Isha Kumar,Corporate,India,Patna,Bihar,East,OFF-PAP-137,Office Supplies,Paper,Paper model 137,244.43,1,0.1,95.95
IN-2024-103460,19-12-2024,23-12-2024,Second Class,CU-1463,Kavya Iyer,Consumer,India,Ludhiana,Punjab,North,TEC-MAC-106,Technology,Machines,Machines model 106,73638.36,3,0.0,8280.74
IN-2023-102004,25-11-2023,30-11-2023,Standard Class,CU-1428,Ashok Reddy,Consumer,India,Surat,Gujarat,West,FUR-CHA-127,Furniture,Chairs,Chairs model 127,9134.45,2,0.1,1846.21
IN-2024-102429,20-03-2024,25-03-2024,Standard Class,CU-1593,Karthik Iyer,Home Office,India,Hyderabad,Telangana,South,FUR-CHA-109,Furniture,Chairs,Chairs model 109,16624.34,4,0.1,2577.71
IN-2023-101413,23-05-2023,29-05-2023,Standard Class,CU-1113,Kavya Patel,Home Office,India,Hyderabad,Telangana,South,FUR-CHA-124,Furniture,Chairs,Chairs model 124,4847.0,1,0.0,1156.61
IN-2025-104905,15-12-2025,19-12-2025,Second Class,CU-1541,Rahul Reddy,Home Office,India,Pune,Maharashtra,West,OFF-LAB-130,Office Supplies,Labels,Labels model 130,913.4,6,0.0,436.36
IN-2022-100886,08-12-2022,12-12-2022,Second Class,CU-1383,Aarav Joshi,Consumer,India,Noida,Uttar Pradesh,North,OFF-BIN-118,Office Supplies,Binders,Binders model 118,386.01,1,0.2,92.34
IN-2023-102024,30-11-2023,03-12-2023,Second Class,CU-1090,Arjun Joshi,Corporate,India,New Delhi,Delhi,North,OFF-STO-120,Office Supplies,Storage,Storage model 120,10055.58,8,0.3,782.69
IN-2023-100991,03-01-2023,06-01-2023,First Class,CU-1148,Rahul Pillai,Home Office,India,Coimbatore,Tamil Nadu,South,TEC-MAC-138,Technology,Machines,Machines model 138,122526.88,6,0.1,10708.59
IN-2024-102271,03-02-2024,07-02-2024,Standard Class,CU-1393,Deepak Shah,Consumer,India,Coimbatore,Tamil Nadu,South,OFF-PAP-125,Office Supplies,Paper,Paper model 125,330.01,1,0.0,163.16
IN-2024-103149,13-10-2024,18-10-2024,Standard Class,CU-1105,Swathi Sharma,Consumer,India,Noida,Uttar Pradesh,North,OFF-BIN-120,Office Supplies,Binders,Binders model 120,1096.13,3,0.1,380.17
IN-2025-104929,19-12-2025,23-12-2025,Standard Class,CU-1495,Nisha Singh,Corporate,India,Patna,Bihar,East,TEC-ACC-135,Technology,Accessories,Accessories model 135,895.74,1,0.15,264.14
IN-2023-101404,21-05-2023,27-05-2023,Standard Class,CU-1067,Swathi Gupta,Consumer,India,Patna,Bihar,East,TEC-PHO-126,Technology,Phones,Phones model 126,10257.97,1,0.2,1367.19
IN-2022-100563,30-08-2022,05-09-2022,Standard Class,CU-1162,Isha Patel,Corporate,India,Pune,Maharashtra,West,OFF-ART-139,Office Supplies,Art,Art model 139,1233.72,5,0.0,444.81
IN-2022-100267,23-04-2022,30-04-2022,Standard Class,CU-1553,Rohit Iyer,Corporate,India,Kochi,Kerala,South,OFF-ART-106,Office Supplies,Art,Art model 106,142.23,1,0.4,2.53
IN-2022-100178,24-03-2022,26-03-2022,First Class,CU-1142,Deepak Reddy,Consumer,India,Mysuru,Karnataka,South,OFF-PAP-132,Office Supplies,Paper,Paper model 132,237.02,1,0.3,66.26
IN-2025-104626,19-10-2025,25-10-2025,Standard Class,CU-1242,Nisha Gupta,Consumer,India,Bhubaneswar,Odisha,East,OFF-LAB-121,Office Supplies,Labels,Labels model 121,503.35,5,0.35,76.31
IN-2024-102640,18-05-2024,22-05-2024,Standard Class,CU-1226,Aarav Kumar,Home Office,India,Amritsar,Punjab,North,TEC-MAC-115,Technology,Machines,Machines model 115,56244.54,3,0.0,11079.06
IN-2023-101370,08-05-2023,14-05-2023,Standard Class,CU-1112,Divya Menon,Home Office,India,Madurai,Tamil Nadu,South,OFF-STO-117,Office Supplies,Storage,Storage model 117,5154.91,3,0.0,1669.77
IN-2024-103305,17-11-2024,18-11-2024,First Class,CU-1567,Aditya Sharma,Corporate,India,Kochi,Kerala,South,OFF-LAB-109,Office Supplies,Labels,Labels model 109,381.01,4,0.4,53.15
IN-2023-101691,27-08-2023,02-09-2023,Standard Class,CU-1236,Lakshmi Nair,Consumer,India,Amritsar,Punjab,North,TEC-PHO-122,Technology,Phones,Phones model 122,30063.05,2,0.1,6163.64
IN-2023-101390,17-05-2023,23-05-2023,Standard Class,CU-1108,Aarav Rao,Corporate,India,Bengaluru,Karnataka,South,OFF-ART-125,Office Supplies,Art,Art model 125,990.28,5,0.1,390.67
IN-2022-100077,07-02-2022,11-02-2022,Standard Class,CU-1331,Aditya Patel,Home Office,India,Noida,Uttar Pradesh,North,OFF-PAP-121,Office Supplies,Paper,Paper model 121,266.24,1,0.0,124.64
IN-2024-103087,01-10-2024,07-10-2024,Standard Class,CU-1422,Vikram Das,Consumer,India,Ahmedabad,Gujarat,West,FUR-CHA-100,Furniture,Chairs,Chairs model 100,24055.53,7,0.15,2501.14
IN-2022-100684,17-10-2022,23-10-2022,Standard Class,CU-1467,Rahul Nair,Corporate,India,Amritsar,Punjab,North,OFF-PAP-121,Office Supplies,Paper,Paper model 121,411.15,2,0.3,124.94
IN-2024-103169,17-10-2024,24-10-2024,Standard Class,CU-1038,Rahul Kumar,Consumer,India,New Delhi,Delhi,North,FUR-FUR-125,Furniture,Furnishings,Furnishings model 125,4349.45,3,0.15,825.59
IN-2024-102896,01-08-2024,04-08-2024,Second Class,CU-1186,Rahul Verma,Consumer,India,Nagpur,Maharashtra,West,OFF-BIN-103,Office Supplies,Binders,Binders model 103,2387.07,6,0.2,772.87
IN-2022-100676,15-10-2022,20-10-2022,Standard Class,CU-1440,Vikram Menon,Corporate,India,Thiruvananthapuram,Kerala,South,FUR-CHA-127,Furniture,Chairs,Chairs model 127,8478.65,2,0.05,1600.58
IN-2025-104941,22-12-2025,26-12-2025,Second Class,CU-1209,Priya Iyer,Corporate,India,New Delhi,Delhi,North,TEC-PHO-127,Technology,Phones,Phones model 127,49382.04,5,0.3,2244.82
IN-2023-101827,10-10-2023,14-10-2023,Standard Class,CU-1140,Neha Joshi,Home Office,India,Surat,Gujarat,West,OFF-PAP-108,Office Supplies,Paper,Paper model 108,514.45,2,0.15,212.91
IN-2024-102427,19-03-2024,25-03-2024,Standard Class,CU-1380,Divya Kumar,Consumer,India,Coimbatore,Tamil Nadu,South,FUR-TAB-101,Furniture,Tables,Tables model 101,7691.23,1,0.15,261.93
IN-2024-102438,21-03-2024,25-03-2024,Standard Class,CU-1315,Rohit Gupta,Corporate,India,Jaipur,Rajasthan,West,OFF-STO-101,Office Supplies,Storage,Storage model 101,1439.26,1,0.25,249.39
IN-2023-101002,05-01-2023,11-01-2023,Standard Class,CU-1104,Ashok Sharma,Corporate,India,New Delhi,Delhi,North,TEC-COP-106,Technology,Copiers,Copiers model 106,60493.56,2,0.2,16823.14
IN-2022-100028,11-01-2022,18-01-2022,Standard Class,CU-1174,Nisha Shah,Consumer,India,Noida,Uttar Pradesh,North,TEC-PHO-107,Technology,Phones,Phones model 107,39169.48,3,0.0,10286.27
IN-2025-103901,13-04-2025,19-04-2025,Standard Class,CU-1246,Meera Rao,Corporate,India,Madurai,Tamil Nadu,South,FUR-CHA-111,Furniture,Chairs,Chairs model 111,3472.53,1,0.15,446.25
IN-2024-102393,09-03-2024,14-03-2024,Standard Class,CU-1161,Pooja Joshi,Consumer,India,New Delhi,Delhi,North,TEC-MAC-114,Technology,Machines,Machines model 114,93575.51,6,0.2,2726.02
IN-2025-104679,28-10-2025,02-11-2025,Standard Class,CU-1424,Pooja Singh,Corporate,India,Hyderabad,Telangana,South,FUR-CHA-132,Furniture,Chairs,Chairs model 132,11893.82,3,0.05,1896.37
IN-2022-100518,10-08-2022,12-08-2022,Second Class,CU-1043,Vikram Kumar,Consumer,India,Bhubaneswar,Odisha,East,OFF-STO-134,Office Supplies,Storage,Storage model 134,2837.16,2,0.15,670.89
IN-2022-100301,07-05-2022,12-05-2022,Standard Class,CU-1484,Rahul Shah,Consumer,India,Jaipur,Rajasthan,West,TEC-COP-139,Technology,Copiers,Copiers model 139,135056.76,7,0.4,6662.42
IN-2024-102649,21-05-2024,23-05-2024,First Class,CU-1079,Aditya Patel,Corporate,India,Jaipur,Rajasthan,West,FUR-CHA-118,Furniture,Chairs,Chairs model 118,4888.47,1,0.05,1260.84
IN-2022-100403,17-06-2022,18-06-2022,First Class,CU-1039,Deepak Patel,Corporate,India,Ludhiana,Punjab,North,OFF-BIN-105,Office Supplies,Binders,Binders model 105,1708.8,4,0.05,612.19
IN-2023-101842,14-10-2023,17-10-2023,First Class,CU-1189,Aditya Shah,Consumer,India,Noida,Uttar Pradesh,North,TEC-ACC-134,Technology,Accessories,Accessories model 134,2035.7,2,0.15,671.89
IN-2022-100655,09-10-2022,15-10-2022,Standard Class,CU-1054,Isha Nair,Consumer,India,Jaipur,Rajasthan,West,OFF-PAP-102,Office Supplies,Paper,Paper model 102,543.6,2,0.1,226.44
IN-2025-104271,23-07-2025,28-07-2025,Standard Class,CU-1309,Swathi Verma,Consumer,India,Ahmedabad,Gujarat,West,FUR-TAB-120,Furniture,Tables,Tables model 120,8859.03,1,0.1,477.59
IN-2023-101191,10-03-2023,14-03-2023,Standard Class,CU-1564,Ashok Das,Corporate,India,Chennai,Tamil Nadu,SOUTH ,TEC-COP-117,Technology,Copiers,Copiers model 117,32291.08,1,0.15,8262.83
IN-2025-103806,22-03-2025,26-03-2025,Standard Class,CU-1518,Vikram Nair,Corporate,India,Hyderabad,Telangana,South,OFF-BIN-114,Office Supplies,Binders,Binders model 114,3299.28,8,0.0,1461.93
IN-2023-101823,09-10-2023,15-10-2023,Standard Class,CU-1595,Manoj Iyer,Corporate,India,Surat,Gujarat,West,TEC-COP-103,Technology,Copiers,Copiers model 103,93177.28,3,0.0,36543.22
IN-2024-102679,28-05-2024,01-06-2024,Standard Class,CU-1576,Ashok Iyer,Home Office,India,Jaipur,Rajasthan,West,FUR-TAB-111,Furniture,Tables,Tables model 111,26290.02,3,0.15,579.85
IN-2025-103519,01-01-2025,07-01-2025,Standard Class,CU-1550,Suresh Pillai,Consumer,India,Kolkata,West Bengal,East,TEC-COP-132,Technology,Copiers,Copiers model 132,92096.83,3,0.1,27977.46
IN-2025-103915,16-04-2025,20-04-2025,Standard Class,CU-1325,Ashok Rao,Consumer,India,Surat,Gujarat,West,TEC-PHO-102,Technology,Phones,Phones model 102,13226.74,1,0.0,2926.45
IN-2023-101325,23-04-2023,27-04-2023,Standard Class,CU-1109,Rahul Sharma,Consumer,India,Jaipur,Rajasthan,West,OFF-PAP-120,Office Supplies,Paper,Paper model 120,255.66,1,0.1,106.92
IN-2023-102118,24-12-2023,30-12-2023,Standard Class,CU-1309,Swathi Verma,Consumer,India,Lucknow,Uttar Pradesh,North,OFF-LAB-119,Office Supplies,Labels,Labels model 119,479.65,3,0.0,198.44
IN-2022-100046,22-01-2022,27-01-2022,Standard Class,CU-1333,Pooja Singh,Corporate,India,Nagpur,Maharashtra,WEST ,FUR-CHA-134,Furniture,Chairs,Chairs model 134,3834.1,1,0.0,777.15
IN-2023-101788,01-10-2023,06-10-2023,Standard Class,CU-1200,Swathi Nair,Consumer,India,Bhubaneswar,Odisha,East,OFF-STO-129,Office Supplies,Storage,Storage model 129,4174.63,3,0.1,1279.41
IN-2025-104101,07-06-2025,10-06-2025,First Class,CU-1424,Pooja Singh,Corporate,India,Hyderabad,Telangana,South,FUR-FUR-138,Furniture,Furnishings,Furnishings model 138,1997.1,2,0.35,-106.77
IN-2024-103005,08-09-2024,12-09-2024,Second Class,CU-1280,Swathi Gupta,Consumer,India,Surat,Gujarat,West,TEC-COP-105,Technology,Copiers,Copiers model 105,76266.44,4,0.4,3971.01
IN-2024-103328,21-11-2024,28-11-2024,Standard Class,CU-1042,Ananya Pillai,Consumer,India,Ahmedabad,Gujarat,West,OFF-STO-115,Office Supplies,Storage,Storage model 115,5567.95,4,0.1,1525.31
IN-2023-101744,14-09-2023,16-09-2023,First Class,CU-1560,Ashok Patel,Home Office,India,Jaipur,Rajasthan,West,OFF-BIN-102,Office Supplies,Binders,Binders model 102,1491.85,4,0.05,520.24
IN-2025-104008,13-05-2025,20-05-2025,Standard Class,CU-1195,Ananya Sharma,Home Office,India,Lucknow,Uttar Pradesh,North,OFF-ART-125,Office Supplies,Art,Art model 125,283.27,1,0.0,112.49
IN-2022-100098,20-02-2022,27-02-2022,Standard Class,CU-1587,Meera Reddy,Corporate,India,Amritsar,Punjab,North,OFF-BIN-112,Office Supplies,Binders,Binders model 112,812.58,2,0.0,385.06
IN-2023-101496,20-06-2023,22-06-2023,Second Class,CU-1029,Kavya Nair,Corporate,India,Patna,Bihar,East,FUR-TAB-113,Furniture,Tables,Tables model 113,27254.85,4,0.3,-4786.97
IN-2025-103608,27-01-2025,02-02-2025,Standard Class,CU-1069,Arjun Shah,Consumer,India,Lucknow,Uttar Pradesh,North,FUR-FUR-107,Furniture,Furnishings,Furnishings model 107,5915.77,4,0.1,1402.84
IN-2023-101537,03-07-2023,09-07-2023,Standard Class,CU-1284,Isha Verma,Consumer,India,Jaipur,Rajasthan,West,TEC-PHO-125,Technology,Phones,Phones model 125,22909.6,2,0.2,2361.44
IN-2024-102279,06-02-2024,10-02-2024,Standard Class,CU-1179,Neha Verma,Corporate,India,Coimbatore,Tamil Nadu,SOUTH ,OFF-LAB-103,Office Supplies,Labels,Labels model 103,161.95,1,0.05,77.89
IN-2023-101727,08-09-2023,11-09-2023,First Class,CU-1526,Deepak Rao,,India,New Delhi,Delhi,North,OFF-STO-135,Office Supplies,Storage,Storage model 135,2391.16,2,0.3,56.76
IN-2025-104343,10-08-2025,17-08-2025,Standard Class,CU-1574,Rohit Verma,Corporate,India,Bhubaneswar,Odisha,East,OFF-PAP-139,Office Supplies,Paper,Paper model 139,313.53,1,0.05,143.97
IN-2023-101053,22-01-2023,28-01-2023,Standard Class,CU-1135,Priya Sharma,Consumer,India,Bhubaneswar,Odisha,East,TEC-COP-130,Technology,Copiers,Copiers model 130,161747.55,6,0.25,34425.71
IN-2023-101940,09-11-2023,14-11-2023,Standard Class,CU-1592,NEHA SHARMA,Consumer,India,Jaipur,Rajasthan,West,FUR-CHA-105,Furniture,Chairs,Chairs model 105,34276.02,7,0.0,8004.48
IN-2024-103091,02-10-2024,07-10-2024,Standard Class,CU-1246,Meera Rao,Corporate,India,Madurai,Tamil Nadu,South,TEC-MAC-115,Technology,Machines,Machines model 115,33811.13,2,0.15,2319.06
IN-2022-100094,17-02-2022,21-02-2022,Standard Class,CU-1071,Ashok Das,Consumer,India,Ahmedabad,Gujarat,West,FUR-TAB-113,Furniture,Tables,Tables model 113,23563.3,3,0.0,1692.96
IN-2024-102974,28-08-2024,03-09-2024,Standard Class,CU-1135,Priya Sharma,Consumer,India,Jaipur,Rajasthan,West,OFF-LAB-108,Office Supplies,Labels,Labels model 108,479.48,3,0.0,190.35
IN-2024-102523,15-04-2024,17-04-2024,Second Class,CU-1295,Suresh Iyer,Consumer,India,Hyderabad,Telangana,South,OFF-LAB-117,Office Supplies,Labels,Labels model 117,561.46,4,0.0,277.55
IN-2025-104413,27-08-2025,30-08-2025,Second Class,CU-1393,Deepak Shah,Consumer,India,Ahmedabad,Gujarat,West,OFF-PAP-106,Office Supplies,Paper,Paper model 106,550.26,2,0.0,246.64
IN-2025-104546,04-10-2025,08-10-2025,Second Class,CU-1328,Ananya Pillai,Consumer,India,Mumbai,Maharashtra,West,OFF-PAP-138,Office Supplies,Paper,Paper model 138,918.08,4,0.15,382.97
IN-2023-101707,02-09-2023,07-09-2023,Standard Class,CU-1021,Nisha Nair,Home Office,India,Amritsar,Punjab,North,TEC-PHO-106,Technology,Phones,Phones model 106,49567.13,4,0.2,6229.37
IN-2023-101165,04-03-2023,10-03-2023,Standard Class,CU-1483,Karthik Shah,Consumer,India,Amritsar,Punjab,North,FUR-BOO-120,Furniture,Bookcases,Bookcases model 120,41150.55,6,0.05,5222.31
IN-2022-100399,15-06-2022,17-06-2022,Second Class,CU-1054,Isha Nair,Consumer,India,Jaipur,Rajasthan,West,TEC-MAC-123,Technology,Machines,Machines model 123,43804.58,2,0.0,3158.71
IN-2022-100223,07-04-2022,14-04-2022,Standard Class,CU-1430,Pooja Singh,Consumer,India,Bhubaneswar,Odisha,East,OFF-PAP-139,Office Supplies,Paper,Paper model 139,661.14,3,0.15,257.78
IN-2022-100303,08-05-2022,10-05-2022,First Class,CU-1535,Kavya Kumar,Consumer,India,Hyderabad,Telangana,South,OFF-LAB-121,Office Supplies,Labels,Labels model 121,146.08,1,0.0,64.08
IN-2022-100088,15-02-2022,21-02-2022,Standard Class,CU-1494,Lakshmi Singh,Consumer,India,New Delhi,Delhi,North,FUR-TAB-133,Furniture,Tables,Tables model 133,9215.41,2,0.45,-3273.61
IN-2023-101009,08-01-2023,13-01-2023,Standard Class,CU-1596,Karthik Nair,Consumer,India,Jaipur,Rajasthan,West,FUR-BOO-114,Furniture,Bookcases,Bookcases model 114,5563.62,1,0.1,381.03
IN-2023-101372,08-05-2023,12-05-2023,Standard Class,CU-1095,Neha Verma,Consumer,India,Bhubaneswar,Odisha,East,OFF-BIN-112,Office Supplies,Binders,Binders model 112,408.45,1,0.1,150.07
IN-2024-102377,06-03-2024,08-03-2024,First Class,CU-1487,Ravi Sharma,Home Office,India,Mysuru,Karnataka,South,OFF-ART-139,Office Supplies,Art,Art model 139,445.79,2,0.0,181.01
IN-2022-100589,14-09-2022,21-09-2022,Standard Class,CU-1079,Aditya Patel,Corporate,India,Mysuru,Karnataka,South,FUR-FUR-106,Furniture,Furnishings,Furnishings model 106,5209.56,4,0.05,1531.27
IN-2024-103431,13-12-2024,17-12-2024,Standard Class,CU-1026,Rahul Iyer,Consumer,India,Ahmedabad,Gujarat,West,OFF-BIN-138,Office Supplies,Binders,Binders model 138,416.85,1,0.15,128.25
IN-2023-102140,29-12-2023,03-01-2024,Standard Class,CU-1276,Priya Das,Consumer,India,Nagpur,Maharashtra,West,TEC-ACC-139,Technology,Accessories,Accessories model 139,3165.23,3,0.0,1227.3
IN-2025-104967,27-12-2025,31-12-2025,Standard Class,CU-1124,Neha Menon,Consumer,India,Surat,Gujarat,West,OFF-LAB-123,Office Supplies,Labels,Labels model 123,861.48,7,0.2,311.73
IN-2023-101359,04-05-2023,11-05-2023,Standard Class,CU-1600,Nisha Patel,Corporate,India,Jaipur,Rajasthan,West,TEC-COP-135,Technology,Copiers,Copiers model 135,63266.04,2,0.2,16590.78
IN-2024-103013,09-09-2024,12-09-2024,Second Class,CU-1287,Vikram Das,Corporate,India,Madurai,Tamil Nadu,South,TEC-MAC-138,Technology,Machines,Machines model 138,42508.3,2,0.0,6032.5
IN-2025-104184,26-06-2025,01-07-2025,Standard Class,CU-1318,Nisha Kumar,Consumer,India,Amritsar,Punjab,North,TEC-COP-122,Technology,Copiers,Copiers model 122,96606.63,3,0.05,35496.83
IN-2024-102937,13-08-2024,17-08-2024,Standard Class,CU-1600,Nisha Patel,Corporate,India,Surat,Gujarat,West,FUR-BOO-132,Furniture,Bookcases,Bookcases model 132,27106.95,4,0.0,4704.04
IN-2023-101711,03-09-2023,08-09-2023,Standard Class,CU-1179,Neha Verma,Corporate,India,Thiruvananthapuram,Kerala,South,OFF-LAB-114,Office Supplies,Labels,Labels model 114,150.78,1,0.0,79.15
IN-2025-103629,03-02-2025,08-02-2025,Standard Class,CU-1502,Isha Sharma,Consumer,India,Ahmedabad,Gujarat,West,FUR-CHA-124,Furniture,Chairs,Chairs model 124,8454.79,2,0.15,760.7
IN-2023-102074,14-12-2023,17-12-2023,Second Class,CU-1366,Isha Patel,Consumer,India,Hyderabad,Telangana,South,FUR-FUR-121,Furniture,Furnishings,Furnishings model 121,2494.91,2,0.05,719.68
IN-2023-101110,15-02-2023,18-02-2023,First Class,CU-1245,Aditya Gupta,Corporate,India,Kochi,Kerala,South,OFF-STO-130,Office Supplies,Storage,Storage model 130,1000.35,1,0.4,-2.08
IN-2023-101376,09-05-2023,15-05-2023,Standard Class,CU-1307,Ananya Shah,Home Office,India,Bhubaneswar,Odisha,East,OFF-STO-127,Office Supplies,Storage,Storage model 127,15320.59,8,0.0,4114.27
IN-2024-102948,17-08-2024,18-08-2024,First Class,CU-1173,Priya Verma,Corporate,India,Kolkata,West Bengal,East,OFF-STO-122,Office Supplies,Storage,Storage model 122,3561.52,2,0.05,1253.04
IN-2022-100588,14-09-2022,16-09-2022,First Class,CU-1165,Isha Menon,Consumer,India,Mumbai,Maharashtra,West,FUR-FUR-104,Furniture,Furnishings,Furnishings model 104,9001.16,7,0.1,2229.87
IN-2022-100212,03-04-2022,09-04-2022,Standard Class,CU-1233,Ananya Gupta,Corporate,India,Ahmedabad,Gujarat,West,OFF-LAB-129,Office Supplies,Labels,Labels model 129,257.95,2,0.15,103.55
IN-2023-101549,09-07-2023,13-07-2023,Standard Class,CU-1520,Priya Nair,Consumer,India,New Delhi,Delhi,North,TEC-PHO-121,Technology,Phones,Phones model 121,24568.0,2,0.1,4752.09
IN-2023-101201,16-03-2023,23-03-2023,Standard Class,CU-1119,Ananya Das,Corporate,India,New Delhi,Delhi,North,OFF-LAB-110,Office Supplies,Labels,Labels model 110,147.66,1,0.1,67.92
IN-2025-103647,07-02-2025,13-02-2025,Standard Class,CU-1427,Deepak Pillai,Home Office,India,Kolkata,West Bengal,East,FUR-FUR-129,Furniture,Furnishings,Furnishings model 129,1290.7,1,0.1,354.62
IN-2023-101407,22-05-2023,26-05-2023,Second Class,CU-1163,Swathi Pillai,Corporate,India,Lucknow,Uttar Pradesh,North,OFF-LAB-122,Office Supplies,Labels,Labels model 122,148.09,1,0.0,73.82
IN-2024-102526,16-04-2024,19-04-2024,First Class,CU-1428,Ashok Reddy,Consumer,India,Amritsar,Punjab,North,OFF-BIN-136,Office Supplies,Binders,Binders model 136,1451.11,4,0.15,576.22
IN-2025-103792,19-03-2025,26-03-2025,Standard Class,CU-1393,Deepak Shah,Consumer,India,Ludhiana,Punjab,North,OFF-PAP-112,Office Supplies,Paper,Paper model 112,509.4,2,0.1,215.07
IN-2023-101482,15-06-2023,21-06-2023,Standard Class,CU-1055,Vivaan Sharma,Home Office,India,Bhubaneswar,Odisha,East,FUR-BOO-105,Furniture,Bookcases,Bookcases model 105,37652.09,7,0.1,3104.29
IN-2025-104579,10-10-2025,16-10-2025,Standard Class,CU-1087,Deepak Reddy,Home Office,India,Ludhiana,Punjab,North,FUR-FUR-102,Furniture,Furnishings,Furnishings model 102,2755.36,2,0.05,793.81
IN-2025-104392,23-08-2025,25-08-2025,First Class,CU-1051,Ravi Joshi,Corporate,India,Chennai,Tamil Nadu,South,FUR-TAB-127,Furniture,Tables,Tables model 127,12558.46,2,0.25,-1448.5
IN-2023-101073,30-01-2023,06-02-2023,Standard Class,CU-1244,Priya Das,Consumer,India,Jaipur,Rajasthan,West,TEC-MAC-119,Technology,Machines,Machines model 119,94560.99,5,0.05,10021.87
IN-2025-104415,28-08-2025,04-09-2025,Standard Class,CU-1210,Rahul Iyer,Home Office,India,Mumbai,Maharashtra,West,OFF-STO-121,Office Supplies,Storage,Storage model 121,1359.47,1,0.2,285.44
IN-2025-103925,18-04-2025,24-04-2025,Standard Class,CU-1046,Nisha Iyer,Corporate,India,New Delhi,Delhi,North,OFF-LAB-131,Office Supplies,Labels,Labels model 131,132.28,1,0.15,48.08
IN-2023-101686,26-08-2023,29-08-2023,First Class,CU-1430,Pooja Singh,Consumer,India,New Delhi,Delhi,North,OFF-PAP-124,Office Supplies,Paper,Paper model 124,1144.56,4,0.0,553.35
IN-2023-101444,02-06-2023,04-06-2023,First Class,CU-1589,Lakshmi Nair,Consumer,India,Mysuru,Karnataka,South,TEC-COP-114,Technology,Copiers,Copiers model 114,36419.15,1,0.0,12908.82
IN-2024-102840,17-07-2024,21-07-2024,Standard Class,CU-1358,Ashok Verma,Consumer,India,Jaipur,Rajasthan,West,TEC-ACC-121,Technology,Accessories,Accessories model 121,3049.89,4,0.3,267.4
IN-2022-100266,23-04-2022,25-04-2022,First Class,CU-1280,Swathi Gupta,Consumer,India,Coimbatore,Tamil Nadu,South,FUR-CHA-122,Furniture,Chairs,Chairs model 122,4335.18,1,0.0,938.93
IN-2025-103853,31-03-2025,02-04-2025,First Class,CU-1222,Rahul Verma,Consumer,India,Jaipur,Rajasthan,West,FUR-FUR-100,Furniture,Furnishings,Furnishings model 100,4354.45,4,0.2,631.87
IN-2023-101784,01-10-2023,07-10-2023,Standard Class,CU-1489,Vivaan Nair,Consumer,India,Lucknow,Uttar Pradesh,North,TEC-MAC-126,Technology,Machines,Machines model 126,21477.76,1,0.0,2394.4
IN-2023-101948,11-11-2023,18-11-2023,Standard Class,CU-1464,Priya Iyer,Home Office,India,Hyderabad,Telangana,South,TEC-PHO-139,Technology,Phones,Phones model 139,52788.57,4,0.0,12677.87
IN-2022-100629,02-10-2022,06-10-2022,Standard Class,CU-1395,Kavya Verma,Corporate,India,Jaipur,Rajasthan,West,OFF-STO-128,Office Supplies,Storage,Storage model 128,4651.08,3,0.0,1666.23
IN-2025-104342,09-08-2025,12-08-2025,Second Class,CU-1321,Neha Verma,Corporate,India,Nagpur,Maharashtra,West,FUR-BOO-125,Furniture,Bookcases,Bookcases model 125,18264.04,3,0.05,2601.39
IN-2024-102575,29-04-2024,01-05-2024,First Class,CU-1152,Rahul Gupta,,India,Amritsar,Punjab,North,TEC-PHO-129,Technology,Phones,Phones model 129,52582.72,4,0.1,8380.24
IN-2022-100129,05-03-2022,12-03-2022,Standard Class,CU-1572,Lakshmi Pillai,Home Office,India,Bhubaneswar,Odisha,East,FUR-CHA-104,Furniture,Chairs,Chairs model 104,13952.98,4,0.3,-84.17
IN-2024-103154,14-10-2024,21-10-2024,Standard Class,CU-1256,Vivaan Sharma,Home Office,India,New Delhi,Delhi,North,TEC-PHO-103,Technology,Phones,Phones model 103,11773.12,1,0.15,2125.13
IN-2023-101882,25-10-2023,31-10-2023,Standard Class,CU-1523,Suresh Kumar,Consumer,India,Thiruvananthapuram,Kerala,South,OFF-PAP-127,Office Supplies,Paper,Paper model 127,971.8,3,0.0,467.69
IN-2022-100059,29-01-2022,04-02-2022,Standard Class,CU-1186,Rahul Verma,Consumer,India,Kochi,Kerala,South,TEC-ACC-117,Technology,Accessories,Accessories model 117,883.68,1,0.15,275.06
IN-2023-101466,10-06-2023,17-06-2023,Standard Class,CU-1442,Meera Shah,,India,Hyderabad,Telangana,South,TEC-MAC-128,Technology,Machines,Machines model 128,36238.22,2,0.05,6940.89
IN-2025-103948,26-04-2025,28-04-2025,Second Class,CU-1462,Neha Menon,Corporate,India,Thiruvananthapuram,Kerala,South,FUR-FUR-124,Furniture,Furnishings,Furnishings model 124,2968.81,2,0.05,728.11
IN-2023-101671,22-08-2023,29-08-2023,Standard Class,CU-1146,Aditya Pillai,Consumer,India,Ludhiana,Punjab,North,TEC-COP-102,Technology,Copiers,Copiers model 102,29023.99,1,0.1,9803.53
IN-2023-101876,22-10-2023,26-10-2023,Standard Class,CU-1327,Sneha Rao,Consumer,India,Hyderabad,Telangana,South,OFF-LAB-116,Office Supplies,Labels,Labels model 116,150.37,1,0.0,77.59
IN-2023-101196,13-03-2023,17-03-2023,Standard Class,CU-1462,Neha Menon,Corporate,India,Bhubaneswar,Odisha,East,TEC-PHO-108,Technology,Phones,Phones model 108,25852.68,2,0.15,4904.16
IN-2024-103026,13-09-2024,17-09-2024,Standard Class,CU-1483,Karthik Shah,Consumer,India,Mysuru,Karnataka,south,TEC-ACC-119,Technology,Accessories,Accessories model 119,2939.16,3,0.05,980.06
IN-2023-101296,13-04-2023,16-04-2023,Second Class,CU-1115,Arjun Menon,Consumer,India,Kochi,Kerala,South,OFF-BIN-110,Office Supplies,Binders,Binders model 110,398.0,1,0.2,117.34
IN-2023-101152,27-02-2023,03-03-2023,Second Class,CU-1447,Neha Reddy,Consumer,India,Kolkata,West Bengal,East,OFF-BIN-101,Office Supplies,Binders,Binders model 101,781.88,2,0.0,312.46
IN-2023-101083,03-02-2023,05-02-2023,Second Class,CU-1289,Ananya Joshi,Corporate,India,Thiruvananthapuram,Kerala,South,OFF-PAP-127,Office Supplies,Paper,Paper model 127,277.6,1,0.0,129.74
IN-2023-101599,26-07-2023,01-08-2023,Standard Class,CU-1180,Divya Das,Corporate,India,Mysuru,Karnataka,South,TEC-ACC-125,Technology,Accessories,Accessories model 125,912.23,1,0.3,155.33
IN-2024-102594,03-05-2024,07-05-2024,Standard Class,CU-1113,Kavya Patel,Home Office,India,Bhubaneswar,Odisha,East,OFF-ART-136,Office Supplies,Art,Art model 136,1584.1,8,0.25,389.92
IN-2024-102454,25-03-2024,28-03-2024,Second Class,CU-1189,Aditya Shah,Consumer,India,Mysuru,Karnataka,South,OFF-LAB-119,Office Supplies,Labels,Labels model 119,326.83,2,0.0,176.27
IN-2023-101253,02-04-2023,05-04-2023,First Class,CU-1202,Neha Verma,Consumer,India,Salem,Tamil Nadu,South,FUR-BOO-121,Furniture,Bookcases,Bookcases model 121,5426.4,1,0.25,-122.24
IN-2022-100415,24-06-2022,27-06-2022,Second Class,CU-1063,Isha Kumar,Consumer,India,Patna,Bihar,East,FUR-FUR-137,Furniture,Furnishings,Furnishings model 137,8152.58,6,0.1,2363.61
IN-2023-101704,02-09-2023,02-09-2023,Same Day,CU-1364,Vivaan Reddy,Consumer,India,Ahmedabad,Gujarat,West,OFF-LAB-111,Office Supplies,Labels,Labels model 111,309.02,2,0.0,160.4
IN-2025-103828,26-03-2025,26-03-2025,Same Day,CU-1438,Rahul Rao,Home Office,India,Hyderabad,Telangana,South,FUR-CHA-106,Furniture,Chairs,Chairs model 106,11574.93,3,0.15,1782.72
IN-2025-104501,19-09-2025,26-09-2025,Standard Class,CU-1018,Vivaan Das,Consumer,India,Coimbatore,Tamil Nadu,South,FUR-FUR-122,Furniture,Furnishings,Furnishings model 122,7302.37,5,0.15,1681.66
IN-2025-103835,27-03-2025,27-03-2025,Same Day,CU-1269,Neha Das,Consumer,India,Jaipur,Rajasthan,West,FUR-BOO-116,Furniture,Bookcases,Bookcases model 116,13124.83,2,0.05,1302.3
IN-2023-101749,17-09-2023,19-09-2023,First Class,CU-1042,Ananya Pillai,Consumer,India,Kochi,Kerala,South,OFF-LAB-115,Office Supplies,Labels,Labels model 115,460.05,4,0.2,161.98
IN-2025-104262,21-07-2025,28-07-2025,Standard Class,CU-1057,Neha Patel,Corporate,India,Amritsar,Punjab,North,TEC-PHO-125,Technology,Phones,Phones model 125,14004.44,1,0.1,2677.85
IN-2024-103032,15-09-2024,21-09-2024,Standard Class,CU-1140,Neha Joshi,Home Office,India,Thiruvananthapuram,Kerala,South,FUR-BOO-135,Furniture,Bookcases,Bookcases model 135,6349.0,1,0.15,265.27
IN-2024-102618,10-05-2024,15-05-2024,Standard Class,CU-1399,Ravi Kumar,Consumer,India,Jaipur,Rajasthan,West,OFF-STO-119,Office Supplies,Storage,Storage model 119,3537.93,2,0.05,1069.14
IN-2025-104970,27-12-2025,29-12-2025,First Class,CU-1555,Priya Shah,Consumer,India,Noida,Uttar Pradesh,North,OFF-PAP-131,Office Supplies,Paper,Paper model 131,1252.75,4,0.0,622.57
IN-2025-104352,12-08-2025,19-08-2025,Standard Class,CU-1164,Rohit Pillai,Corporate,India,Mysuru,Karnataka,South,OFF-STO-136,Office Supplies,Storage,Storage model 136,7039.43,4,0.0,2350.52
IN-2025-104283,25-07-2025,30-07-2025,Standard Class,CU-1312,Manoj Shah,Consumer,India,Noida,Uttar Pradesh,North,FUR-TAB-105,Furniture,Tables,Tables model 105,15461.84,2,0.25,-1554.31
IN-2023-101341,27-04-2023,04-05-2023,Standard Class,CU-1207,Sneha Sharma,Home Office,India,Ludhiana,Punjab,North,FUR-FUR-118,Furniture,Furnishings,Furnishings model 118,2937.92,2,0.05,845.08
IN-2022-100892,09-12-2022,15-12-2022,Standard Class,CU-1534,Divya Singh,Corporate,India,Pune,Maharashtra,West,TEC-ACC-136,Technology,Accessories,Accessories model 136,5906.82,8,0.4,135.36
IN-2023-101099,09-02-2023,13-02-2023,Standard Class,CU-1291,Meera Das,Corporate,India,Patna,Bihar,East,OFF-STO-103,Office Supplies,Storage,Storage model 103,14088.74,8,0.1,3879.99
IN-2024-102361,01-03-2024,06-03-2024,Standard Class,CU-1526,Deepak Rao,Consumer,India,Ludhiana,Punjab,North,OFF-STO-114,Office Supplies,Storage,Storage model 114,6358.65,4,0.05,1873.34
IN-2025-104322,05-08-2025,08-08-2025,Second Class,CU-1495,Nisha Singh,Corporate,India,Pune,Maharashtra,West,TEC-ACC-101,Technology,Accessories,Accessories model 101,2173.63,2,0.0,847.26
IN-2024-103351,24-11-2024,01-12-2024,Standard Class,CU-1482,Ravi Sharma,Consumer,India,Salem,Tamil Nadu,South,TEC-COP-134,Technology,Copiers,Copiers model 134,35040.51,1,0.05,11900.66
IN-2025-103584,21-01-2025,27-01-2025,Standard Class,CU-1277,Suresh Iyer,Home Office,India,Pune,Maharashtra,West,FUR-BOO-124,Furniture,Bookcases,Bookcases model 124,15418.04,2,0.0,2492.94
IN-2023-101777,28-09-2023,29-09-2023,First Class,CU-1577,Deepak Sharma,Consumer,India,Hyderabad,Telangana,South,FUR-TAB-113,Furniture,Tables,Tables model 113,36659.14,4,0.05,2139.95
IN-2024-102353,27-02-2024,02-03-2024,Standard Class,CU-1384,Nisha Iyer,Consumer,India,Surat,Gujarat,West,OFF-PAP-110,Office Supplies,Paper,Paper model 110,1002.9,4,0.1,439.84
IN-2025-104365,15-08-2025,19-08-2025,Standard Class,CU-1098,Deepak Iyer,Consumer,India,Ahmedabad,Gujarat,West,OFF-BIN-112,Office Supplies,Binders,Binders model 112,399.36,1,0.2,108.59
IN-2024-103061,24-09-2024,28-09-2024,Standard Class,CU-1044,Isha Rao,Consumer,India,Ahmedabad,Gujarat,West,FUR-BOO-115,Furniture,Bookcases,Bookcases model 115,48948.39,8,0.15,3446.79
IN-2023-102052,08-12-2023,12-12-2023,Second Class,CU-1195,Ananya Sharma,Home Office,India,Bhubaneswar,Odisha,East,TEC-PHO-114,Technology,Phones,Phones model 114,14800.58,1,0.0,4259.92
IN-2025-104685,28-10-2025,01-11-2025,Standard Class,CU-1065,Pooja Sharma,Corporate,India,Jaipur,Rajasthan,West,TEC-COP-134,Technology,Copiers,Copiers model 134,206394.66,7,0.15,63908.61
IN-2025-104055,25-05-2025,27-05-2025,First Class,CU-1428,Ashok Reddy,Consumer,India,Mumbai,Maharashtra,West,OFF-ART-120,Office Supplies,Art,Art model 120,1126.5,4,0.0,465.69
IN-2023-101062,25-01-2023,27-01-2023,First Class,CU-1104,Ashok Sharma,Corporate,India,Ludhiana,Punjab,North,FUR-FUR-106,Furniture,Furnishings,Furnishings model 106,5268.25,4,0.05,1662.64
IN-2024-103316,19-11-2024,24-11-2024,Standard Class,CU-1322,Ravi Kumar,Consumer,India,Jaipur,Rajasthan,West,FUR-TAB-108,Furniture,Tables,Tables model 108,15125.08,2,0.2,-1444.08
IN-2024-103435,14-12-2024,17-12-2024,Second Class,CU-1063,Isha Kumar,Consumer,India,Amritsar,Punjab,North,FUR-TAB-108,Furniture,Tables,Tables model 108,40262.83,5,0.15,396.44
IN-2024-102938,14-08-2024,14-08-2024,Same Day,CU-1410,Karthik Menon,Consumer,India,New Delhi,Delhi,North,TEC-COP-130,Technology,Copiers,Copiers model 130,39208.38,1,0.0,14816.17
IN-2024-102510,12-04-2024,17-04-2024,Standard Class,CU-1032,Manoj Gupta,Corporate,India,Mumbai,Maharashtra,West,FUR-CHA-105,Furniture,Chairs,Chairs model 105,21896.29,5,0.1,2208.84
IN-2025-104015,15-05-2025,21-05-2025,Standard Class,CU-1497,Sneha Verma,Consumer,India,Patna,Bihar,east,OFF-ART-119,Office Supplies,Art,Art model 119,836.99,4,0.05,317.53
IN-2025-104584,11-10-2025,18-10-2025,Standard Class,CU-1557,Ananya Menon,Home Office,India,Surat,Gujarat,West,FUR-FUR-106,Furniture,Furnishings,Furnishings model 106,2732.51,2,0.2,531.48
IN-2022-100209,02-04-2022,04-04-2022,Second Class,CU-1469,Sneha Shah,Consumer,India,Jaipur,Rajasthan,West,OFF-PAP-139,Office Supplies,Paper,Paper model 139,554.24,2,0.1,241.12
IN-2023-101166,04-03-2023,09-03-2023,Standard Class,CU-1362,Arjun Kumar,Home Office,India,Bhubaneswar,Odisha,East,OFF-BIN-100,Office Supplies,Binders,Binders model 100,1405.66,3,0.05,609.39
IN-2023-101722,07-09-2023,10-09-2023,Second Class,CU-1181,Arjun Joshi,Consumer,India,Jaipur,Rajasthan,West,FUR-FUR-119,Furniture,Furnishings,Furnishings model 119,1390.99,1,0.05,419.53
IN-2023-101584,21-07-2023,22-07-2023,First Class,CU-1371,Arjun Kumar,Consumer,India,Jaipur,Rajasthan,West,FUR-TAB-114,Furniture,Tables,Tables model 114,46488.61,6,0.1,-498.19
IN-2022-100264,23-04-2022,25-04-2022,Second Class,CU-1037,Swathi Pillai,Consumer,India,Patna,Bihar,East,TEC-PHO-136,Technology,Phones,Phones model 136,129757.98,8,0.05,32040.16
IN-2024-103430,13-12-2024,15-12-2024,Second Class,CU-1326,Neha Nair,Home Office,India,Surat,Gujarat,West,OFF-ART-128,Office Supplies,Art,Art model 128,421.13,2,0.15,112.84
IN-2025-104696,31-10-2025,06-11-2025,Standard Class,CU-1110,Meera Joshi,Consumer,India,Ludhiana,Punjab,North,TEC-PHO-106,Technology,Phones,Phones model 106,91722.05,6,0.0,26129.67
IN-2024-103209,25-10-2024,29-10-2024,Standard Class,CU-1310,Aarav Sharma,Consumer,India,Kochi,Kerala,South,OFF-ART-102,Office Supplies,Art,Art model 102,236.98,1,0.0,97.0
IN-2025-103800,21-03-2025,27-03-2025,Standard Class,CU-1044,Isha Rao,Consumer,India,Mysuru,Karnataka,South,FUR-FUR-130,Furniture,Furnishings,Furnishings model 130,5354.68,4,0.15,1157.87
IN-2023-101171,05-03-2023,09-03-2023,Standard Class,CU-1593,Karthik Iyer,Home Office,India,Kolkata,West Bengal,East,OFF-ART-132,Office Supplies,Art,Art model 132,639.63,3,0.2,143.55
IN-2024-102794,05-07-2024,10-07-2024,Standard Class,CU-1107,Ananya Iyer,Corporate,India,Jaipur,Rajasthan,west,OFF-ART-129,Office Supplies,Art,Art model 129,302.72,2,0.4,2.44
IN-2024-102883,30-07-2024,04-08-2024,Standard Class,CU-1369,Priya Reddy,Consumer,India,Bengaluru,Karnataka,south,OFF-LAB-107,Office Supplies,Labels,Labels model 107,692.7,5,0.1,339.65
IN-2025-104998,31-12-2025,06-01-2026,Standard Class,CU-1051,Ravi Joshi,Corporate,India,Bhubaneswar,Odisha,East,OFF-STO-119,Office Supplies,Storage,Storage model 119,3784.91,2,0.05,1082.36
IN-2024-103160,15-10-2024,19-10-2024,Standard Class,CU-1352,Karthik Iyer,Home Office,India,Coimbatore,Tamil Nadu,South,OFF-LAB-107,Office Supplies,Labels,Labels model 107,782.68,5,0.0,387.09
IN-2023-102092,19-12-2023,19-12-2023,Same Day,CU-1550,Suresh Pillai,Consumer,India,Amritsar,Punjab,North,OFF-PAP-122,Office Supplies,Paper,Paper model 122,607.93,2,0.05,253.12
IN-2023-101271,06-04-2023,12-04-2023,Standard Class,CU-1075,Manoj Nair,Consumer,India,Noida,Uttar Pradesh,North,OFF-PAP-118,Office Supplies,Paper,Paper model 118,435.14,2,0.3,104.8
IN-2024-103065,25-09-2024,27-09-2024,Second Class,CU-1535,Kavya Kumar,Consumer,India,Hyderabad,Telangana,South,OFF-BIN-101,Office Supplies,Binders,Binders model 101,1732.19,4,0.0,747.54
IN-2023-101392,18-05-2023,23-05-2023,Standard Class,CU-1526,Deepak Rao,Consumer,India,Noida,Uttar Pradesh,North,OFF-LAB-128,Office Supplies,Labels,Labels model 128,139.95,1,0.0,70.12
IN-2025-104480,12-09-2025,16-09-2025,Standard Class,CU-1158,Divya Singh,Consumer,India,Hyderabad,Telangana,South,TEC-MAC-100,Technology,Machines,Machines model 100,104094.31,5,0.15,-375.17
IN-2025-104509,21-09-2025,23-09-2025,Second Class,CU-1596,KARTHIK NAIR,Consumer,India,Pune,Maharashtra,West,OFF-LAB-103,Office Supplies,Labels,Labels model 103,650.27,4,0.0,329.68
IN-2022-100902,11-12-2022,14-12-2022,Second Class,CU-1006,Divya Singh,Home Office,India,Lucknow,Uttar Pradesh,North,FUR-FUR-134,Furniture,Furnishings,Furnishings model 134,2266.11,2,0.15,467.5
IN-2025-104912,17-12-2025,24-12-2025,Standard Class,CU-1434,Lakshmi Pillai,Corporate,India,Ahmedabad,Gujarat,West,TEC-COP-129,Technology,Copiers,Copiers model 129,121992.43,4,0.15,37861.6
IN-2023-101162,03-03-2023,08-03-2023,Standard Class,CU-1082,Swathi Reddy,Consumer,India,Noida,Uttar Pradesh,North,TEC-MAC-134,Technology,Machines,Machines model 134,47969.21,2,0.05,4613.57
IN-2023-101484,16-06-2023,23-06-2023,Standard Class,CU-1301,Manoj Das,Corporate,India,Salem,Tamil Nadu,South,TEC-ACC-125,Technology,Accessories,Accessories model 125,1107.63,1,0.05,447.04
IN-2024-103457,19-12-2024,25-12-2024,Standard Class,CU-1077,Kavya Iyer,Corporate,India,Jaipur,Rajasthan,West,TEC-MAC-106,Technology,Machines,Machines model 106,64975.95,4,0.2,-557.98
IN-2025-104095,06-06-2025,12-06-2025,Standard Class,CU-1474,Manoj Rao,Home Office,India,Kochi,Kerala,South,OFF-PAP-104,Office Supplies,Paper,Paper model 104,513.77,2,0.1,222.53
IN-2025-103814,24-03-2025,31-03-2025,Standard Class,CU-1007,Isha Menon,Home Office,India,Jaipur,Rajasthan,West,TEC-ACC-104,Technology,Accessories,Accessories model 104,2838.84,3,0.1,1033.08
IN-2024-103505,28-12-2024,01-01-2025,Standard Class,CU-1096,Aarav Shah,Consumer,India,Surat,Gujarat,West,OFF-PAP-112,Office Supplies,Paper,Paper model 112,447.88,2,0.3,113.74
IN-2023-101302,14-04-2023,17-04-2023,Second Class,CU-1308,Arjun Patel,Corporate,India,Hyderabad,Telangana,South,FUR-CHA-102,Furniture,Chairs,Chairs model 102,15383.55,4,0.1,3022.61
IN-2022-100632,02-10-2022,06-10-2022,Second Class,CU-1469,Sneha Shah,Consumer,India,Amritsar,Punjab,North,TEC-COP-127,Technology,Copiers,Copiers model 127,132182.49,4,0.05,53043.82
IN-2025-104125,13-06-2025,20-06-2025,Standard Class,CU-1277,Suresh Iyer,Home Office,India,Ahmedabad,Gujarat,west,OFF-ART-108,Office Supplies,Art,Art model 108,598.97,3,0.3,89.15
IN-2023-101971,17-11-2023,23-11-2023,Standard Class,CU-1039,Deepak Patel,Corporate,India,Surat,Gujarat,West,TEC-ACC-134,Technology,Accessories,Accessories model 134,2192.01,2,0.1,628.04
IN-2025-104571,09-10-2025,12-10-2025,First Class,CU-1005,Divya Sharma,Consumer,India,Thiruvananthapuram,Kerala,South,TEC-PHO-136,Technology,Phones,Phones model 136,93791.16,7,0.1,19048.48
IN-2023-101410,23-05-2023,27-05-2023,Second Class,CU-1483,Karthik Shah,Consumer,India,Patna,Bihar,East,OFF-LAB-125,Office Supplies,Labels,Labels model 125,289.3,3,0.35,67.02
IN-2025-104175,24-06-2025,27-06-2025,Second Class,CU-1361,Isha Das,Consumer,India,Ludhiana,Punjab,North,FUR-CHA-128,Furniture,Chairs,Chairs model 128,12923.96,3,0.1,1394.54
IN-2023-101477,14-06-2023,19-06-2023,Standard Class,CU-1371,Arjun Kumar,Consumer,India,Ahmedabad,Gujarat,West,FUR-TAB-137,Furniture,Tables,Tables model 137,6289.74,1,0.2,-422.89
IN-2025-103636,04-02-2025,10-02-2025,Standard Class,CU-1014,Ravi Das,Consumer,India,Amritsar,Punjab,North,OFF-LAB-108,Office Supplies,Labels,Labels model 108,824.92,6,,256.64
IN-2022-100690,19-10-2022,23-10-2022,Standard Class,CU-1441,Ravi Nair,Corporate,India,Thiruvananthapuram,Kerala,South,OFF-STO-117,Office Supplies,Storage,Storage model 117,1397.11,1,0.2,316.52
IN-2023-101039,18-01-2023,21-01-2023,Second Class,CU-1563,Arjun Nair,Corporate,India,Bhubaneswar,Odisha,East,OFF-BIN-105,Office Supplies,Binders,Binders model 105,970.94,2,0.05,385.13
IN-2025-103804,22-03-2025,23-03-2025,First Class,CU-1053,Ashok Verma,Corporate,India,Jaipur,Rajasthan,West,OFF-ART-105,Office Supplies,Art,Art model 105,560.73,3,0.15,197.32
IN-2022-100051,25-01-2022,29-01-2022,Second Class,CU-1280,Swathi Gupta,Consumer,India,Nagpur,Maharashtra,West,FUR-BOO-114,Furniture,Bookcases,Bookcases model 114,37382.34,5,0.05,4873.56
IN-2024-102720,09-06-2024,16-06-2024,Standard Class,CU-1014,Ravi Das,Consumer,India,Thiruvananthapuram,Kerala,South,OFF-ART-113,Office Supplies,Art,Art model 113,218.73,1,0.15,65.74
IN-2024-102768,25-06-2024,02-07-2024,Standard Class,CU-1266,Isha Rao,Corporate,India,Madurai,Tamil Nadu,South,TEC-ACC-104,Technology,Accessories,Accessories model 104,2288.67,2,0.1,740.46
IN-2022-100374,03-06-2022,08-06-2022,Standard Class,CU-1224,Kavya Shah,Corporate,India,Ludhiana,Punjab,North,FUR-TAB-128,Furniture,Tables,Tables model 128,5574.79,1,0.4,-1516.07
IN-2023-101210,21-03-2023,23-03-2023,Second Class,CU-1417,Kavya Singh,Corporate,India,Bhubaneswar,Odisha,East,OFF-STO-125,Office Supplies,Storage,Storage model 125,9193.87,6,0.05,2727.77
IN-2022-100698,21-10-2022,26-10-2022,Standard Class,CU-1473,Vivaan Nair,Consumer,India,Jaipur,Rajasthan,West,FUR-TAB-104,Furniture,Tables,Tables model 104,9959.08,1,0.0,1037.12
IN-2024-103161,15-10-2024,17-10-2024,Second Class,CU-1037,Swathi Pillai,Consumer,India,Noida,Uttar Pradesh,North,OFF-BIN-138,Office Supplies,Binders,Binders model 138,710.42,2,0.1,232.92
IN-2022-100030,12-01-2022,18-01-2022,Standard Class,CU-1240,Ananya Menon,Consumer,India,Hyderabad,Telangana,South,OFF-BIN-136,Office Supplies,Binders,Binders model 136,849.72,2,0.0,375.34
IN-2025-104995,30-12-2025,05-01-2026,Standard Class,CU-1449,Vikram Patel,Consumer,India,Kochi,Kerala,South,FUR-FUR-122,Furniture,Furnishings,Furnishings model 122,1128.77,1,0.2,169.65
IN-2025-104988,29-12-2025,03-01-2026,Standard Class,CU-1471,Ravi Reddy,Home Office,India,Amritsar,Punjab,North,TEC-MAC-108,Technology,Machines,Machines model 108,85859.34,4,0.0,9940.92
IN-2025-103675,14-02-2025,19-02-2025,Standard Class,CU-1564,Ashok Das,Corporate,India,Hyderabad,Telangana,South,OFF-ART-136,Office Supplies,Art,Art model 136,220.39,1,0.05,82.99
IN-2023-101605,29-07-2023,01-08-2023,Second Class,CU-1225,Divya Kumar,Corporate,India,Hyderabad,Telangana,South,TEC-MAC-128,Technology,Machines,Machines model 128,56677.54,3,0.05,6410.08
IN-2025-103750,11-03-2025,18-03-2025,Standard Class,CU-1284,Isha Verma,Consumer,India,Salem,Tamil Nadu,South,FUR-FUR-112,Furniture,Furnishings,Furnishings model 112,5830.01,5,0.15,1086.04
IN-2024-102275,04-02-2024,07-02-2024,First Class,CU-1356,Nisha Shah,Corporate,India,New Delhi,Delhi,North,OFF-ART-117,Office Supplies,Art,Art model 117,162.96,1,0.4,3.02
IN-2024-103323,20-11-2024,26-11-2024,Standard Class,CU-1156,Ananya Das,Consumer,India,Nagpur,Maharashtra,West,OFF-PAP-105,Office Supplies,Paper,Paper model 105,255.89,1,0.2,94.27
IN-2023-102099,21-12-2023,26-12-2023,Standard Class,CU-1164,Rohit Pillai,Corporate,India,Ludhiana,Punjab,North,FUR-TAB-124,Furniture,Tables,Tables model 124,59820.33,7,0.0,5976.55
IN-2023-101986,21-11-2023,23-11-2023,Second Class,CU-1296,Sneha Joshi,Consumer,India,New Delhi,Delhi,North,TEC-MAC-114,Technology,Machines,Machines model 114,43841.29,3,0.4,-8890.06
IN-2024-102295,09-02-2024,16-02-2024,Standard Class,CU-1443,Vivaan Iyer,Consumer,India,Mumbai,Maharashtra,West,OFF-ART-136,Office Supplies,Art,Art model 136,1310.78,5,0.05,483.55
IN-2025-103982,06-05-2025,06-05-2025,Same Day,CU-1181,Arjun Joshi,Consumer,India,Ahmedabad,Gujarat,West,TEC-MAC-105,Technology,Machines,Machines model 105,17136.36,1,0.1,883.03
IN-2024-103044,18-09-2024,25-09-2024,Standard Class,CU-1449,Vikram Patel,Consumer,India,Kochi,Kerala,South,OFF-ART-122,Office Supplies,Art,Art model 122,533.13,2,0.0,214.8
IN-2024-102631,13-05-2024,19-05-2024,Standard Class,CU-1215,Ashok Kumar,Corporate,India,Kolkata,West Bengal,East,FUR-BOO-132,Furniture,Bookcases,Bookcases model 132,44000.56,7,0.1,3912.4
IN-2024-103446,16-12-2024,19-12-2024,First Class,CU-1449,Vikram Patel,Consumer,India,Ahmedabad,Gujarat,West,TEC-PHO-132,Technology,Phones,Phones model 132,47294.3,3,0.05,12783.73
IN-2022-100189,28-03-2022,31-03-2022,Second Class,CU-1498,Rohit Joshi,Consumer,India,Bhubaneswar,Odisha,East,TEC-COP-109,Technology,Copiers,Copiers model 109,99065.84,4,0.2,28119.31
IN-2022-100694,20-10-2022,20-10-2022,Same Day,CU-1420,Arjun Nair,Consumer,India,Jaipur,Rajasthan,West,FUR-CHA-117,Furniture,Chairs,Chairs model 117,7658.93,2,0.1,1372.46
IN-2024-103400,05-12-2024,08-12-2024,Second Class,CU-1061,Arjun Gupta,Corporate,India,Noida,Uttar Pradesh,North,TEC-COP-103,Technology,Copiers,Copiers model 103,184223.75,5,0.05,66162.47
IN-2024-103396,05-12-2024,12-12-2024,Standard Class,CU-1422,Vikram Das,Consumer,India,Hyderabad,Telangana,South,OFF-PAP-105,Office Supplies,Paper,Paper model 105,604.94,2,0.0,279.44
IN-2024-102344,23-02-2024,27-02-2024,Standard Class,CU-1400,Pooja Rao,Corporate,India,Kochi,Kerala,South,FUR-CHA-122,Furniture,Chairs,Chairs model 122,35909.67,8,0.0,7373.39
IN-2023-101098,08-02-2023,13-02-2023,Standard Class,CU-1360,Ananya Menon,Home Office,India,Mysuru,Karnataka,South,OFF-ART-106,Office Supplies,Art,Art model 106,794.17,4,0.2,234.45
IN-2024-103419,10-12-2024,13-12-2024,Second Class,CU-1048,Rohit Patel,Corporate,India,Jaipur,Rajasthan,West,OFF-LAB-106,Office Supplies,Labels,Labels model 106,715.22,5,0.0,397.45
IN-2023-101748,16-09-2023,22-09-2023,Standard Class,CU-1488,Aarav Patel,Corporate,India,Amritsar,Punjab,North,FUR-CHA-139,Furniture,Chairs,Chairs model 139,11370.26,3,0.1,1953.57
IN-2024-103104,05-10-2024,07-10-2024,First Class,CU-1388,Divya Kumar,Home Office,India,Mysuru,Karnataka,South,FUR-TAB-130,Furniture,Tables,Tables model 130,40258.43,5,0.05,3598.29
IN-2024-103194,21-10-2024,23-10-2024,Second Class,CU-1419,Ashok Verma,Home Office,India,Chennai,Tamil Nadu,South,TEC-PHO-130,Technology,Phones,Phones model 130,25540.67,2,0.1,6030.52
IN-2025-103789,19-03-2025,23-03-2025,Standard Class,CU-1314,Vivaan Verma,Consumer,India,Thiruvananthapuram,Kerala,South,FUR-BOO-122,Furniture,Bookcases,Bookcases model 122,6215.88,1,0.15,391.93
IN-2022-100494,31-07-2022,06-08-2022,Standard Class,CU-1503,Isha Menon,Consumer,India,Kolkata,West Bengal,East,TEC-COP-108,Technology,Copiers,Copiers model 108,24126.23,1,0.2,6390.2
IN-2024-103001,07-09-2024,10-09-2024,Second Class,CU-1327,Sneha Rao,Consumer,India,Patna,Bihar,East,FUR-BOO-110,Furniture,Bookcases,Bookcases model 110,11816.07,2,0.1,1100.5
IN-2024-103138,11-10-2024,16-10-2024,Standard Class,CU-1020,Vikram Reddy,Corporate,India,Noida,Uttar Pradesh,North,OFF-PAP-106,Office Supplies,Paper,Paper model 106,255.91,1,0.2,78.17
IN-2022-100730,30-10-2022,03-11-2022,Standard Class,CU-1050,Vikram Sharma,Home Office,India,Jaipur,Rajasthan,West,OFF-BIN-131,Office Supplies,Binders,Binders model 131,1302.4,3,0.0,541.53
IN-2025-103871,04-04-2025,04-04-2025,Same Day,CU-1384,Nisha Iyer,Consumer,India,Amritsar,Punjab,North,TEC-MAC-102,Technology,Machines,Machines model 102,20847.9,1,0.05,2187.01
IN-2022-100825,21-11-2022,28-11-2022,Standard Class,CU-1322,Ravi Kumar,Consumer,India,Pune,Maharashtra,West,TEC-MAC-109,Technology,Machines,Machines model 109,58200.98,3,0.0,9150.35
IN-2024-103171,17-10-2024,21-10-2024,Standard Class,CU-1551,Ravi Kumar,Consumer,India,Hyderabad,Telangana,South,FUR-TAB-132,Furniture,Tables,Tables model 132,43723.96,6,0.25,-5125.16
IN-2023-101591,24-07-2023,29-07-2023,Standard Class,CU-1148,Rahul Pillai,Home Office,India,Bengaluru,Karnataka,South,FUR-BOO-105,Furniture,Bookcases,Bookcases model 105,6280.04,1,0.05,754.06
IN-2024-103011,09-09-2024,13-09-2024,Standard Class,CU-1108,Aarav Rao,Corporate,India,Patna,Bihar,East,OFF-PAP-100,Office Supplies,Paper,Paper model 100,547.91,2,0.1,242.1
IN-2022-100575,05-09-2022,10-09-2022,Standard Class,CU-1160,Rohit Patel,Home Office,India,Patna,Bihar,East,OFF-PAP-123,Office Supplies,Paper,Paper model 123,211.3,1,0.2,78.56
IN-2022-100715,26-10-2022,30-10-2022,Standard Class,CU-1351,Manoj Reddy,Consumer,India,Coimbatore,Tamil Nadu,South,TEC-COP-139,Technology,Copiers,Copiers model 139,37071.76,1,0.0,14175.09
IN-2024-103223,29-10-2024,01-11-2024,Second Class,CU-1317,Rohit Kumar,Consumer,India,Surat,Gujarat,West,TEC-PHO-134,Technology,Phones,Phones model 134,13089.05,1,0.15,2169.74
IN-2025-103588,23-01-2025,28-01-2025,Standard Class,CU-1298,Meera Kumar,Consumer,India,Pune,Maharashtra,West,TEC-ACC-108,Technology,Accessories,Accessories model 108,2439.67,2,0.0,946.38
IN-2022-100759,07-11-2022,09-11-2022,First Class,CU-1009,Aditya Gupta,Consumer,India,Bhubaneswar,Odisha,East,TEC-ACC-107,Technology,Accessories,Accessories model 107,1607.01,2,0.35,157.22
IN-2024-103511,30-12-2024,04-01-2025,Standard Class,CU-1354,Ashok Verma,Corporate,India,Ludhiana,Punjab,North,FUR-CHA-102,Furniture,Chairs,Chairs model 102,16319.02,4,0.1,2699.26
IN-2022-100109,26-02-2022,28-02-2022,Second Class,CU-1549,Suresh Reddy,Corporate,India,Surat,Gujarat,West,OFF-LAB-131,Office Supplies,Labels,Labels model 131,156.78,1,0.05,74.02
IN-2024-102417,17-03-2024,17-03-2024,Same Day,CU-1492,Rahul Verma,Consumer,India,Mumbai,Maharashtra,West,OFF-ART-122,Office Supplies,Art,Art model 122,200.23,1,0.15,56.39
IN-2023-101096,08-02-2023,12-02-2023,Standard Class,CU-1111,Swathi Patel,Consumer,India,Kolkata,West Bengal,East,OFF-BIN-101,Office Supplies,Binders,Binders model 101,2027.33,5,0.2,586.55
IN-2025-103635,04-02-2025,08-02-2025,Standard Class,CU-1318,Nisha Kumar,Consumer,India,Amritsar,Punjab,North,OFF-PAP-106,Office Supplies,Paper,Paper model 106,1362.1,5,0.0,679.42
IN-2024-103029,15-09-2024,18-09-2024,Second Class,CU-1177,Arjun Gupta,Corporate,India,Mumbai,Maharashtra,West,TEC-MAC-112,Technology,Machines,Machines model 112,60069.62,4,0.3,-2980.03
IN-2025-104404,25-08-2025,01-09-2025,Standard Class,CU-1122,Priya Reddy,Corporate,India,Jaipur,Rajasthan,West,OFF-ART-104,Office Supplies,Art,Art model 104,396.95,2,0.1,139.35
IN-2023-101596,25-07-2023,28-07-2023,Second Class,CU-1536,Lakshmi Joshi,Corporate,India,New Delhi,Delhi,North,FUR-BOO-103,Furniture,Bookcases,Bookcases model 103,19483.44,3,0.05,2130.37
IN-2024-103390,03-12-2024,07-12-2024,Second Class,CU-1195,Ananya Sharma,Home Office,India,Bhubaneswar,Odisha,East,OFF-BIN-132,Office Supplies,Binders,Binders model 132,406.25,1,0.05,162.83
IN-2024-103015,10-09-2024,16-09-2024,Standard Class,CU-1055,Vivaan Sharma,Home Office,India,Hyderabad,Telangana,South,OFF-ART-106,Office Supplies,Art,Art model 106,2041.66,8,0.05,785.71
IN-2022-100884,07-12-2022,13-12-2022,Standard Class,CU-1221,Aditya Pillai,Consumer,India,Hyderabad,Telangana,South,OFF-ART-125,Office Supplies,Art,Art model 125,198.84,1,,48.56
IN-2024-102317,16-02-2024,21-02-2024,Standard Class,CU-1480,Suresh Das,Corporate,India,Surat,Gujarat,West,FUR-BOO-116,Furniture,Bookcases,Bookcases model 116,12089.41,2,0.0,2344.21
IN-2022-100710,24-10-2022,28-10-2022,Second Class,CU-1382,Sneha Kumar,Consumer,India,Jaipur,Rajasthan,West,OFF-ART-124,Office Supplies,Art,Art model 124,819.17,4,0.15,247.43
IN-2023-101540,04-07-2023,08-07-2023,Second Class,CU-1015,Kavya Iyer,Corporate,India,Hyderabad,Telangana,South,FUR-CHA-122,Furniture,Chairs,Chairs model 122,5429.54,2,0.35,-329.18
IN-2022-100177,24-03-2022,29-03-2022,Standard Class,CU-1503,Isha Menon,Consumer,India,Hyderabad,Telangana,South,FUR-FUR-125,Furniture,Furnishings,Furnishings model 125,1177.88,1,0.1,302.98
IN-2024-102335,20-02-2024,23-02-2024,Second Class,CU-1556,Nisha Iyer,Consumer,India,Kolkata,West Bengal,East,OFF-LAB-126,Office Supplies,Labels,Labels model 126,517.44,4,0.15,222.84
IN-2024-102958,23-08-2024,27-08-2024,Second Class,CU-1299,Karthik Rao,Corporate,India,Ahmedabad,Gujarat,West,FUR-BOO-110,Furniture,Bookcases,Bookcases model 110,42505.87,6,0.1,6077.32
IN-2024-102888,30-07-2024,04-08-2024,Standard Class,CU-1276,Priya Das,Consumer,India,Jaipur,Rajasthan,West,OFF-STO-108,Office Supplies,Storage,Storage model 108,10019.52,6,0.0,3074.26
IN-2025-104906,15-12-2025,18-12-2025,First Class,CU-1107,Ananya Iyer,Corporate,India,Mumbai,Maharashtra,West,OFF-BIN-128,Office Supplies,Binders,Binders model 128,1434.64,3,0.05,572.9
IN-2023-101106,13-02-2023,15-02-2023,Second Class,CU-1422,Vikram Das,Consumer,India,Hyderabad,Telangana,South,FUR-FUR-102,Furniture,Furnishings,Furnishings model 102,4923.87,4,0.1,1047.37
IN-2024-102242,27-01-2024,27-01-2024,Same Day,CU-1367,Manoj Sharma,Consumer,India,Patna,Bihar,East,OFF-LAB-117,Office Supplies,Labels,Labels model 117,525.47,6,0.35,87.11
IN-2025-104788,18-11-2025,21-11-2025,First Class,CU-1488,Aarav Patel,Corporate,India,Ahmedabad,Gujarat,West,TEC-COP-139,Technology,Copiers,Copiers model 139,115269.72,3,0.0,45983.52
IN-2023-101211,21-03-2023,26-03-2023,Standard Class,CU-1312,Manoj Shah,Consumer,India,Ahmedabad,Gujarat,West,OFF-PAP-111,Office Supplies,Paper,Paper model 111,1388.91,5,0.1,560.34
IN-2024-102285,07-02-2024,11-02-2024,Standard Class,CU-1503,Isha Menon,Consumer,India,Lucknow,Uttar Pradesh,North,OFF-ART-101,Office Supplies,Art,Art model 101,227.92,1,0.0,99.48
IN-2022-100506,07-08-2022,13-08-2022,Standard Class,CU-1500,Kavya Shah,Consumer,India,Kochi,Kerala,South,OFF-PAP-114,Office Supplies,Paper,Paper model 114,904.81,3,0.1,325.11
IN-2025-104902,14-12-2025,18-12-2025,Second Class,CU-1123,Isha Menon,Home Office,India,Nagpur,Maharashtra,West,OFF-LAB-128,Office Supplies,Labels,Labels model 128,149.1,1,0.1,69.43
IN-2022-100727,28-10-2022,28-10-2022,Same Day,CU-1007,Isha Menon,Home Office,India,Hyderabad,Telangana,South,OFF-PAP-134,Office Supplies,Paper,Paper model 134,270.38,1,0.2,84.96
IN-2025-104176,25-06-2025,01-07-2025,Standard Class,CU-1252,Arjun Joshi,Consumer,India,Jaipur,Rajasthan,West,OFF-BIN-138,Office Supplies,Binders,Binders model 138,1011.32,2,0.0,418.9
IN-2022-100631,02-10-2022,06-10-2022,Standard Class,CU-1362,Arjun Kumar,Home Office,India,Patna,Bihar,East,OFF-PAP-120,Office Supplies,Paper,Paper model 120,464.69,2,0.1,202.19
IN-2022-100749,05-11-2022,07-11-2022,Second Class,CU-1122,Priya Reddy,Corporate,India,Surat,Gujarat,West,OFF-PAP-113,Office Supplies,Paper,Paper model 113,234.83,1,0.1,96.67
IN-2024-102660,23-05-2024,30-05-2024,Standard Class,CU-1597,Karthik Joshi,Home Office,India,Noida,Uttar Pradesh,North,FUR-BOO-113,Furniture,Bookcases,Bookcases model 113,6944.69,1,0.1,669.46
IN-2022-100615,28-09-2022,05-10-2022,Standard Class,CU-1127,Ashok Nair,Consumer,India,Lucknow,Uttar Pradesh,North,FUR-FUR-127,Furniture,Furnishings,Furnishings model 127,1545.84,1,0.0,383.66
IN-2023-101326,24-04-2023,28-04-2023,Standard Class,CU-1019,Priya Sharma,Consumer,India,Hyderabad,Telangana,South,FUR-TAB-130,Furniture,Tables,Tables model 130,21911.48,4,0.4,-6044.73
IN-2024-102191,12-01-2024,19-01-2024,Standard Class,CU-1411,Neha Kumar,Corporate,India,Amritsar,Punjab,North,OFF-LAB-122,Office Supplies,Labels,Labels model 122,120.51,1,0.1,45.54
IN-2025-104983,29-12-2025,29-12-2025,Same Day,CU-1100,Vivaan Iyer,Consumer,India,New Delhi,Delhi,North,OFF-PAP-109,Office Supplies,Paper,Paper model 109,1038.47,4,0.1,462.42
IN-2024-103164,16-10-2024,20-10-2024,Standard Class,CU-1193,Arjun Singh,Home Office,India,Madurai,Tamil Nadu,South,OFF-BIN-127,Office Supplies,Binders,Binders model 127,453.31,1,0.05,200.69
IN-2024-103447,17-12-2024,24-12-2024,Standard Class,CU-1289,Ananya Joshi,Corporate,India,Mumbai,Maharashtra,West,FUR-FUR-134,Furniture,Furnishings,Furnishings model 134,2557.17,2,0.05,710.8
IN-2022-100692,19-10-2022,19-10-2022,Same Day,CU-1037,Swathi Pillai,Consumer,India,Hyderabad,Telangana,South,OFF-LAB-135,Office Supplies,Labels,Labels model 135,130.76,1,0.05,57.96
IN-2023-101884,25-10-2023,27-10-2023,First Class,CU-1541,Rahul Reddy,Home Office,India,Bhubaneswar,Odisha,East,OFF-BIN-134,Office Supplies,Binders,Binders model 134,775.0,2,0.05,315.03
IN-2022-100784,12-11-2022,16-11-2022,Standard Class,CU-1374,Aarav Patel,Consumer,India,Lucknow,Uttar Pradesh,North,OFF-LAB-106,Office Supplies,Labels,Labels model 106,471.64,3,0.0,236.3
IN-2024-102472,30-03-2024,03-04-2024,Standard Class,CU-1020,Vikram Reddy,Corporate,India,Amritsar,Punjab,north,FUR-TAB-108,Furniture,Tables,Tables model 108,24237.72,3,0.15,-532.42
IN-2024-103090,02-10-2024,06-10-2024,Standard Class,CU-1080,Neha Rao,Corporate,India,Coimbatore,Tamil Nadu,South,OFF-LAB-127,Office Supplies,Labels,Labels model 127,542.28,4,0.1,239.61
IN-2024-103432,13-12-2024,17-12-2024,Standard Class,CU-1006,Divya Singh,Home Office,India,Bhubaneswar,Odisha,East,OFF-LAB-125,Office Supplies,Labels,Labels model 125,115.57,1,0.1,50.84
IN-2022-100232,11-04-2022,15-04-2022,Second Class,CU-1246,Meera Rao,Corporate,India,Mysuru,Karnataka,South,TEC-PHO-124,Technology,Phones,Phones model 124,11862.33,1,0.2,1815.43
IN-2024-102537,19-04-2024,25-04-2024,Standard Class,CU-1419,Ashok Verma,Home Office,India,Lucknow,Uttar Pradesh,North,FUR-TAB-100,Furniture,Tables,Tables model 100,17185.81,2,0.15,-406.8
IN-2024-102635,15-05-2024,16-05-2024,First Class,CU-1206,Aarav Menon,Corporate,India,Mumbai,Maharashtra,West,OFF-BIN-123,Office Supplies,Binders,Binders model 123,882.24,2,0.0,365.17
IN-2024-102503,09-04-2024,11-04-2024,First Class,CU-1059,Aarav Verma,Corporate,India,Chennai,Tamil Nadu,South,TEC-ACC-131,Technology,Accessories,Accessories model 131,5185.74,4,0.0,1745.9
IN-2024-102820,11-07-2024,13-07-2024,First Class,CU-1394,Neha Pillai,Consumer,India,Hyderabad,Telangana,South,TEC-COP-100,Technology,Copiers,Copiers model 100,37045.83,1,0.0,15857.91
IN-2024-102517,14-04-2024,19-04-2024,Standard Class,CU-1320,Pooja Verma,Home Office,India,Patna,Bihar,East,OFF-ART-132,Office Supplies,Art,Art model 132,1494.58,7,0.15,495.99
IN-2024-103021,12-09-2024,16-09-2024,Standard Class,CU-1558,Suresh Shah,Consumer,India,Nagpur,Maharashtra,West,FUR-CHA-122,Furniture,Chairs,Chairs model 122,9431.51,2,0.05,1657.53
IN-2025-103903,13-04-2025,19-04-2025,Standard Class,CU-1354,Ashok Verma,Corporate,India,Nagpur,Maharashtra,West,OFF-LAB-123,Office Supplies,Labels,Labels model 123,266.21,2,0.05,121.83
IN-2024-103371,28-11-2024,02-12-2024,Second Class,CU-1018,Vivaan Das,Consumer,India,Surat,Gujarat,West,OFF-BIN-139,Office Supplies,Binders,Binders model 139,825.91,2,0.05,310.11
IN-2025-104510,21-09-2025,24-09-2025,Second Class,CU-1470,Rohit Joshi,Consumer,India,Kochi,Kerala,South,TEC-COP-110,Technology,Copiers,Copiers model 110,72433.45,2,0.1,24272.42
IN-2022-100167,21-03-2022,21-03-2022,Same Day,CU-1338,Neha Gupta,Consumer,India,Bhubaneswar,Odisha,East,OFF-PAP-105,Office Supplies,Paper,Paper model 105,1770.28,6,0.05,905.52
IN-2024-103010,09-09-2024,13-09-2024,Second Class,CU-1240,Ananya Menon,Consumer,India,Amritsar,Punjab,North,TEC-COP-134,Technology,Copiers,Copiers model 134,93549.05,3,0.1,30768.01
IN-2024-102504,10-04-2024,15-04-2024,Standard Class,CU-1086,Sneha Patel,Consumer,India,Surat,Gujarat,West,FUR-CHA-125,Furniture,Chairs,Chairs model 125,4916.75,1,0.0,1157.45
IN-2024-102180,10-01-2024,16-01-2024,Standard Class,CU-1445,Vikram Iyer,Corporate,India,Pune,Maharashtra,West,TEC-PHO-119,Technology,Phones,Phones model 119,61722.96,4,0.0,20190.92
IN-2022-100171,22-03-2022,29-03-2022,Standard Class,CU-1077,Kavya Iyer,Corporate,India,Bengaluru,Karnataka,South,TEC-COP-100,Technology,Copiers,Copiers model 100,156747.95,4,0.0,50448.39
IN-2024-102495,06-04-2024,13-04-2024,Standard Class,CU-1147,Ananya Joshi,Consumer,India,Jaipur,Rajasthan,West,FUR-BOO-127,Furniture,Bookcases,Bookcases model 127,34502.72,5,0.0,4870.85
IN-2024-103333,22-11-2024,26-11-2024,Standard Class,CU-1376,Kavya Reddy,Consumer,India,Madurai,Tamil Nadu,South,OFF-STO-136,Office Supplies,Storage,Storage model 136,5313.1,3,0.0,1799.64
IN-2022-100507,07-08-2022,07-08-2022,Same Day,CU-1349,Swathi Verma,Corporate,India,Patna,Bihar,East,TEC-COP-133,Technology,Copiers,Copiers model 133,121895.13,4,0.05,43774.83
IN-2023-101363,05-05-2023,12-05-2023,Standard Class,CU-1154,Isha Singh,Corporate,India,Mysuru,Karnataka,South,TEC-PHO-125,Technology,Phones,Phones model 125,14133.55,1,0.1,3592.41
IN-2024-102375,05-03-2024,07-03-2024,Second Class,CU-1141,Kavya Kumar,Consumer,India,Madurai,Tamil Nadu,South,TEC-COP-128,Technology,Copiers,Copiers model 128,61466.8,2,0.1,18814.68
IN-2024-102651,22-05-2024,25-05-2024,Second Class,CU-1078,Suresh Sharma,Corporate,India,Patna,Bihar,East,TEC-MAC-125,Technology,Machines,Machines model 125,31777.21,2,0.35,-4179.92
IN-2022-100333,21-05-2022,26-05-2022,Standard Class,CU-1415,Manoj Joshi,Consumer,India,Hyderabad,Telangana,South,FUR-CHA-129,Furniture,Chairs,Chairs model 129,7155.77,2,0.15,1198.78
IN-2025-104583,11-10-2025,18-10-2025,Standard Class,CU-1516,Deepak Gupta,Corporate,India,New Delhi,Delhi,North,OFF-ART-107,Office Supplies,Art,Art model 107,326.08,2,0.4,19.54
IN-2023-102046,05-12-2023,12-12-2023,Standard Class,CU-1169,Sneha Sharma,Corporate,India,Chennai,Tamil Nadu,South,TEC-PHO-121,Technology,Phones,Phones model 121,68893.64,4,0.0,20199.86
IN-2023-101493,18-06-2023,18-06-2023,Same Day,CU-1120,Manoj Kumar,Consumer,India,Kolkata,West Bengal,East,FUR-FUR-120,Furniture,Furnishings,Furnishings model 120,2771.05,2,0.05,794.78
IN-2022-100621,01-10-2022,07-10-2022,Standard Class,CU-1149,Rohit Shah,Corporate,India,Ahmedabad,Gujarat,West,TEC-ACC-112,Technology,Accessories,Accessories model 112,1193.51,1,0.0,499.71
IN-2023-101606,29-07-2023,29-07-2023,Same Day,CU-1143,Pooja Gupta,Consumer,India,Hyderabad,Telangana,South,TEC-ACC-125,Technology,Accessories,Accessories model 125,1376.58,1,0.0,509.82
IN-2023-101027,14-01-2023,18-01-2023,Standard Class,CU-1440,Vikram Menon,Corporate,India,Bhubaneswar,Odisha,East,FUR-CHA-124,Furniture,Chairs,Chairs model 124,19194.58,5,0.2,1213.58
IN-2024-102916,07-08-2024,11-08-2024,Standard Class,CU-1204,Lakshmi Patel,Home Office,India,Patna,Bihar,East,TEC-ACC-112,Technology,Accessories,Accessories model 112,3591.23,6,0.5,-503.37
IN-2024-103509,30-12-2024,05-01-2025,Standard Class,CU-1362,Arjun Kumar,Home Office,India,Jaipur,Rajasthan,West,OFF-ART-108,Office Supplies,Art,Art model 108,322.43,2,0.25,59.33
IN-2024-102520,15-04-2024,18-04-2024,Second Class,CU-1012,Vivaan Shah,Home Office,India,Ahmedabad,Gujarat,West,OFF-LAB-121,Office Supplies,Labels,Labels model 121,129.26,1,0.1,52.06
IN-2025-103556,12-01-2025,16-01-2025,Second Class,CU-1405,Isha Das,Home Office,India,Coimbatore,Tamil Nadu,South,TEC-ACC-126,Technology,Accessories,Accessories model 126,986.96,1,0.2,224.11
IN-2023-101339,26-04-2023,30-04-2023,Second Class,CU-1406,Ashok Kumar,Consumer,India,Jaipur,Rajasthan,West,FUR-TAB-129,Furniture,Tables,Tables model 129,25049.09,3,0.05,2482.2
IN-2025-104612,16-10-2025,23-10-2025,Standard Class,CU-1077,Kavya Iyer,Corporate,India,Kochi,Kerala,South,OFF-ART-132,Office Supplies,Art,Art model 132,1297.01,6,0.0,498.2
IN-2024-102609,07-05-2024,11-05-2024,Second Class,CU-1390,Deepak Verma,Home Office,India,Hyderabad,Telangana,South,TEC-ACC-110,Technology,Accessories,Accessories model 110,2021.56,2,0.05,773.2
IN-2024-102910,06-08-2024,10-08-2024,Standard Class,CU-1163,Swathi Pillai,Corporate,India,Bhubaneswar,Odisha,East,OFF-LAB-117,Office Supplies,Labels,Labels model 117,295.07,2,0.05,124.29
IN-2023-101957,12-11-2023,19-11-2023,Standard Class,CU-1087,Deepak Reddy,Home Office,India,Jaipur,Rajasthan,West,FUR-TAB-123,Furniture,Tables,Tables model 123,8104.07,1,0.1,776.06
IN-2025-104752,12-11-2025,16-11-2025,Standard Class,CU-1467,RAHUL NAIR,Corporate,India,Patna,Bihar,East,TEC-COP-122,Technology,Copiers,Copiers model 122,111789.54,3,0.0,40231.37
IN-2025-104402,25-08-2025,31-08-2025,Standard Class,CU-1210,Rahul Iyer,Home Office,India,Bhubaneswar,Odisha,East,FUR-FUR-134,Furniture,Furnishings,Furnishings model 134,5361.44,5,0.25,815.2
IN-2023-101399,19-05-2023,23-05-2023,Standard Class,CU-1237,Arjun Sharma,Consumer,India,Lucknow,Uttar Pradesh,North,OFF-LAB-139,Office Supplies,Labels,Labels model 139,533.11,4,0.0,280.85
IN-2024-103092,03-10-2024,05-10-2024,Second Class,CU-1217,Manoj Rao,Home Office,India,Jaipur,Rajasthan,West,OFF-ART-114,Office Supplies,Art,Art model 114,472.8,2,0.15,131.54
IN-2025-104791,20-11-2025,24-11-2025,Second Class,CU-1468,Aarav Verma,Consumer,India,Salem,Tamil Nadu,South,TEC-MAC-136,Technology,Machines,Machines model 136,45953.89,2,0.05,4321.55
IN-2024-102459,27-03-2024,03-04-2024,Standard Class,CU-1512,Ashok Shah,Corporate,India,Surat,Gujarat,West,OFF-PAP-106,Office Supplies,Paper,Paper model 106,773.88,3,0.1,344.66
IN-2023-101369,07-05-2023,14-05-2023,Standard Class,CU-1006,Divya Singh,Home Office,India,Hyderabad,Telangana,South,FUR-BOO-110,Furniture,Bookcases,Bookcases model 110,31637.81,5,,1402.87
IN-2023-102150,31-12-2023,07-01-2024,Standard Class,CU-1243,Nisha Kumar,Consumer,India,Thiruvananthapuram,Kerala,South,OFF-BIN-124,Office Supplies,Binders,Binders model 124,792.59,2,0.0,321.96
IN-2024-102636,15-05-2024,19-05-2024,Standard Class,CU-1467,Rahul Nair,Corporate,India,Thiruvananthapuram,Kerala,South,TEC-COP-132,Technology,Copiers,Copiers model 132,46102.45,2,0.4,2839.8
IN-2025-104726,06-11-2025,11-11-2025,Standard Class,CU-1073,Kavya Das,Consumer,India,Kolkata,West Bengal,East,FUR-FUR-124,Furniture,Furnishings,Furnishings model 124,1233.37,1,0.2,206.72
IN-2025-104903,14-12-2025,20-12-2025,Standard Class,CU-1322,Ravi Kumar,Consumer,India,New Delhi,Delhi,North,OFF-STO-111,Office Supplies,Storage,Storage model 111,3312.97,2,0.0,1059.2
IN-2024-102585,01-05-2024,05-05-2024,Standard Class,CU-1479,Aarav Verma,Consumer,India,Pune,Maharashtra,West,FUR-TAB-135,Furniture,Tables,Tables model 135,44418.67,5,0.05,2279.21
IN-2025-104868,07-12-2025,12-12-2025,Standard Class,CU-1185,Neha Singh,Home Office,India,New Delhi,Delhi,North,FUR-TAB-121,Furniture,Tables,Tables model 121,23631.51,4,0.25,-2462.82
IN-2024-103252,06-11-2024,08-11-2024,Second Class,CU-1378,Manoj Rao,Consumer,India,Hyderabad,Telangana,South,FUR-CHA-127,Furniture,Chairs,Chairs model 127,7692.06,2,0.1,727.55
IN-2023-101708,02-09-2023,07-09-2023,Standard Class,CU-1173,Priya Verma,Corporate,India,Nagpur,Maharashtra,West,FUR-TAB-110,Furniture,Tables,Tables model 110,5533.45,1,0.35,-1458.7
IN-2024-103058,22-09-2024,25-09-2024,Second Class,CU-1023,Isha Pillai,Corporate,India,Noida,Uttar Pradesh,North,OFF-LAB-116,Office Supplies,Labels,Labels model 116,477.42,3,0.0,264.52
IN-2025-103539,06-01-2025,10-01-2025,Standard Class,CU-1100,Vivaan Iyer,Consumer,India,Lucknow,Uttar Pradesh,North,TEC-ACC-135,Technology,Accessories,Accessories model 135,4444.36,4,0.05,1639.39
IN-2024-103134,11-10-2024,17-10-2024,Standard Class,CU-1071,Ashok Das,Consumer,India,Noida,Uttar Pradesh,North,OFF-PAP-111,Office Supplies,Paper,Paper model 111,856.72,4,0.2,280.6
IN-2022-100917,14-12-2022,16-12-2022,First Class,CU-1120,Manoj Kumar,Consumer,India,Chennai,Tamil Nadu,South,OFF-PAP-139,Office Supplies,Paper,Paper model 139,549.49,2,0.0,265.14
IN-2025-104874,07-12-2025,14-12-2025,Standard Class,CU-1048,Rohit Patel,Corporate,India,Kolkata,West Bengal,East,FUR-TAB-110,Furniture,Tables,Tables model 110,5025.71,1,0.5,-2308.15
IN-2025-104292,28-07-2025,04-08-2025,Standard Class,CU-1570,Rohit Kumar,Corporate,India,Thiruvananthapuram,Kerala,South,OFF-BIN-136,Office Supplies,Binders,Binders model 136,1551.17,4,0.2,432.25
IN-2022-100092,16-02-2022,22-02-2022,Standard Class,CU-1590,Ananya Reddy,Consumer,India,Hyderabad,Telangana,South,FUR-FUR-115,Furniture,Furnishings,Furnishings model 115,5497.97,4,0.05,1354.57
IN-2023-101164,04-03-2023,09-03-2023,Standard Class,CU-1147,Ananya Joshi,Consumer,India,Jaipur,Rajasthan,West,OFF-ART-100,Office Supplies,Art,Art model 100,214.89,1,0.2,50.33
IN-2025-103640,05-02-2025,06-02-2025,First Class,CU-1312,Manoj Shah,Consumer,India,Surat,Gujarat,West,FUR-FUR-125,Furniture,Furnishings,Furnishings model 125,926.72,1,0.4,-11.74
IN-2022-100913,14-12-2022,21-12-2022,Standard Class,CU-1400,Pooja Rao,Corporate,India,Bhubaneswar,Odisha,East,TEC-COP-117,Technology,Copiers,Copiers model 117,56685.37,2,0.05,24012.87
IN-2025-104200,03-07-2025,10-07-2025,Standard Class,CU-1593,Karthik Iyer,Home Office,India,Patna,Bihar,East,FUR-BOO-117,Furniture,Bookcases,Bookcases model 117,10950.16,2,0.15,1273.63
IN-2024-102286,07-02-2024,14-02-2024,Standard Class,CU-1552,Priya Verma,Home Office,India,Mumbai,Maharashtra,West,OFF-PAP-138,Office Supplies,Paper,Paper model 138,292.93,1,0.0,149.48
IN-2023-101910,31-10-2023,03-11-2023,First Class,CU-1274,Manoj Singh,Consumer,India,Surat,Gujarat,West,FUR-BOO-121,Furniture,Bookcases,Bookcases model 121,25544.7,4,0.0,3233.13
IN-2023-101661,20-08-2023,24-08-2023,Standard Class,CU-1447,Neha Reddy,Consumer,India,Ahmedabad,Gujarat,West,TEC-PHO-106,Technology,Phones,Phones model 106,13166.79,1,0.1,2257.91
IN-2024-102675,27-05-2024,01-06-2024,Standard Class,CU-1497,SNEHA VERMA,Consumer,India,Bengaluru,Karnataka,South,OFF-ART-122,Office Supplies,Art,Art model 122,981.68,6,0.4,7.06
IN-2024-102590,02-05-2024,08-05-2024,Standard Class,CU-1250,Kavya Singh,Consumer,India,Mysuru,Karnataka,South,TEC-PHO-100,Technology,Phones,Phones model 100,46785.66,3,0.0,12003.23
IN-2025-104385,20-08-2025,23-08-2025,First Class,CU-1392,Kavya Nair,Corporate,India,Noida,Uttar Pradesh,North,TEC-PHO-101,Technology,Phones,Phones model 101,27310.11,2,0.05,5616.8
IN-2024-103334,22-11-2024,25-11-2024,First Class,CU-1279,Karthik Patel,Consumer,India,Hyderabad,Telangana,South,TEC-COP-125,Technology,Copiers,Copiers model 125,101860.52,3,0.0,44228.99
IN-2022-100125,03-03-2022,07-03-2022,Standard Class,CU-1117,Aarav Shah,Corporate,India,Kolkata,West Bengal,East,OFF-PAP-113,Office Supplies,Paper,Paper model 113,249.45,1,0.15,94.24
IN-2024-102388,08-03-2024,10-03-2024,Second Class,CU-1532,Neha Reddy,Corporate,India,New Delhi,Delhi,North,FUR-BOO-118,Furniture,Bookcases,Bookcases model 118,5807.93,1,0.15,310.57
IN-2025-103596,25-01-2025,30-01-2025,Standard Class,CU-1338,Neha Gupta,Consumer,India,Lucknow,Uttar Pradesh,North,OFF-PAP-124,Office Supplies,Paper,Paper model 124,1189.9,5,0.2,429.88
IN-2025-104153,20-06-2025,26-06-2025,Standard Class,CU-1457,Isha Joshi,Home Office,India,Kochi,Kerala,South,TEC-COP-115,Technology,Copiers,Copiers model 115,169057.97,6,0.2,46244.3
IN-2024-102878,29-07-2024,03-08-2024,Standard Class,CU-1221,Aditya Pillai,Consumer,India,Patna,Bihar,East,OFF-ART-114,Office Supplies,Art,Art model 114,454.63,2,0.15,135.41
IN-2024-102315,16-02-2024,20-02-2024,Standard Class,CU-1202,Neha Verma,Consumer,India,Jaipur,Rajasthan,West,FUR-TAB-113,Furniture,Tables,Tables model 113,27185.63,3,0.05,2708.61
IN-2024-103063,25-09-2024,30-09-2024,Standard Class,CU-1189,Aditya Shah,Consumer,India,Kolkata,West Bengal,East,FUR-FUR-134,Furniture,Furnishings,Furnishings model 134,6419.71,5,0.1,1499.9
IN-2025-103923,17-04-2025,20-04-2025,First Class,CU-1444,Ravi Singh,Consumer,India,New Delhi,Delhi,North,OFF-STO-103,Office Supplies,Storage,Storage model 103,4038.51,2,0.0,1181.29
IN-2023-101381,13-05-2023,14-05-2023,First Class,CU-1505,Ananya Rao,Consumer,India,Surat,Gujarat,West,FUR-FUR-127,Furniture,Furnishings,Furnishings model 127,3035.06,2,0.05,977.23
IN-2025-104187,27-06-2025,01-07-2025,Second Class,CU-1027,Isha Verma,Corporate,India,Patna,Bihar,East,FUR-FUR-135,Furniture,Furnishings,Furnishings model 135,2760.04,4,0.5,-780.88
IN-2023-101043,20-01-2023,25-01-2023,Standard Class,CU-1117,Aarav Shah,Corporate,India,New Delhi,Delhi,North,FUR-CHA-119,Furniture,Chairs,Chairs model 119,3702.66,1,0.05,864.33
IN-2024-102774,29-06-2024,05-07-2024,Standard Class,CU-1227,Priya Rao,Consumer,India,Ahmedabad,Gujarat,West,OFF-ART-137,Office Supplies,Art,Art model 137,211.3,1,0.15,59.42
IN-2025-104371,17-08-2025,24-08-2025,Standard Class,CU-1419,Ashok Verma,Home Office,India,Jaipur,Rajasthan,West,TEC-COP-118,Technology,Copiers,Copiers model 118,89391.76,3,0.1,30004.3
IN-2023-102065,10-12-2023,12-12-2023,Second Class,CU-1276,Priya Das,Consumer,India,Noida,Uttar Pradesh,North,TEC-ACC-134,Technology,Accessories,Accessories model 134,1910.35,2,0.1,570.95
IN-2024-102259,01-02-2024,06-02-2024,Standard Class,CU-1036,Swathi Reddy,Consumer,India,Patna,Bihar,East,OFF-STO-100,Office Supplies,Storage,Storage model 100,1742.89,1,0.1,457.22
IN-2023-101056,23-01-2023,27-01-2023,Standard Class,CU-1319,Nisha Rao,Corporate,India,Surat,Gujarat,West,OFF-LAB-126,Office Supplies,Labels,Labels model 126,596.28,4,0.0,309.51
IN-2022-100340,24-05-2022,30-05-2022,Standard Class,CU-1450,Swathi Iyer,Corporate,India,Bhubaneswar,Odisha,East,OFF-LAB-135,Office Supplies,Labels,Labels model 135,363.68,3,0.15,151.49
IN-2024-102879,29-07-2024,01-08-2024,Second Class,CU-1191,Karthik Gupta,Home Office,India,Patna,Bihar,East,FUR-CHA-101,Furniture,Chairs,Chairs model 101,22221.06,6,0.05,2087.68
IN-2023-102145,30-12-2023,03-01-2024,Second Class,CU-1069,Arjun Shah,Consumer,India,Amritsar,Punjab,North,FUR-BOO-114,Furniture,Bookcases,Bookcases model 114,40527.84,6,0.1,4464.11
IN-2025-103561,14-01-2025,19-01-2025,Standard Class,CU-1047,Divya Nair,Consumer,India,Patna,Bihar,East,OFF-PAP-119,Office Supplies,Paper,Paper model 119,246.81,1,0.1,99.52
IN-2025-104631,20-10-2025,23-10-2025,Second Class,CU-1105,Swathi Sharma,Consumer,India,New Delhi,Delhi,North,FUR-TAB-102,Furniture,Tables,Tables model 102,18818.13,2,0.05,258.37
IN-2022-100724,28-10-2022,29-10-2022,First Class,CU-1471,Ravi Reddy,Home Office,India,Patna,Bihar,East,OFF-PAP-130,Office Supplies,Paper,Paper model 130,841.77,3,0.0,420.91
IN-2023-101955,12-11-2023,16-11-2023,Standard Class,CU-1374,Aarav Patel,Consumer,India,New Delhi,Delhi,North,OFF-BIN-116,Office Supplies,Binders,Binders model 116,411.13,1,0.0,169.3
IN-2025-104623,18-10-2025,24-10-2025,Standard Class,CU-1444,Ravi Singh,Consumer,India,Mumbai,Maharashtra,West,OFF-PAP-133,Office Supplies,Paper,Paper model 133,306.45,1,0.1,128.87
IN-2022-100004,02-01-2022,06-01-2022,Standard Class,CU-1071,Ashok Das,Consumer,India,Kolkata,West Bengal,East,TEC-PHO-137,Technology,Phones,Phones model 137,36190.35,3,0.1,8539.15
IN-2022-100502,04-08-2022,06-08-2022,First Class,CU-1225,Divya Kumar,Corporate,India,Nagpur,Maharashtra,West,OFF-PAP-126,Office Supplies,Paper,Paper model 126,490.94,2,0.05,205.71
IN-2023-101808,05-10-2023,11-10-2023,Standard Class,CU-1468,Aarav Verma,Consumer,India,Thiruvananthapuram,Kerala,South,FUR-FUR-128,Furniture,Furnishings,Furnishings model 128,5695.94,4,0.05,1634.95
IN-2022-100311,11-05-2022,11-05-2022,Same Day,CU-1296,Sneha Joshi,Consumer,India,New Delhi,Delhi,North,TEC-ACC-131,Technology,Accessories,Accessories model 131,7806.84,7,0.1,2406.47
IN-2023-101228,25-03-2023,27-03-2023,First Class,CU-1010,Manoj Pillai,Corporate,India,Hyderabad,Telangana,South,OFF-LAB-115,Office Supplies,Labels,Labels model 115,374.32,4,0.4,66.79
IN-2024-102265,02-02-2024,07-02-2024,Standard Class,CU-1057,Neha Patel,Corporate,India,Coimbatore,Tamil Nadu,South,OFF-BIN-127,Office Supplies,Binders,Binders model 127,491.52,1,0.05,211.13
IN-2025-104782,17-11-2025,21-11-2025,Standard Class,CU-1324,Priya Kumar,Consumer,India,Ahmedabad,Gujarat,West,TEC-ACC-138,Technology,Accessories,Accessories model 138,2237.29,2,0.05,723.04
IN-2025-103909,14-04-2025,20-04-2025,Standard Class,CU-1556,Nisha Iyer,Consumer,India,Hyderabad,Telangana,South,OFF-BIN-102,Office Supplies,Binders,Binders model 102,494.67,1,0.0,217.34
IN-2025-103919,17-04-2025,18-04-2025,First Class,CU-1402,Arjun Joshi,Corporate,India,Hyderabad,Telangana,South,OFF-LAB-106,Office Supplies,Labels,Labels model 106,500.79,4,,229.28
IN-2024-102734,14-06-2024,18-06-2024,Second Class,CU-1324,Priya Kumar,Consumer,India,Mysuru,Karnataka,South,FUR-BOO-109,Furniture,Bookcases,Bookcases model 109,25296.22,4,0.15,101.14
IN-2023-101593,25-07-2023,29-07-2023,Standard Class,CU-1433,Priya Sharma,Home Office,India,New Delhi,Delhi,North,OFF-LAB-132,Office Supplies,Labels,Labels model 132,593.87,4,0.0,330.43
IN-2025-103816,24-03-2025,27-03-2025,First Class,CU-1351,Manoj Reddy,Consumer,India,Patna,Bihar,East,OFF-PAP-114,Office Supplies,Paper,Paper model 114,862.57,3,0.1,362.99
IN-2025-104977,28-12-2025,28-12-2025,Same Day,CU-1030,Aarav Iyer,Consumer,India,Bengaluru,Karnataka,South,TEC-COP-138,Technology,Copiers,Copiers model 138,55810.94,2,0.1,16009.37
IN-2023-101946,11-11-2023,16-11-2023,Standard Class,CU-1017,Ananya Patel,Consumer,India,New Delhi,Delhi,North,FUR-BOO-120,Furniture,Bookcases,Bookcases model 120,5684.31,1,0.05,357.69
IN-2023-101050,21-01-2023,27-01-2023,Standard Class,CU-1122,Priya Reddy,Corporate,India,Bhubaneswar,Odisha,East,FUR-FUR-100,Furniture,Furnishings,Furnishings model 100,1096.02,1,0.2,123.27
IN-2025-104687,28-10-2025,04-11-2025,Standard Class,CU-1212,Aarav Kumar,Consumer,India,Jaipur,Rajasthan,West,FUR-CHA-102,Furniture,Chairs,Chairs model 102,9938.03,3,0.3,-150.88
IN-2022-100348,27-05-2022,01-06-2022,Standard Class,CU-1160,Rohit Patel,Home Office,India,Hyderabad,Telangana,South,TEC-MAC-105,Technology,Machines,Machines model 105,42712.11,2,0.05,4995.14
IN-2023-101997,24-11-2023,01-12-2023,Standard Class,CU-1284,Isha Verma,Consumer,India,New Delhi,Delhi,North,TEC-PHO-127,Technology,Phones,Phones model 127,18039.82,2,0.3,733.53
IN-2022-100104,23-02-2022,23-02-2022,Same Day,CU-1590,Ananya Reddy,Consumer,India,Thiruvananthapuram,Kerala,South,OFF-PAP-132,Office Supplies,Paper,Paper model 132,507.82,2,0.25,154.33
IN-2023-101280,08-04-2023,11-04-2023,First Class,CU-1012,Vivaan Shah,Home Office,India,Bhubaneswar,Odisha,East,OFF-BIN-106,Office Supplies,Binders,Binders model 106,1575.98,4,0.2,437.79
IN-2025-104829,28-11-2025,30-11-2025,First Class,CU-1557,ANANYA MENON,Home Office,India,Ahmedabad,Gujarat,West,OFF-LAB-110,Office Supplies,Labels,Labels model 110,136.51,1,0.05,59.21
IN-2025-103941,25-04-2025,01-05-2025,Standard Class,CU-1460,Nisha Patel,Corporate,India,Jaipur,Rajasthan,West,OFF-LAB-107,Office Supplies,Labels,Labels model 107,365.02,3,0.05,167.4
IN-2025-104966,27-12-2025,29-12-2025,First Class,CU-1319,NISHA RAO,Corporate,India,Hyderabad,Telangana,South,TEC-COP-136,Technology,Copiers,Copiers model 136,210529.63,6,0.0,82671.73
IN-2023-101259,04-04-2023,06-04-2023,Second Class,CU-1581,Aditya Kumar,Corporate,India,Kolkata,West Bengal,East,FUR-FUR-137,Furniture,Furnishings,Furnishings model 137,1092.22,1,0.3,66.19
IN-2024-102984,31-08-2024,02-09-2024,First Class,CU-1564,Ashok Das,Corporate,India,Pune,Maharashtra,West,OFF-PAP-112,Office Supplies,Paper,Paper model 112,1347.81,4,0.0,722.28
IN-2025-104361,14-08-2025,21-08-2025,Standard Class,CU-1180,Divya Das,Corporate,India,Hyderabad,Telangana,South,TEC-COP-124,Technology,Copiers,Copiers model 124,109863.91,4,0.1,36138.56
IN-2024-102497,06-04-2024,11-04-2024,Standard Class,CU-1033,Meera Menon,Corporate,India,Bhubaneswar,Odisha,East,OFF-BIN-131,Office Supplies,Binders,Binders model 131,288.87,1,0.25,64.4
IN-2024-102154,01-01-2024,04-01-2024,First Class,CU-1154,Isha Singh,Corporate,India,Patna,Bihar,East,OFF-ART-139,Office Supplies,Art,Art model 139,248.13,1,0.1,88.69
IN-2024-102306,12-02-2024,18-02-2024,Standard Class,CU-1285,Neha Singh,Corporate,India,Bhubaneswar,Odisha,East,TEC-PHO-136,Technology,Phones,Phones model 136,12313.72,1,0.2,1410.9
IN-2025-104798,22-11-2025,29-11-2025,Standard Class,CU-1427,Deepak Pillai,Home Office,India,Noida,Uttar Pradesh,North,TEC-COP-109,Technology,Copiers,Copiers model 109,131598.59,4,0.0,43213.13
IN-2022-100816,18-11-2022,22-11-2022,Standard Class,CU-1511,Suresh Joshi,Corporate,India,Jaipur,Rajasthan,West,OFF-STO-117,Office Supplies,Storage,Storage model 117,3451.24,2,0.1,830.07
IN-2022-100118,01-03-2022,06-03-2022,Standard Class,CU-1230,Kavya Verma,Corporate,India,Hyderabad,Telangana,South,OFF-PAP-109,Office Supplies,Paper,Paper model 109,746.29,4,0.4,58.64
IN-2024-102959,24-08-2024,28-08-2024,Standard Class,CU-1291,Meera Das,Corporate,India,Jaipur,Rajasthan,West,TEC-PHO-103,Technology,Phones,Phones model 103,14853.94,1,0.0,2908.01
IN-2024-102731,12-06-2024,18-06-2024,Standard Class,CU-1312,Manoj Shah,Consumer,India,Amritsar,Punjab,North,TEC-COP-129,Technology,Copiers,Copiers model 129,71863.91,3,0.4,3245.08
IN-2024-103080,29-09-2024,06-10-2024,Standard Class,CU-1414,Vivaan Gupta,Consumer,India,Kolkata,West Bengal,East,FUR-TAB-123,Furniture,Tables,Tables model 123,15271.5,2,0.25,-1483.67
IN-2023-101866,19-10-2023,23-10-2023,Second Class,CU-1071,Ashok Das,Consumer,India,Jaipur,Rajasthan,West,TEC-ACC-109,Technology,Accessories,Accessories model 109,844.55,1,0.2,205.71
IN-2024-103040,17-09-2024,20-09-2024,Second Class,CU-1131,Vikram Iyer,Home Office,India,Hyderabad,Telangana,SOUTH ,OFF-PAP-103,Office Supplies,Paper,Paper model 103,1821.14,7,0.0,856.49
IN-2022-100945,23-12-2022,24-12-2022,First Class,CU-1590,Ananya Reddy,Consumer,India,Amritsar,Punjab,North,OFF-PAP-110,Office Supplies,Paper,Paper model 110,290.95,1,0.05,133.93
IN-2023-101159,02-03-2023,06-03-2023,Standard Class,CU-1096,Aarav Shah,Consumer,India,Noida,Uttar Pradesh,North,TEC-PHO-136,Technology,Phones,Phones model 136,62547.53,4,0.0,10917.44
IN-2022-100585,12-09-2022,15-09-2022,Second Class,CU-1399,Ravi Kumar,Consumer,India,Surat,Gujarat,West,OFF-STO-104,Office Supplies,Storage,Storage model 104,5273.98,3,0.1,1236.79
IN-2024-102456,26-03-2024,30-03-2024,Standard Class,CU-1086,Sneha Patel,Consumer,India,New Delhi,Delhi,North,OFF-ART-115,Office Supplies,Art,Art model 115,216.82,1,0.15,67.08
IN-2024-102880,29-07-2024,02-08-2024,Standard Class,CU-1336,Kavya Iyer,Corporate,India,New Delhi,Delhi,North,TEC-COP-129,Technology,Copiers,Copiers model 129,34366.96,1,0.05,12008.55
IN-2024-102514,13-04-2024,13-04-2024,Same Day,CU-1243,Nisha Kumar,Consumer,India,Salem,Tamil Nadu,South,OFF-ART-118,Office Supplies,Art,Art model 118,1343.5,5,0.0,504.87
IN-2024-103076,28-09-2024,03-10-2024,Standard Class,CU-1429,Manoj Verma,Home Office,India,Bhubaneswar,Odisha,East,TEC-MAC-128,Technology,Machines,Machines model 128,184874.35,8,0.05,29337.36
IN-2023-101967,15-11-2023,21-11-2023,Standard Class,CU-1316,Ashok Joshi,Home Office,India,Bhubaneswar,Odisha,East,OFF-BIN-138,Office Supplies,Binders,Binders model 138,424.37,1,0.05,164.11
IN-2024-102326,16-02-2024,20-02-2024,Standard Class,CU-1155,Ashok Reddy,Consumer,India,Bengaluru,Karnataka,South,TEC-COP-130,Technology,Copiers,Copiers model 130,94812.19,3,0.05,33663.68
IN-2023-101199,16-03-2023,20-03-2023,Standard Class,CU-1504,Arjun Joshi,Consumer,India,New Delhi,Delhi,North,TEC-MAC-120,Technology,Machines,Machines model 120,52041.34,3,0.1,3334.34
IN-2022-100253,18-04-2022,20-04-2022,First Class,CU-1206,Aarav Menon,Corporate,India,Pune,Maharashtra,West,FUR-CHA-106,Furniture,Chairs,Chairs model 106,4727.44,1,0.05,904.72
IN-2025-104688,28-10-2025,01-11-2025,Standard Class,CU-1034,Aditya Gupta,Consumer,India,Ahmedabad,Gujarat,West,TEC-MAC-101,Technology,Machines,Machines model 101,72125.38,4,0.1,5280.17
IN-2024-102960,24-08-2024,26-08-2024,First Class,CU-1510,Meera Kumar,Consumer,India,Mumbai,Maharashtra,West,TEC-ACC-136,Technology,Accessories,Accessories model 136,871.19,1,0.15,189.82
IN-2023-101501,20-06-2023,23-06-2023,Second Class,CU-1573,Nisha Nair,Consumer,India,Jaipur,Rajasthan,West,TEC-COP-106,Technology,Copiers,Copiers model 106,68021.47,2,0.0,28948.92
IN-2022-100257,20-04-2022,23-04-2022,Second Class,CU-1443,Vivaan Iyer,Consumer,India,Noida,Uttar Pradesh,North,OFF-ART-126,Office Supplies,Art,Art model 126,163.13,1,0.3,27.32
IN-2024-103219,28-10-2024,01-11-2024,Second Class,CU-1531,Isha Shah,Corporate,India,Mysuru,Karnataka,South,TEC-COP-125,Technology,Copiers,Copiers model 125,27009.56,1,0.1,7784.25
IN-2025-104714,02-11-2025,07-11-2025,Standard Class,CU-1027,Isha Verma,Corporate,India,Ahmedabad,Gujarat,West,OFF-BIN-123,Office Supplies,Binders,Binders model 123,474.46,1,0.0,212.48
IN-2024-103439,15-12-2024,17-12-2024,First Class,CU-1555,Priya Shah,Consumer,India,Kolkata,West Bengal,East,OFF-ART-116,Office Supplies,Art,Art model 116,894.16,4,0.05,335.56
IN-2024-102481,02-04-2024,09-04-2024,Standard Class,CU-1398,Manoj Kumar,Consumer,India,Nagpur,Maharashtra,West,OFF-PAP-108,Office Supplies,Paper,Paper model 108,1494.83,5,0.0,762.11
IN-2025-103548,10-01-2025,13-01-2025,Second Class,CU-1278,Nisha Kumar,Consumer,India,Lucknow,Uttar Pradesh,North,OFF-LAB-136,Office Supplies,Labels,Labels model 136,654.89,4,0.0,321.81
IN-2024-103208,25-10-2024,25-10-2024,Same Day,CU-1210,Rahul Iyer,Home Office,India,Hyderabad,Telangana,South,TEC-ACC-124,Technology,Accessories,Accessories model 124,3345.82,3,0.0,1198.16
IN-2025-104986,29-12-2025,02-01-2026,Standard Class,CU-1230,Kavya Verma,Corporate,India,Thiruvananthapuram,Kerala,South,OFF-LAB-118,Office Supplies,Labels,Labels model 118,142.04,1,0.15,57.1
IN-2022-100552,26-08-2022,30-08-2022,Standard Class,CU-1148,Rahul Pillai,Home Office,India,Kolkata,West Bengal,East,OFF-LAB-139,Office Supplies,Labels,Labels model 139,147.52,1,0.1,69.41
IN-2024-102771,27-06-2024,02-07-2024,Standard Class,CU-1064,Karthik Patel,Consumer,India,Mumbai,Maharashtra,West,TEC-ACC-122,Technology,Accessories,Accessories model 122,1095.56,1,0.0,446.59
IN-2024-102626,12-05-2024,15-05-2024,Second Class,CU-1045,Lakshmi Iyer,Consumer,India,Lucknow,Uttar Pradesh,North,OFF-BIN-133,Office Supplies,Binders,Binders model 133,484.57,1,0.0,196.83
IN-2023-102038,03-12-2023,05-12-2023,Second Class,CU-1047,Divya Nair,Consumer,India,New Delhi,Delhi,North,FUR-CHA-118,Furniture,Chairs,Chairs model 118,17188.24,4,0.15,2327.73
IN-2022-100400,16-06-2022,18-06-2022,First Class,CU-1156,Ananya Das,Consumer,India,Coimbatore,Tamil Nadu,South,OFF-ART-109,Office Supplies,Art,Art model 109,1007.16,4,0.1,357.98
IN-2025-104240,13-07-2025,18-07-2025,Standard Class,CU-1560,Ashok Patel,Home Office,India,New Delhi,Delhi,North,TEC-COP-100,Technology,Copiers,Copiers model 100,27143.17,1,0.15,8148.48
IN-2024-102172,08-01-2024,15-01-2024,Standard Class,CU-1509,Aditya Rao,Home Office,India,Thiruvananthapuram,Kerala,South,TEC-ACC-110,Technology,Accessories,Accessories model 110,1086.64,1,0.0,433.29
IN-2024-102480,01-04-2024,05-04-2024,Standard Class,CU-1062,Sneha Sharma,Consumer,India,Ludhiana,Punjab,North,FUR-FUR-131,Furniture,Furnishings,Furnishings model 131,1393.17,1,0.05,373.96
IN-2024-102983,31-08-2024,03-09-2024,First Class,CU-1202,Neha Verma,Consumer,India,Ahmedabad,Gujarat,West,OFF-PAP-139,Office Supplies,Paper,Paper model 139,250.02,1,0.1,113.13
IN-2025-104770,15-11-2025,20-11-2025,Standard Class,CU-1056,Arjun Nair,Consumer,India,Nagpur,Maharashtra,West,OFF-ART-118,Office Supplies,Art,Art model 118,589.6,3,0.1,215.49
IN-2023-101265,05-04-2023,11-04-2023,Standard Class,CU-1221,Aditya Pillai,Consumer,India,Bhubaneswar,Odisha,east,TEC-PHO-121,Technology,Phones,Phones model 121,12911.11,1,0.0,3072.16
IN-2025-104332,06-08-2025,09-08-2025,First Class,CU-1460,Nisha Patel,Corporate,India,Lucknow,Uttar Pradesh,North,FUR-FUR-122,Furniture,Furnishings,Furnishings model 122,2691.07,2,0.1,608.04
IN-2023-101925,05-11-2023,12-11-2023,Standard Class,CU-1565,Isha Menon,Home Office,India,Amritsar,Punjab,North,OFF-BIN-109,Office Supplies,Binders,Binders model 109,1264.74,3,0.0,443.76
IN-2025-104775,16-11-2025,20-11-2025,Second Class,CU-1442,Meera Shah,Consumer,India,Thiruvananthapuram,Kerala,South,FUR-BOO-132,Furniture,Bookcases,Bookcases model 132,12894.5,2,0.1,1285.32
IN-2022-100297,05-05-2022,10-05-2022,Standard Class,CU-1072,Priya Shah,Corporate,India,Hyderabad,Telangana,South,OFF-ART-116,Office Supplies,Art,Art model 116,235.14,1,0.15,64.45
IN-2025-104189,27-06-2025,01-07-2025,Second Class,CU-1535,Kavya Kumar,Consumer,India,Mumbai,Maharashtra,West,OFF-LAB-132,Office Supplies,Labels,Labels model 132,448.86,3,0.0,207.61
IN-2025-104724,05-11-2025,11-11-2025,Standard Class,CU-1056,Arjun Nair,Consumer,India,Noida,Uttar Pradesh,North,OFF-STO-113,Office Supplies,Storage,Storage model 113,5554.67,3,0.05,1716.99
IN-2025-103526,03-01-2025,06-01-2025,Second Class,CU-1389,Kavya Menon,Consumer,India,Jaipur,Rajasthan,West,TEC-ACC-130,Technology,Accessories,Accessories model 130,3420.65,3,0.05,1216.78
IN-2023-101223,23-03-2023,27-03-2023,Standard Class,CU-1486,Karthik Reddy,Consumer,India,Patna,Bihar,East,FUR-CHA-129,Furniture,Chairs,Chairs model 129,12575.48,3,0.05,1955.3
IN-2025-104649,23-10-2025,25-10-2025,Second Class,CU-1182,Isha Sharma,Consumer,India,Kochi,Kerala,South,OFF-LAB-120,Office Supplies,Labels,Labels model 120,145.56,1,0.05,68.85
IN-2022-100857,30-11-2022,04-12-2022,Second Class,CU-1191,Karthik Gupta,Home Office,India,New Delhi,Delhi,North,FUR-FUR-139,Furniture,Furnishings,Furnishings model 139,3348.32,3,0.2,491.73
IN-2025-104259,20-07-2025,24-07-2025,Second Class,CU-1528,Suresh Patel,Corporate,India,Jaipur,Rajasthan,West,TEC-PHO-131,Technology,Phones,Phones model 131,71271.71,5,0.0,15497.1
IN-2024-102742,16-06-2024,20-06-2024,Standard Class,CU-1539,Manoj Gupta,Consumer,India,Kolkata,West Bengal,East,FUR-CHA-118,Furniture,Chairs,Chairs model 118,12300.41,4,0.25,-1.49
IN-2023-101731,09-09-2023,13-09-2023,Standard Class,CU-1487,Ravi Sharma,Home Office,India,Patna,Bihar,East,OFF-STO-128,Office Supplies,Storage,Storage model 128,3907.0,2,0.05,1029.53
IN-2025-104680,28-10-2025,03-11-2025,Standard Class,CU-1110,Meera Joshi,Consumer,India,Kolkata,West Bengal,East,TEC-PHO-118,Technology,Phones,Phones model 118,39987.98,3,0.2,5540.98
IN-2023-101653,16-08-2023,20-08-2023,Standard Class,CU-1180,Divya Das,Corporate,India,Hyderabad,Telangana,South,FUR-TAB-134,Furniture,Tables,Tables model 134,20180.27,4,0.35,-4352.7
IN-2024-103474,22-12-2024,26-12-2024,Standard Class,CU-1015,Kavya Iyer,Corporate,India,Mysuru,Karnataka,South,FUR-BOO-123,Furniture,Bookcases,Bookcases model 123,6478.34,1,0.1,717.15
IN-2023-101151,27-02-2023,04-03-2023,Standard Class,CU-1029,Kavya Nair,Corporate,India,Patna,Bihar,East,FUR-FUR-109,Furniture,Furnishings,Furnishings model 109,1965.03,2,0.3,138.56
IN-2022-100838,24-11-2022,30-11-2022,Standard Class,CU-1012,Vivaan Shah,Home Office,India,Lucknow,Uttar Pradesh,North,TEC-COP-127,Technology,Copiers,Copiers model 127,49418.74,2,0.3,4980.93
IN-2022-100893,09-12-2022,14-12-2022,Standard Class,CU-1096,Aarav Shah,Consumer,India,Nagpur,Maharashtra,West,FUR-FUR-133,Furniture,Furnishings,Furnishings model 133,7011.8,6,0.1,1769.24
IN-2024-103311,18-11-2024,20-11-2024,Second Class,CU-1461,ANANYA SHARMA,Home Office,India,Ahmedabad,Gujarat,West,FUR-BOO-116,Furniture,Bookcases,Bookcases model 116,28309.67,5,0.05,4718.91
IN-2024-103150,13-10-2024,15-10-2024,First Class,CU-1418,Kavya Rao,Corporate,India,Ahmedabad,Gujarat,West,FUR-BOO-126,Furniture,Bookcases,Bookcases model 126,10900.9,2,0.2,85.44
IN-2024-102587,02-05-2024,07-05-2024,Standard Class,CU-1596,Karthik Nair,Consumer,India,Hyderabad,Telangana,South,TEC-ACC-125,Technology,Accessories,Accessories model 125,3246.2,3,0.0,1077.19
IN-2024-102765,23-06-2024,27-06-2024,Standard Class,CU-1363,Neha Sharma,Consumer,India,Jaipur,Rajasthan,West,TEC-MAC-117,Technology,Machines,Machines model 117,17694.3,1,0.1,1235.91
IN-2025-104030,18-05-2025,20-05-2025,First Class,CU-1262,Lakshmi Iyer,Corporate,India,Bhubaneswar,Odisha,East,OFF-PAP-105,Office Supplies,Paper,Paper model 105,293.41,1,0.0,139.17
IN-2023-101655,18-08-2023,25-08-2023,Standard Class,CU-1455,Rohit Reddy,Consumer,India,Madurai,Tamil Nadu,South,OFF-ART-101,Office Supplies,Art,Art model 101,1673.61,6,0.0,692.17
IN-2023-101545,06-07-2023,07-07-2023,First Class,CU-1483,Karthik Shah,Consumer,India,Hyderabad,Telangana,South,OFF-LAB-129,Office Supplies,Labels,Labels model 129,631.55,4,0.0,313.74
IN-2023-101572,16-07-2023,20-07-2023,Second Class,CU-1511,Suresh Joshi,Corporate,India,Thiruvananthapuram,Kerala,South,OFF-PAP-110,Office Supplies,Paper,Paper model 110,684.0,2,0.0,312.53
IN-2024-103471,21-12-2024,28-12-2024,Standard Class,CU-1577,Deepak Sharma,Consumer,India,Lucknow,Uttar Pradesh,North,OFF-ART-129,Office Supplies,Art,Art model 129,686.54,3,0.2,202.36
IN-2022-100541,21-08-2022,25-08-2022,Standard Class,CU-1504,Arjun Joshi,Consumer,India,Kochi,Kerala,South,FUR-CHA-113,Furniture,Chairs,Chairs model 113,17051.82,5,0.15,3329.75
IN-2024-102195,13-01-2024,20-01-2024,Standard Class,CU-1241,Arjun Nair,Consumer,India,Noida,Uttar Pradesh,North,FUR-TAB-134,Furniture,Tables,Tables model 134,7968.65,1,0.15,-240.8
IN-2023-101337,25-04-2023,30-04-2023,Standard Class,CU-1430,Pooja Singh,Consumer,India,Hyderabad,Telangana,South,OFF-PAP-130,Office Supplies,Paper,Paper model 130,650.49,2,0.0,308.4
IN-2024-102173,08-01-2024,12-01-2024,Standard Class,CU-1290,Arjun Pillai,Consumer,India,Bengaluru,Karnataka,South,FUR-CHA-106,Furniture,Chairs,Chairs model 106,4405.62,1,0.0,666.12
IN-2022-100889,09-12-2022,14-12-2022,Standard Class,CU-1154,Isha Singh,Corporate,India,Lucknow,Uttar Pradesh,North,TEC-MAC-139,Technology,Machines,Machines model 139,71464.53,5,0.3,-8567.7
IN-2023-102030,01-12-2023,05-12-2023,Standard Class,CU-1386,Priya Reddy,Corporate,India,Ludhiana,Punjab,North,TEC-MAC-101,Technology,Machines,Machines model 101,113365.43,5,0.05,18862.27
IN-2024-102606,05-05-2024,12-05-2024,Standard Class,CU-1180,Divya Das,Corporate,India,Jaipur,Rajasthan,West,FUR-CHA-124,Furniture,Chairs,Chairs model 124,12795.31,3,0.05,1959.39
IN-2022-100460,17-07-2022,18-07-2022,First Class,CU-1414,Vivaan Gupta,Consumer,India,Amritsar,Punjab,North,TEC-COP-133,Technology,Copiers,Copiers model 133,27342.16,1,0.2,7781.5
IN-2024-102215,18-01-2024,22-01-2024,Standard Class,CU-1410,Karthik Menon,Consumer,India,Nagpur,Maharashtra,West,OFF-ART-137,Office Supplies,Art,Art model 137,456.87,2,0.15,134.9
IN-2024-102837,16-07-2024,17-07-2024,First Class,CU-1367,Manoj Sharma,Consumer,India,Mumbai,Maharashtra,West,FUR-TAB-111,Furniture,Tables,Tables model 111,33433.14,4,0.05,1995.01
IN-2022-100662,11-10-2022,17-10-2022,Standard Class,CU-1191,Karthik Gupta,Home Office,India,Hyderabad,Telangana,South,OFF-LAB-134,Office Supplies,Labels,Labels model 134,657.5,5,0.0,308.59
IN-2023-101463,08-06-2023,10-06-2023,First Class,CU-1365,Swathi Nair,Consumer,India,Lucknow,Uttar Pradesh,North,FUR-TAB-132,Furniture,Tables,Tables model 132,7589.9,1,0.15,-307.67
IN-2023-102114,23-12-2023,27-12-2023,Standard Class,CU-1044,Isha Rao,Consumer,India,Ahmedabad,Gujarat,West,FUR-CHA-126,Furniture,Chairs,Chairs model 126,16437.74,4,0.15,2040.75
IN-2024-102358,29-02-2024,03-03-2024,First Class,CU-1080,Neha Rao,Corporate,India,Jaipur,Rajasthan,West,TEC-COP-111,Technology,Copiers,Copiers model 111,101987.97,3,0.0,45614.42
IN-2025-103787,19-03-2025,22-03-2025,First Class,CU-1451,Vivaan Das,Consumer,India,Bengaluru,Karnataka,South,TEC-COP-134,Technology,Copiers,Copiers model 134,233646.45,6,0.0,105299.09
IN-2022-100701,22-10-2022,25-10-2022,Second Class,CU-1132,Suresh Patel,Consumer,India,New Delhi,Delhi,North,FUR-BOO-111,Furniture,Bookcases,Bookcases model 111,6267.01,1,0.15,621.54
IN-2023-101349,30-04-2023,07-05-2023,Standard Class,CU-1598,Nisha Joshi,Consumer,India,Nagpur,Maharashtra,West,TEC-MAC-135,Technology,Machines,Machines model 135,33795.12,2,0.3,-5011.45
IN-2023-101962,14-11-2023,20-11-2023,Standard Class,CU-1266,Isha Rao,Corporate,India,Ahmedabad,Gujarat,West,TEC-PHO-130,Technology,Phones,Phones model 130,42798.46,3,0.15,7284.82
IN-2024-102202,16-01-2024,19-01-2024,First Class,CU-1331,Aditya Patel,Home Office,India,Thiruvananthapuram,Kerala,South,TEC-PHO-101,Technology,Phones,Phones model 101,29856.4,2,0.1,8764.41
IN-2024-103221,28-10-2024,01-11-2024,Standard Class,CU-1374,Aarav Patel,Consumer,India,Surat,Gujarat,West,TEC-ACC-117,Technology,Accessories,Accessories model 117,3872.4,3,0.0,1560.63
IN-2025-103887,09-04-2025,11-04-2025,First Class,CU-1293,Swathi Joshi,Corporate,India,Bhubaneswar,Odisha,East,OFF-PAP-137,Office Supplies,Paper,Paper model 137,226.78,1,0.25,62.38
IN-2022-100815,18-11-2022,20-11-2022,First Class,CU-1306,Pooja Gupta,Corporate,India,Kolkata,West Bengal,East,FUR-CHA-103,Furniture,Chairs,Chairs model 103,2575.25,1,0.4,-343.02
IN-2022-100823,20-11-2022,22-11-2022,Second Class,CU-1581,Aditya Kumar,Corporate,India,Chennai,Tamil Nadu,South,OFF-BIN-116,Office Supplies,Binders,Binders model 116,783.63,2,0.15,251.72
IN-2024-103163,15-10-2024,19-10-2024,Standard Class,CU-1481,Ravi Gupta,Consumer,India,Ludhiana,Punjab,North,FUR-BOO-106,Furniture,Bookcases,Bookcases model 106,7423.28,1,0.05,1016.03
IN-2025-104380,18-08-2025,22-08-2025,Standard Class,CU-1436,Ananya Verma,Consumer,India,Hyderabad,Telangana,South,FUR-TAB-130,Furniture,Tables,Tables model 130,43835.31,7,0.25,-3307.21
IN-2023-101533,02-07-2023,07-07-2023,Standard Class,CU-1347,Ravi Reddy,Consumer,India,New Delhi,Delhi,North,OFF-LAB-114,Office Supplies,Labels,Labels model 114,353.21,3,0.1,162.9
IN-2024-103314,19-11-2024,24-11-2024,Standard Class,CU-1219,Aditya Sharma,Consumer,India,Bhubaneswar,Odisha,EAST ,OFF-ART-115,Office Supplies,Art,Art model 115,748.11,3,0.05,294.42
IN-2024-102685,30-05-2024,01-06-2024,First Class,CU-1269,Neha Das,Consumer,India,Chennai,Tamil Nadu,South,OFF-ART-116,Office Supplies,Art,Art model 116,682.24,3,0.0,246.87
IN-2024-103433,14-12-2024,17-12-2024,First Class,CU-1175,Neha Gupta,Consumer,India,Ahmedabad,Gujarat,West,TEC-COP-131,Technology,Copiers,Copiers model 131,30946.34,1,0.0,12467.71
IN-2024-103167,16-10-2024,20-10-2024,Standard Class,CU-1520,Priya Nair,Consumer,India,Hyderabad,Telangana,South,OFF-ART-127,Office Supplies,Art,Art model 127,259.59,1,0.0,107.42
IN-2025-103703,22-02-2025,24-02-2025,Second Class,CU-1269,Neha Das,Consumer,India,Jaipur,Rajasthan,West,TEC-ACC-137,Technology,Accessories,Accessories model 137,1788.96,2,0.15,464.62
IN-2024-103246,04-11-2024,05-11-2024,First Class,CU-1255,Ravi Das,Consumer,India,Chennai,Tamil Nadu,South,OFF-ART-103,Office Supplies,Art,Art model 103,864.34,4,0.05,348.06
IN-2025-103685,17-02-2025,21-02-2025,Standard Class,CU-1535,Kavya Kumar,Consumer,India,Kochi,Kerala,South,TEC-COP-131,Technology,Copiers,Copiers model 131,30051.85,1,0.0,10217.51
IN-2023-101792,02-10-2023,08-10-2023,Standard Class,CU-1210,Rahul Iyer,Home Office,India,Ahmedabad,Gujarat,West,OFF-LAB-129,Office Supplies,Labels,Labels model 129,311.4,2,0.0,161.88
IN-2023-101216,22-03-2023,29-03-2023,Standard Class,CU-1082,Swathi Reddy,Consumer,India,Mysuru,Karnataka,South,FUR-CHA-122,Furniture,Chairs,Chairs model 122,23356.59,6,0.15,2614.09
IN-2024-103261,07-11-2024,13-11-2024,Standard Class,CU-1416,Sneha Menon,Corporate,India,Lucknow,Uttar Pradesh,North,OFF-ART-139,Office Supplies,Art,Art model 139,739.79,3,0.0,306.44
IN-2023-101061,25-01-2023,01-02-2023,Standard Class,CU-1488,Aarav Patel,Corporate,India,Surat,Gujarat,West,TEC-ACC-117,Technology,Accessories,Accessories model 117,2720.17,2,0.0,1235.15
IN-2023-101829,10-10-2023,14-10-2023,Second Class,CU-1188,Suresh Iyer,Consumer,India,Bhubaneswar,Odisha,East,FUR-TAB-132,Furniture,Tables,Tables model 132,23686.76,3,0.15,-289.19
IN-2024-102617,09-05-2024,13-05-2024,Standard Class,CU-1534,Divya Singh,Corporate,India,Pune,Maharashtra,West,TEC-COP-123,Technology,Copiers,Copiers model 123,19447.57,1,0.4,598.7
IN-2024-103337,22-11-2024,24-11-2024,First Class,CU-1244,Priya Das,Consumer,India,Ludhiana,Punjab,North,TEC-MAC-122,Technology,Machines,Machines model 122,32848.73,2,0.15,1379.14
IN-2024-103277,10-11-2024,15-11-2024,Standard Class,CU-1077,Kavya Iyer,Corporate,India,Mysuru,Karnataka,South,OFF-BIN-109,Office Supplies,Binders,Binders model 109,2225.55,5,0.0,841.23
IN-2025-104151,19-06-2025,22-06-2025,Second Class,CU-1329,Isha Pillai,Consumer,India,Jaipur,Rajasthan,West,TEC-ACC-103,Technology,Accessories,Accessories model 103,1534.96,2,0.3,228.18
IN-2025-103987,07-05-2025,14-05-2025,Standard Class,CU-1213,Rahul Menon,Corporate,India,Jaipur,Rajasthan,West,TEC-MAC-100,Technology,Machines,Machines model 100,41194.62,2,0.1,5679.34
IN-2024-102499,07-04-2024,11-04-2024,Second Class,CU-1474,Manoj Rao,Home Office,India,Bhubaneswar,Odisha,East,OFF-LAB-135,Office Supplies,Labels,Labels model 135,427.53,3,0.15,178.82
IN-2025-104102,07-06-2025,09-06-2025,Second Class,CU-1579,Divya Kumar,Consumer,India,Patna,Bihar,East,FUR-BOO-102,Furniture,Bookcases,Bookcases model 102,11929.39,2,0.2,469.4
IN-2022-100846,27-11-2022,02-12-2022,Standard Class,CU-1032,Manoj Gupta,Corporate,India,Patna,Bihar,East,OFF-STO-107,Office Supplies,Storage,Storage model 107,1941.44,1,0.05,477.63
IN-2024-103423,11-12-2024,16-12-2024,Standard Class,CU-1579,Divya Kumar,Consumer,India,Patna,Bihar,East,FUR-BOO-127,Furniture,Bookcases,Bookcases model 127,34692.78,7,0.25,-610.38
IN-2025-104660,25-10-2025,29-10-2025,Second Class,CU-1298,Meera Kumar,Consumer,India,Kochi,Kerala,South,OFF-LAB-130,Office Supplies,Labels,Labels model 130,261.95,2,0.1,110.33
IN-2023-101142,24-02-2023,27-02-2023,Second Class,CU-1215,Ashok Kumar,Corporate,India,Ahmedabad,Gujarat,West,OFF-STO-108,Office Supplies,Storage,Storage model 108,5495.08,3,0.1,1496.95
IN-2022-100180,26-03-2022,30-03-2022,Standard Class,CU-1313,Vikram Shah,Consumer,India,Jaipur,Rajasthan,West,TEC-MAC-109,Technology,Machines,Machines model 109,42382.31,2,0.15,4579.71
IN-2022-100665,11-10-2022,14-10-2022,First Class,CU-1350,Sneha Menon,Consumer,India,Kochi,Kerala,South,TEC-MAC-133,Technology,Machines,Machines model 133,43552.89,3,,-3313.86
IN-2024-102621,11-05-2024,15-05-2024,Standard Class,CU-1143,Pooja Gupta,Consumer,India,Kolkata,West Bengal,East,TEC-COP-129,Technology,Copiers,Copiers model 129,41119.29,2,0.4,1551.92
IN-2025-103658,10-02-2025,15-02-2025,Standard Class,CU-1084,Suresh Pillai,Corporate,India,Jaipur,Rajasthan,West,FUR-BOO-123,Furniture,Bookcases,Bookcases model 123,46018.46,6,,8497.68
IN-2023-101942,09-11-2023,16-11-2023,Standard Class,CU-1520,Priya Nair,Consumer,India,Mumbai,Maharashtra,West,OFF-BIN-102,Office Supplies,Binders,Binders model 102,1132.39,4,0.3,195.67
IN-2025-104078,02-06-2025,02-06-2025,Same Day,CU-1180,Divya Das,Corporate,India,Jaipur,Rajasthan,West,OFF-ART-132,Office Supplies,Art,Art model 132,1059.96,5,0.15,336.13
IN-2022-100236,12-04-2022,18-04-2022,Standard Class,CU-1068,Sneha Gupta,Consumer,India,Amritsar,Punjab,North,OFF-STO-131,Office Supplies,Storage,Storage model 131,1368.06,1,,71.83
IN-2025-104065,29-05-2025,31-05-2025,Second Class,CU-1589,Lakshmi Nair,Consumer,India,Thiruvananthapuram,Kerala,South,FUR-BOO-128,Furniture,Bookcases,Bookcases model 128,6307.78,1,0.15,516.91
IN-2024-102652,22-05-2024,25-05-2024,Second Class,CU-1274,Manoj Singh,Consumer,India,Kolkata,West Bengal,East,OFF-LAB-101,Office Supplies,Labels,Labels model 101,110.94,1,0.15,43.97
IN-2022-100605,21-09-2022,25-09-2022,Standard Class,CU-1447,Neha Reddy,Consumer,India,Jaipur,Rajasthan,West,OFF-BIN-137,Office Supplies,Binders,Binders model 137,2525.2,6,0.0,1154.65
IN-2022-100066,02-02-2022,07-02-2022,Standard Class,CU-1144,Suresh Kumar,Consumer,India,Noida,Uttar Pradesh,North,TEC-MAC-102,Technology,Machines,Machines model 102,85820.68,4,0.0,12956.89
IN-2025-104939,22-12-2025,27-12-2025,Standard Class,CU-1217,Manoj Rao,Home Office,India,Ludhiana,Punjab,North,OFF-BIN-125,Office Supplies,Binders,Binders model 125,382.87,1,0.05,137.71
IN-2023-102130,27-12-2023,02-01-2024,Standard Class,CU-1329,Isha Pillai,Consumer,India,Jaipur,Rajasthan,West,OFF-LAB-138,Office Supplies,Labels,Labels model 138,145.05,1,0.1,65.71
IN-2024-102313,15-02-2024,20-02-2024,Standard Class,CU-1482,Ravi Sharma,Consumer,India,Pune,Maharashtra,West,OFF-LAB-127,Office Supplies,Labels,Labels model 127,418.55,3,0.0,219.37
IN-2023-101516,26-06-2023,30-06-2023,Standard Class,CU-1183,Divya Menon,Consumer,India,Hyderabad,Telangana,South,TEC-PHO-115,Technology,Phones,Phones model 115,49516.2,3,0.0,14536.81
IN-2023-102078,15-12-2023,20-12-2023,Standard Class,CU-1558,Suresh Shah,Consumer,India,Bhubaneswar,Odisha,East,OFF-BIN-115,Office Supplies,Binders,Binders model 115,921.97,2,0.1,323.17
IN-2022-100006,03-01-2022,08-01-2022,Standard Class,CU-1219,Aditya Sharma,Consumer,India,Noida,Uttar Pradesh,North,FUR-TAB-138,Furniture,Tables,Tables model 138,35177.83,4,0.05,2913.06
IN-2025-104862,05-12-2025,09-12-2025,Standard Class,CU-1113,Kavya Patel,Home Office,India,New Delhi,Delhi,North,OFF-ART-124,Office Supplies,Art,Art model 124,189.08,1,0.15,59.94
IN-2023-102132,27-12-2023,02-01-2024,Standard Class,CU-1098,Deepak Iyer,Consumer,India,Jaipur,Rajasthan,West,FUR-CHA-126,Furniture,Chairs,Chairs model 126,8233.73,2,0.05,1375.72
IN-2025-104913,17-12-2025,23-12-2025,Standard Class,CU-1025,Rohit Rao,Consumer,India,Chennai,Tamil Nadu,South,TEC-MAC-123,Technology,Machines,Machines model 123,50741.69,3,0.15,4278.69
IN-2025-103778,16-03-2025,23-03-2025,Standard Class,CU-1266,Isha Rao,Corporate,India,Kochi,Kerala,South,TEC-ACC-134,Technology,Accessories,Accessories model 134,6939.09,8,0.2,1559.85
IN-2025-103666,13-02-2025,17-02-2025,Standard Class,CU-1355,Sneha Nair,Consumer,India,Ludhiana,Punjab,North,TEC-COP-112,Technology,Copiers,Copiers model 112,150038.54,4,0.0,59411.52
IN-2025-104076,01-06-2025,08-06-2025,Standard Class,CU-1383,Aarav Joshi,Consumer,India,Hyderabad,Telangana,South,FUR-TAB-118,Furniture,Tables,Tables model 118,16342.6,2,0.15,-870.45
IN-2022-100429,04-07-2022,05-07-2022,First Class,CU-1027,Isha Verma,Corporate,India,Hyderabad,Telangana,South,FUR-CHA-126,Furniture,Chairs,Chairs model 126,5015.76,1,0.0,1058.28
IN-2024-102521,15-04-2024,19-04-2024,Standard Class,CU-1549,Suresh Reddy,Corporate,India,Bhubaneswar,Odisha,East,OFF-LAB-104,Office Supplies,Labels,Labels model 104,216.32,2,0.35,48.65
IN-2022-100473,24-07-2022,30-07-2022,Standard Class,CU-1014,Ravi Das,Consumer,India,Patna,Bihar,East,FUR-TAB-125,Furniture,Tables,Tables model 125,18304.7,2,0.1,729.99
IN-2025-104230,11-07-2025,16-07-2025,Standard Class,CU-1238,Nisha Patel,Consumer,India,Mumbai,Maharashtra,West,FUR-FUR-127,Furniture,Furnishings,Furnishings model 127,3877.71,3,0.15,744.57
IN-2022-100362,31-05-2022,04-06-2022,Standard Class,CU-1386,Priya Reddy,Corporate,India,Jaipur,Rajasthan,West,OFF-STO-128,Office Supplies,Storage,Storage model 128,3748.6,2,0.0,1277.02
IN-2025-104137,15-06-2025,19-06-2025,Second Class,CU-1180,Divya Das,Corporate,India,Jaipur,Rajasthan,West,TEC-ACC-124,Technology,Accessories,Accessories model 124,2182.43,2,0.1,590.45
IN-2025-103998,11-05-2025,16-05-2025,Standard Class,CU-1098,Deepak Iyer,Consumer,India,Bengaluru,Karnataka,South,OFF-STO-132,Office Supplies,Storage,Storage model 132,8214.67,5,0.1,2149.59
IN-2022-100268,23-04-2022,30-04-2022,Standard Class,CU-1204,Lakshmi Patel,Home Office,India,Jaipur,Rajasthan,West,FUR-CHA-124,Furniture,Chairs,Chairs model 124,29336.01,8,0.1,5113.82
IN-2022-100437,07-07-2022,08-07-2022,First Class,CU-1022,Sneha Rao,Consumer,India,Kolkata,West Bengal,East,TEC-MAC-137,Technology,Machines,Machines model 137,33665.8,2,0.2,-198.14
IN-2022-100302,07-05-2022,11-05-2022,Second Class,CU-1022,Sneha Rao,Consumer,India,Lucknow,Uttar Pradesh,North,TEC-COP-126,Technology,Copiers,Copiers model 126,31087.0,1,0.0,12958.02
IN-2023-101425,26-05-2023,31-05-2023,Standard Class,CU-1235,Arjun Iyer,Consumer,India,Ludhiana,Punjab,North,OFF-LAB-118,Office Supplies,Labels,Labels model 118,161.22,1,0.05,76.94
IN-2024-102566,26-04-2024,30-04-2024,Standard Class,CU-1546,Lakshmi Reddy,Corporate,India,Surat,Gujarat,West,OFF-PAP-129,Office Supplies,Paper,Paper model 129,2136.03,7,0.1,932.36
IN-2023-102117,24-12-2023,27-12-2023,First Class,CU-1007,Isha Menon,Home Office,India,Jaipur,Rajasthan,West,FUR-FUR-103,Furniture,Furnishings,Furnishings model 103,2644.88,2,,586.41
IN-2024-102229,22-01-2024,23-01-2024,First Class,CU-1042,Ananya Pillai,Consumer,India,Jaipur,Rajasthan,West,FUR-FUR-118,Furniture,Furnishings,Furnishings model 118,4112.29,3,0.2,805.9
IN-2023-101178,07-03-2023,10-03-2023,First Class,CU-1462,Neha Menon,Corporate,India,Bhubaneswar,Odisha,East,OFF-BIN-117,Office Supplies,Binders,Binders model 117,624.62,2,0.35,117.2
IN-2024-102812,09-07-2024,14-07-2024,Standard Class,CU-1344,Priya Nair,Home Office,India,Kolkata,West Bengal,East,OFF-ART-116,Office Supplies,Art,Art model 116,454.43,2,0.05,182.17
IN-2022-100157,16-03-2022,17-03-2022,First Class,CU-1443,Vivaan Iyer,Consumer,India,Mysuru,Karnataka,South,OFF-PAP-129,Office Supplies,Paper,Paper model 129,478.9,2,0.15,186.55
IN-2024-102815,10-07-2024,10-07-2024,Same Day,CU-1042,Ananya Pillai,Consumer,India,Patna,Bihar,East,FUR-FUR-123,Furniture,Furnishings,Furnishings model 123,1200.54,1,0.15,278.1
IN-2024-102508,10-04-2024,15-04-2024,Standard Class,CU-1265,Priya Verma,Consumer,India,Thiruvananthapuram,Kerala,South,FUR-TAB-116,Furniture,Tables,Tables model 116,25621.73,3,0.1,390.12
IN-2025-104565,07-10-2025,13-10-2025,Standard Class,CU-1169,Sneha Sharma,Corporate,India,Ludhiana,Punjab,North,FUR-BOO-121,Furniture,Bookcases,Bookcases model 121,11192.66,2,0.15,525.72
IN-2025-104547,04-10-2025,10-10-2025,Standard Class,CU-1349,Swathi Verma,Corporate,India,Jaipur,Rajasthan,West,FUR-CHA-129,Furniture,Chairs,Chairs model 129,4842.7,1,0.0,1284.78
IN-2022-100411,23-06-2022,25-06-2022,Second Class,CU-1312,Manoj Shah,Consumer,India,Noida,Uttar Pradesh,North,TEC-MAC-118,Technology,Machines,Machines model 118,123834.82,6,0.1,13827.56
IN-2022-100975,29-12-2022,31-12-2022,Second Class,CU-1554,Sneha Sharma,Consumer,India,Amritsar,Punjab,North,OFF-ART-110,Office Supplies,Art,Art model 110,676.48,3,0.1,216.32
IN-2022-100981,30-12-2022,03-01-2023,Standard Class,CU-1548,Priya Gupta,Consumer,India,Ahmedabad,Gujarat,West,TEC-PHO-104,Technology,Phones,Phones model 104,102767.89,8,0.15,13503.1
IN-2023-101608,30-07-2023,04-08-2023,Standard Class,CU-1470,Rohit Joshi,Consumer,India,Mumbai,Maharashtra,West,TEC-MAC-119,Technology,Machines,Machines model 119,164265.82,7,0.05,26072.96
IN-2023-101983,19-11-2023,22-11-2023,First Class,CU-1502,Isha Sharma,Consumer,India,Noida,Uttar Pradesh,North,TEC-COP-107,Technology,Copiers,Copiers model 107,19019.76,1,0.4,1145.36
IN-2024-102920,08-08-2024,14-08-2024,Standard Class,CU-1428,Ashok Reddy,Consumer,India,Thiruvananthapuram,Kerala,South,FUR-CHA-110,Furniture,Chairs,Chairs model 110,4287.6,1,0.1,767.26
IN-2024-102152,01-01-2024,03-01-2024,Second Class,CU-1374,Aarav Patel,Consumer,India,Bengaluru,Karnataka,south,TEC-PHO-112,Technology,Phones,Phones model 112,13524.91,1,0.05,3175.61
IN-2025-104470,09-09-2025,16-09-2025,Standard Class,CU-1386,Priya Reddy,Corporate,India,Mysuru,Karnataka,South,TEC-ACC-109,Technology,Accessories,Accessories model 109,1479.36,2,0.4,58.34
IN-2025-103557,12-01-2025,19-01-2025,Standard Class,CU-1252,Arjun Joshi,Consumer,India,Noida,Uttar Pradesh,North,FUR-BOO-123,Furniture,Bookcases,Bookcases model 123,43206.1,7,0.05,4911.08
IN-2025-104112,10-06-2025,14-06-2025,Standard Class,CU-1158,Divya Singh,Consumer,India,Ahmedabad,Gujarat,West,FUR-CHA-135,Furniture,Chairs,Chairs model 135,9556.09,2,0.05,2090.6
IN-2022-100413,24-06-2022,28-06-2022,Standard Class,CU-1563,Arjun Nair,Corporate,India,Jaipur,Rajasthan,West,TEC-ACC-127,Technology,Accessories,Accessories model 127,993.3,1,0.15,324.9
IN-2022-100653,09-10-2022,13-10-2022,Second Class,CU-1005,Divya Sharma,Consumer,India,Jaipur,Rajasthan,West,TEC-MAC-115,Technology,Machines,Machines model 115,20171.06,1,0.0,3193.78
IN-2025-104597,13-10-2025,17-10-2025,Standard Class,CU-1066,Isha Iyer,Home Office,India,Kochi,Kerala,South,OFF-LAB-100,Office Supplies,Labels,Labels model 100,₹619.42,4,0.1,254.8
IN-2022-100341,24-05-2022,31-05-2022,Standard Class,CU-1592,Neha Sharma,Consumer,India,Salem,Tamil Nadu,South,TEC-PHO-133,Technology,Phones,Phones model 133,33102.94,3,0.2,3195.43
IN-2023-101688,26-08-2023,30-08-2023,Second Class,CU-1475,Meera Joshi,Consumer,India,Bhubaneswar,Odisha,East,OFF-PAP-137,Office Supplies,Paper,Paper model 137,859.77,3,0.05,357.29
IN-2024-102533,18-04-2024,22-04-2024,Standard Class,CU-1179,Neha Verma,Corporate,India,Bhubaneswar,Odisha,East,OFF-STO-114,Office Supplies,Storage,Storage model 114,4654.31,3,0.05,1149.04
IN-2025-103679,15-02-2025,17-02-2025,Second Class,CU-1173,Priya Verma,Corporate,India,Patna,Bihar,East,TEC-PHO-135,Technology,Phones,Phones model 135,41718.52,3,0.05,9464.61
IN-2022-100540,21-08-2022,25-08-2022,Standard Class,CU-1598,Nisha Joshi,Consumer,India,Thiruvananthapuram,Kerala,South,TEC-ACC-114,Technology,Accessories,Accessories model 114,3605.54,3,0.0,1237.56
IN-2025-104489,14-09-2025,20-09-2025,Standard Class,CU-1025,Rohit Rao,Consumer,India,Hyderabad,Telangana,South,FUR-CHA-114,Furniture,Chairs,Chairs model 114,4218.65,1,0.15,521.94
IN-2022-100426,03-07-2022,10-07-2022,Standard Class,CU-1119,Ananya Das,Corporate,India,New Delhi,Delhi,North,OFF-ART-101,Office Supplies,Art,Art model 101,272.23,1,0.0,105.35
IN-2022-100017,08-01-2022,15-01-2022,Standard Class,CU-1141,Kavya Kumar,Consumer,India,Bhubaneswar,Odisha,East,FUR-CHA-100,Furniture,Chairs,Chairs model 100,7517.03,2,0.15,884.52
IN-2023-101194,12-03-2023,14-03-2023,Second Class,CU-1069,Arjun Shah,Consumer,India,Bhubaneswar,Odisha,East,OFF-LAB-107,Office Supplies,Labels,Labels model 107,215.76,2,0.35,35.46
IN-2022-100444,10-07-2022,17-07-2022,Standard Class,CU-1494,Lakshmi Singh,Consumer,India,Mysuru,Karnataka,South,FUR-CHA-103,Furniture,Chairs,Chairs model 103,3630.67,1,0.1,713.0
IN-2024-102992,03-09-2024,04-09-2024,First Class,CU-1048,Rohit Patel,Corporate,India,Mysuru,Karnataka,South,FUR-TAB-121,Furniture,Tables,Tables model 121,16163.26,2,0.0,1729.78
IN-2025-104538,02-10-2025,08-10-2025,Standard Class,CU-1592,Neha Sharma,Consumer,India,Hyderabad,Telangana,South,TEC-PHO-131,Technology,Phones,Phones model 131,68417.8,5,0.05,15384.74
IN-2023-101683,25-08-2023,29-08-2023,Standard Class,CU-1503,Isha Menon,Consumer,India,Jaipur,Rajasthan,West,TEC-PHO-135,Technology,Phones,Phones model 135,61157.89,4,0.05,14009.68
IN-2022-100754,06-11-2022,12-11-2022,Standard Class,CU-1155,Ashok Reddy,,India,Noida,Uttar Pradesh,North,OFF-LAB-139,Office Supplies,Labels,Labels model 139,582.68,4,0.0,316.42
IN-2025-104138,15-06-2025,20-06-2025,Standard Class,CU-1066,Isha Iyer,Home Office,India,Kolkata,West Bengal,East,FUR-FUR-107,Furniture,Furnishings,Furnishings model 107,6478.89,6,0.2,1172.86
IN-2025-104188,27-06-2025,30-06-2025,Second Class,CU-1234,Ashok Menon,Home Office,India,New Delhi,Delhi,North,FUR-CHA-127,Furniture,Chairs,Chairs model 127,7179.57,2,0.2,568.32
IN-2025-104514,23-09-2025,27-09-2025,Standard Class,CU-1473,Vivaan Nair,Consumer,India,Jaipur,Rajasthan,West,FUR-TAB-138,Furniture,Tables,Tables model 138,8499.79,1,0.0,373.63
IN-2024-102268,03-02-2024,10-02-2024,Standard Class,CU-1542,Nisha Joshi,Home Office,India,Mumbai,Maharashtra,West,OFF-BIN-128,Office Supplies,Binders,Binders model 128,1092.38,3,0.2,314.83
IN-2025-104544,03-10-2025,07-10-2025,Second Class,CU-1264,DIVYA SHAH,Home Office,India,Bengaluru,Karnataka,south,OFF-PAP-112,Office Supplies,Paper,Paper model 112,824.68,3,0.0,388.61
IN-2025-104937,22-12-2025,22-12-2025,Same Day,CU-1572,Lakshmi Pillai,Home Office,India,Amritsar,Punjab,North,FUR-TAB-117,Furniture,Tables,Tables model 117,38382.18,5,0.05,1259.05
IN-2025-104848,03-12-2025,09-12-2025,Standard Class,CU-1125,Aditya Singh,Consumer,India,Bhubaneswar,Odisha,East,FUR-CHA-129,Furniture,Chairs,Chairs model 129,24728.15,8,0.25,-766.89
IN-2024-102319,16-02-2024,19-02-2024,Second Class,CU-1256,Vivaan Sharma,Home Office,India,Jaipur,Rajasthan,West,OFF-ART-105,Office Supplies,Art,Art model 105,169.17,1,0.3,29.07
IN-2023-101836,12-10-2023,16-10-2023,Standard Class,CU-1366,Isha Patel,Consumer,India,Amritsar,Punjab,North,TEC-PHO-118,Technology,Phones,Phones model 118,85476.85,5,0.0,27290.07
IN-2025-104520,25-09-2025,30-09-2025,Standard Class,CU-1550,Suresh Pillai,Consumer,India,Hyderabad,Telangana,South,OFF-STO-134,Office Supplies,Storage,Storage model 134,2043.82,1,0.0,525.11
IN-2025-103648,08-02-2025,12-02-2025,Standard Class,CU-1518,Vikram Nair,Corporate,India,Jaipur,Rajasthan,West,TEC-PHO-115,Technology,Phones,Phones model 115,39103.04,3,0.0,9606.78
IN-2023-101673,22-08-2023,28-08-2023,Standard Class,CU-1003,Rohit Sharma,Home Office,India,Amritsar,Punjab,North,TEC-PHO-101,Technology,Phones,Phones model 101,21317.92,2,0.3,1057.31
IN-2022-100587,12-09-2022,16-09-2022,Second Class,CU-1413,Swathi Pillai,Consumer,India,New Delhi,Delhi,North,FUR-TAB-121,Furniture,Tables,Tables model 121,39376.06,5,0.1,315.64
IN-2022-100363,31-05-2022,05-06-2022,Standard Class,CU-1586,Ananya Singh,Corporate,India,Bhubaneswar,Odisha,East,OFF-BIN-100,Office Supplies,Binders,Binders model 100,981.12,2,0.05,405.88
IN-2025-105000,31-12-2025,04-01-2026,Standard Class,CU-1566,Aarav Shah,Consumer,India,New Delhi,Delhi,North,TEC-COP-114,Technology,Copiers,Copiers model 114,29623.79,1,0.2,6909.33
IN-2024-103341,22-11-2024,27-11-2024,Standard Class,CU-1567,Aditya Sharma,Corporate,India,Mysuru,Karnataka,South,TEC-PHO-110,Technology,Phones,Phones model 110,13759.5,1,0.2,2135.8
IN-2025-104827,28-11-2025,05-12-2025,Standard Class,CU-1198,Kavya Kumar,Consumer,India,Mysuru,Karnataka,South,TEC-COP-108,Technology,Copiers,Copiers model 108,26602.72,1,0.15,8586.98
IN-2025-104918,18-12-2025,22-12-2025,Standard Class,CU-1385,Arjun Sharma,Corporate,India,Kolkata,West Bengal,East,FUR-TAB-105,Furniture,Tables,Tables model 105,16242.88,2,0.2,-1016.41
IN-2025-103720,27-02-2025,05-03-2025,Standard Class,CU-1597,Karthik Joshi,Home Office,India,Bhubaneswar,Odisha,East,TEC-MAC-133,Technology,Machines,Machines model 133,33124.24,2,0.2,1015.73
IN-2025-103575,19-01-2025,21-01-2025,Second Class,CU-1557,Ananya Menon,Home Office,India,Mysuru,Karnataka,South,FUR-CHA-118,Furniture,Chairs,Chairs model 118,11576.21,3,0.15,1152.68
IN-2024-103203,24-10-2024,25-10-2024,First Class,CU-1527,Manoj Patel,Consumer,India,Kolkata,West Bengal,East,OFF-ART-115,Office Supplies,Art,Art model 115,1322.87,5,0.05,492.17
IN-2023-101001,05-01-2023,10-01-2023,Standard Class,CU-1312,Manoj Shah,Consumer,India,Jaipur,Rajasthan,West,OFF-STO-102,Office Supplies,Storage,Storage model 102,7914.65,7,0.3,614.24
IN-2023-101321,22-04-2023,27-04-2023,Standard Class,CU-1023,Isha Pillai,Corporate,India,Hyderabad,Telangana,South,TEC-ACC-136,Technology,Accessories,Accessories model 136,2121.13,2,0.15,514.48
IN-2024-102282,07-02-2024,11-02-2024,Second Class,CU-1218,Priya Kumar,Consumer,India,Surat,Gujarat,West,FUR-CHA-125,Furniture,Chairs,Chairs model 125,25043.68,6,0.1,3931.65
IN-2023-101076,31-01-2023,04-02-2023,Second Class,CU-1035,Sneha Kumar,Consumer,India,Madurai,Tamil Nadu,South,OFF-ART-123,Office Supplies,Art,Art model 123,200.76,1,0.2,49.43
IN-2023-101412,23-05-2023,29-05-2023,Standard Class,CU-1501,Manoj Kumar,Consumer,India,Kolkata,West Bengal,East,OFF-BIN-115,Office Supplies,Binders,Binders model 115,434.8,1,0.0,190.78
IN-2022-100213,03-04-2022,07-04-2022,Standard Class,CU-1499,Suresh Menon,Consumer,India,Salem,Tamil Nadu,South,TEC-PHO-107,Technology,Phones,Phones model 107,54367.23,6,0.4,-5283.65
IN-2022-100132,06-03-2022,10-03-2022,Standard Class,CU-1230,Kavya Verma,Corporate,India,New Delhi,Delhi,North,TEC-PHO-111,Technology,Phones,Phones model 111,88374.01,8,0.15,15188.6
IN-2025-103688,18-02-2025,25-02-2025,Standard Class,CU-1523,Suresh Kumar,Consumer,India,Kochi,Kerala,South,TEC-PHO-117,Technology,Phones,Phones model 117,48648.71,3,0.0,12564.36
IN-2023-101780,29-09-2023,29-09-2023,Same Day,CU-1213,RAHUL MENON,Corporate,India,Jaipur,Rajasthan,West,TEC-MAC-124,Technology,Machines,Machines model 124,24268.75,1,0.0,3093.45
IN-2024-102378,06-03-2024,10-03-2024,Standard Class,CU-1315,Rohit Gupta,Corporate,India,Mysuru,Karnataka,South,TEC-MAC-123,Technology,Machines,Machines model 123,19433.17,1,0.0,3223.48
IN-2024-103240,03-11-2024,08-11-2024,Standard Class,CU-1409,Aditya Joshi,Corporate,India,Hyderabad,Telangana,South,TEC-MAC-127,Technology,Machines,Machines model 127,145393.01,7,0.0,26426.71
IN-2023-101786,01-10-2023,05-10-2023,Standard Class,CU-1187,Isha Singh,Consumer,India,Salem,Tamil Nadu,South,OFF-LAB-110,Office Supplies,Labels,Labels model 110,290.81,2,0.1,117.74
IN-2023-101563,14-07-2023,20-07-2023,Standard Class,CU-1199,NEHA PILLAI,Consumer,India,New Delhi,Delhi,North,OFF-STO-116,Office Supplies,Storage,Storage model 116,9035.59,6,0.1,2282.8
IN-2023-101157,02-03-2023,07-03-2023,Standard Class,CU-1363,Neha Sharma,Consumer,India,Hyderabad,Telangana,South,TEC-PHO-105,Technology,Phones,Phones model 105,45884.67,3,0.0,11711.37
IN-2025-104757,13-11-2025,13-11-2025,Same Day,CU-1450,Swathi Iyer,Corporate,India,Jaipur,Rajasthan,West,FUR-FUR-121,Furniture,Furnishings,Furnishings model 121,1021.98,1,0.2,220.47
IN-2022-100192,28-03-2022,01-04-2022,Standard Class,CU-1358,Ashok Verma,Consumer,India,Jaipur,Rajasthan,West,TEC-PHO-123,Technology,Phones,Phones model 123,"₹20,498.26",2,0.3,462.02
IN-2025-104043,21-05-2025,26-05-2025,Standard Class,CU-1093,Aarav Verma,Corporate,India,Patna,Bihar,East,OFF-STO-108,Office Supplies,Storage,Storage model 108,5586.44,3,0.1,1373.55
IN-2024-103421,11-12-2024,12-12-2024,First Class,CU-1088,Karthik Iyer,Consumer,India,Kochi,Kerala,South,OFF-STO-119,Office Supplies,Storage,Storage model 119,5120.04,3,0.15,1274.8
IN-2022-100080,08-02-2022,12-02-2022,Standard Class,CU-1580,Aditya Nair,Corporate,India,Hyderabad,Telangana,South,TEC-COP-124,Technology,Copiers,Copiers model 124,53584.71,2,0.2,19136.71
IN-2025-104676,27-10-2025,01-11-2025,Standard Class,CU-1046,Nisha Iyer,Corporate,India,Bhubaneswar,Odisha,East,FUR-CHA-115,Furniture,Chairs,Chairs model 115,6386.58,2,0.2,455.47
IN-2022-100559,29-08-2022,02-09-2022,Standard Class,CU-1490,Kavya Das,Consumer,India,Ahmedabad,Gujarat,West,FUR-FUR-116,Furniture,Furnishings,Furnishings model 116,1546.09,1,0.0,474.04
IN-2024-102630,13-05-2024,18-05-2024,Standard Class,CU-1546,Lakshmi Reddy,Corporate,India,New Delhi,Delhi,North,OFF-ART-134,Office Supplies,Art,Art model 134,780.86,4,0.1,266.54
IN-2025-104521,26-09-2025,30-09-2025,Standard Class,CU-1394,Neha Pillai,,India,Bengaluru,Karnataka,South,TEC-PHO-129,Technology,Phones,Phones model 129,25481.41,2,0.15,3295.72
IN-2024-102227,22-01-2024,25-01-2024,Second Class,CU-1175,Neha Gupta,Consumer,India,Bengaluru,Karnataka,South,OFF-BIN-132,Office Supplies,Binders,Binders model 132,409.34,1,0.1,172.77
IN-2023-101318,21-04-2023,21-04-2023,Same Day,CU-1357,Ashok Pillai,Home Office,India,Salem,Tamil Nadu,South,FUR-FUR-134,Furniture,Furnishings,Furnishings model 134,2434.34,2,0.1,527.47
IN-2025-104938,22-12-2025,24-12-2025,Second Class,CU-1451,Vivaan Das,Consumer,India,Surat,Gujarat,West,OFF-STO-138,Office Supplies,Storage,Storage model 138,1986.61,1,0.0,608.57
IN-2025-104647,23-10-2025,26-10-2025,Second Class,CU-1293,Swathi Joshi,Corporate,India,Pune,Maharashtra,west,OFF-ART-110,Office Supplies,Art,Art model 110,226.57,1,,94.57
IN-2024-103491,25-12-2024,29-12-2024,Standard Class,CU-1162,Isha Patel,Corporate,India,New Delhi,Delhi,North,FUR-CHA-132,Furniture,Chairs,Chairs model 132,8227.43,2,0.15,980.4
IN-2025-104556,06-10-2025,10-10-2025,Second Class,CU-1026,Rahul Iyer,Consumer,India,Patna,Bihar,East,TEC-COP-102,Technology,Copiers,Copiers model 102,29235.39,1,0.1,8734.91
IN-2023-101904,30-10-2023,02-11-2023,Second Class,CU-1528,Suresh Patel,Corporate,India,Kolkata,West Bengal,East,FUR-BOO-108,Furniture,Bookcases,Bookcases model 108,40315.15,6,0.15,2965.88
IN-2023-101525,29-06-2023,01-07-2023,First Class,CU-1424,Pooja Singh,Corporate,India,New Delhi,Delhi,North,OFF-STO-132,Office Supplies,Storage,Storage model 132,1776.43,1,0.05,548.98
IN-2024-102891,31-07-2024,05-08-2024,Standard Class,CU-1540,Priya Menon,Consumer,India,Jaipur,Rajasthan,West,TEC-COP-102,Technology,Copiers,Copiers model 102,236127.51,8,0.1,89499.21
IN-2024-103168,17-10-2024,17-10-2024,Same Day,CU-1026,Rahul Iyer,Consumer,India,Ahmedabad,Gujarat,west,OFF-PAP-125,Office Supplies,Paper,Paper model 125,178.66,1,0.3,49.96
IN-2024-102777,29-06-2024,06-07-2024,Standard Class,CU-1062,Sneha Sharma,Consumer,India,Mysuru,Karnataka,South,TEC-MAC-134,Technology,Machines,Machines model 134,21765.63,1,0.0,2866.72
IN-2024-102352,26-02-2024,01-03-2024,Standard Class,CU-1208,Manoj Kumar,Consumer,India,Mysuru,Karnataka,South,OFF-ART-105,Office Supplies,Art,Art model 105,663.93,3,0.0,270.4
IN-2025-104195,01-07-2025,06-07-2025,Standard Class,CU-1429,Manoj Verma,Home Office,India,Thiruvananthapuram,Kerala,South,FUR-BOO-125,Furniture,Bookcases,Bookcases model 125,11015.38,3,0.45,-3835.96
IN-2025-104882,09-12-2025,13-12-2025,Standard Class,CU-1441,Ravi Nair,Corporate,India,Ludhiana,Punjab,North,TEC-PHO-107,Technology,Phones,Phones model 107,14240.2,1,0.0,3776.26
IN-2024-102622,11-05-2024,18-05-2024,Standard Class,CU-1160,Rohit Patel,Home Office,India,Pune,Maharashtra,West,FUR-TAB-136,Furniture,Tables,Tables model 136,16787.48,2,0.05,1457.77
IN-2023-101987,21-11-2023,28-11-2023,Standard Class,CU-1210,Rahul Iyer,Home Office,India,Lucknow,Uttar Pradesh,North,FUR-TAB-114,Furniture,Tables,Tables model 114,64642.84,7,0.1,1006.22
IN-2025-104186,26-06-2025,02-07-2025,Standard Class,CU-1311,Divya Verma,Consumer,India,Mysuru,Karnataka,South,FUR-BOO-122,Furniture,Bookcases,Bookcases model 122,4993.56,1,0.35,-771.59
IN-2022-100392,11-06-2022,16-06-2022,Standard Class,CU-1421,Nisha Kumar,Corporate,India,Surat,Gujarat,West,FUR-CHA-107,Furniture,Chairs,Chairs model 107,3177.54,1,0.3,48.14
IN-2022-100973,29-12-2022,31-12-2022,First Class,CU-1229,Ravi Shah,Consumer,India,Kolkata,West Bengal,East,OFF-STO-133,Office Supplies,Storage,Storage model 133,2759.11,2,0.1,577.06
IN-2022-100657,09-10-2022,15-10-2022,Standard Class,CU-1366,Isha Patel,Consumer,India,Jaipur,Rajasthan,west,FUR-CHA-117,Furniture,Chairs,Chairs model 117,16222.62,4,0.15,1752.8
IN-2022-100084,13-02-2022,16-02-2022,Second Class,CU-1230,Kavya Verma,Corporate,India,Patna,Bihar,East,TEC-MAC-106,Technology,Machines,Machines model 106,37664.93,2,0.1,4232.18
IN-2023-101575,18-07-2023,20-07-2023,First Class,CU-1519,Ananya Singh,Consumer,India,Hyderabad,Telangana,South,OFF-STO-125,Office Supplies,Storage,Storage model 125,9267.2,5,0.05,2647.92
IN-2025-103678,15-02-2025,20-02-2025,Standard Class,CU-1470,Rohit Joshi,Consumer,India,Pune,Maharashtra,West,FUR-CHA-104,Furniture,Chairs,Chairs model 104,4417.5,1,0.0,912.45
IN-2025-104268,22-07-2025,24-07-2025,Second Class,CU-1189,Aditya Shah,Consumer,India,Hyderabad,Telangana,South,OFF-BIN-117,Office Supplies,Binders,Binders model 117,2292.39,6,0.05,906.21
IN-2022-100074,06-02-2022,08-02-2022,Second Class,CU-1329,Isha Pillai,Consumer,India,Bhubaneswar,Odisha,East,FUR-TAB-112,Furniture,Tables,Tables model 112,10045.93,2,0.4,-2921.51
IN-2025-104532,30-09-2025,04-10-2025,Standard Class,CU-1274,Manoj Singh,Consumer,India,Ahmedabad,Gujarat,West,FUR-CHA-134,Furniture,Chairs,Chairs model 134,13108.41,4,0.15,1585.52
IN-2023-102063,10-12-2023,14-12-2023,Second Class,CU-1254,Ashok Patel,Home Office,India,Pune,Maharashtra,West,TEC-ACC-124,Technology,Accessories,Accessories model 124,2681.99,2,0.0,1078.52
IN-2022-100083,12-02-2022,19-02-2022,Standard Class,CU-1054,Isha Nair,Consumer,India,Coimbatore,Tamil Nadu,South,TEC-PHO-121,Technology,Phones,Phones model 121,62590.58,5,0.05,12871.78
IN-2024-103336,22-11-2024,27-11-2024,Standard Class,CU-1425,Priya Iyer,Home Office,India,Salem,Tamil Nadu,South,OFF-BIN-117,Office Supplies,Binders,Binders model 117,488.34,1,0.0,202.49
IN-2022-100976,29-12-2022,03-01-2023,Standard Class,CU-1297,Ananya Patel,Corporate,India,Coimbatore,Tamil Nadu,South,TEC-COP-131,Technology,Copiers,Copiers model 131,34386.79,1,0.0,14006.9
IN-2024-102201,15-01-2024,21-01-2024,Standard Class,CU-1096,Aarav Shah,Consumer,India,Mysuru,Karnataka,South,TEC-MAC-113,Technology,Machines,Machines model 113,16421.27,1,0.3,-1686.91
IN-2025-103536,06-01-2025,08-01-2025,Second Class,CU-1135,Priya Sharma,Consumer,India,Salem,Tamil Nadu,South,OFF-PAP-139,Office Supplies,Paper,Paper model 139,683.32,2,0.0,322.9
IN-2025-103939,24-04-2025,30-04-2025,Standard Class,CU-1228,Ravi Sharma,Consumer,India,Kolkata,West Bengal,East,FUR-BOO-103,Furniture,Bookcases,Bookcases model 103,18770.05,3,0.1,1434.91
IN-2023-101716,05-09-2023,09-09-2023,Standard Class,CU-1333,Pooja Singh,Corporate,India,Mumbai,Maharashtra,West,OFF-BIN-110,Office Supplies,Binders,Binders model 110,491.21,1,0.0,226.88
IN-2023-101511,23-06-2023,27-06-2023,Second Class,CU-1162,Isha Patel,Corporate,India,Patna,Bihar,East,TEC-PHO-129,Technology,Phones,Phones model 129,103048.24,8,0.25,6380.99
IN-2025-103983,06-05-2025,06-05-2025,Same Day,CU-1316,Ashok Joshi,Home Office,India,Coimbatore,Tamil Nadu,south,TEC-ACC-109,Technology,Accessories,Accessories model 109,4667.85,5,0.15,1376.39
IN-2022-100964,28-12-2022,01-01-2023,Second Class,CU-1167,Meera Rao,Home Office,India,Lucknow,Uttar Pradesh,North,FUR-CHA-105,Furniture,Chairs,Chairs model 105,11238.23,3,0.2,1059.41
IN-2023-102112,23-12-2023,29-12-2023,Standard Class,CU-1306,Pooja Gupta,Corporate,India,Jaipur,Rajasthan,West,TEC-PHO-106,Technology,Phones,Phones model 106,40184.45,3,0.0,13662.81
IN-2025-103661,12-02-2025,15-02-2025,Second Class,CU-1417,Kavya Singh,Corporate,India,Noida,Uttar Pradesh,North,TEC-PHO-113,Technology,Phones,Phones model 113,12952.51,1,0.2,2068.73
IN-2022-100574,05-09-2022,07-09-2022,Second Class,CU-1345,Swathi Verma,Corporate,India,Hyderabad,Telangana,South,FUR-CHA-137,Furniture,Chairs,Chairs model 137,4328.03,2,0.45,-1127.7
IN-2022-100447,11-07-2022,17-07-2022,Standard Class,CU-1536,Lakshmi Joshi,Corporate,India,Patna,Bihar,East,FUR-CHA-121,Furniture,Chairs,Chairs model 121,7012.52,2,0.25,573.21
IN-2025-104856,04-12-2025,05-12-2025,First Class,CU-1540,Priya Menon,Consumer,India,Amritsar,Punjab,North,OFF-BIN-124,Office Supplies,Binders,Binders model 124,3169.35,8,0.1,1138.34
IN-2024-103030,15-09-2024,21-09-2024,Standard Class,CU-1347,Ravi Reddy,Consumer,India,Hyderabad,Telangana,South,OFF-LAB-127,Office Supplies,Labels,Labels model 127,166.08,2,0.35,29.76
IN-2025-104802,23-11-2025,28-11-2025,Standard Class,CU-1287,Vikram Das,Corporate,India,Noida,Uttar Pradesh,North,TEC-ACC-107,Technology,Accessories,Accessories model 107,1135.35,1,0.05,407.42
IN-2024-102810,09-07-2024,16-07-2024,Standard Class,CU-1523,Suresh Kumar,Consumer,India,Patna,Bihar,East,TEC-COP-115,Technology,Copiers,Copiers model 115,41216.42,2,0.35,4077.73
IN-2025-103870,04-04-2025,11-04-2025,Standard Class,CU-1542,Nisha Joshi,Home Office,India,Jaipur,Rajasthan,West,OFF-BIN-132,Office Supplies,Binders,Binders model 132,1155.39,3,0.1,503.95
IN-2025-103717,27-02-2025,27-02-2025,Same Day,CU-1245,Aditya Gupta,Corporate,India,Mumbai,Maharashtra,West,OFF-BIN-107,Office Supplies,Binders,Binders model 107,475.18,1,0.0,199.77
IN-2022-100417,25-06-2022,29-06-2022,Standard Class,CU-1548,Priya Gupta,Consumer,India,Nagpur,Maharashtra,west,FUR-FUR-138,Furniture,Furnishings,Furnishings model 138,3302.28,3,0.35,42.79
IN-2023-102115,24-12-2023,29-12-2023,Standard Class,CU-1389,Kavya Menon,Consumer,India,Thiruvananthapuram,Kerala,South,TEC-ACC-106,Technology,Accessories,Accessories model 106,1035.02,1,,337.46
IN-2023-101761,22-09-2023,27-09-2023,Standard Class,CU-1212,Aarav Kumar,Consumer,India,New Delhi,Delhi,North,FUR-CHA-125,Furniture,Chairs,Chairs model 125,3561.24,1,0.1,565.07
IN-2023-101631,08-08-2023,14-08-2023,Standard Class,CU-1395,Kavya Verma,Corporate,India,Mumbai,Maharashtra,West,TEC-PHO-123,Technology,Phones,Phones model 123,51732.1,3,0.0,13055.96
IN-2022-100891,09-12-2022,14-12-2022,Standard Class,CU-1420,Arjun Nair,Consumer,India,Noida,Uttar Pradesh,North,FUR-TAB-122,Furniture,Tables,Tables model 122,33375.58,6,0.45,-13931.43
IN-2025-104517,25-09-2025,01-10-2025,Standard Class,CU-1181,Arjun Joshi,Consumer,India,Lucknow,Uttar Pradesh,North,FUR-BOO-137,Furniture,Bookcases,Bookcases model 137,34546.41,6,0.15,2298.31
IN-2023-101513,24-06-2023,01-07-2023,Standard Class,CU-1506,Suresh Menon,Corporate,India,Surat,Gujarat,West,TEC-PHO-119,Technology,Phones,Phones model 119,19478.76,2,0.3,1227.04
IN-2025-104166,23-06-2025,25-06-2025,Second Class,CU-1040,Arjun Gupta,Corporate,India,Ahmedabad,Gujarat,West,TEC-MAC-104,Technology,Machines,Machines model 104,98994.19,5,0.0,16686.6
IN-2022-100283,30-04-2022,05-05-2022,Standard Class,CU-1224,Kavya Shah,Corporate,India,Pune,Maharashtra,West,OFF-BIN-124,Office Supplies,Binders,Binders model 124,871.46,2,0.0,394.28
IN-2025-103958,29-04-2025,06-05-2025,Standard Class,CU-1135,Priya Sharma,Consumer,India,Mumbai,Maharashtra,West,OFF-LAB-122,Office Supplies,Labels,Labels model 122,143.76,1,0.0,73.58
IN-2022-100544,22-08-2022,24-08-2022,First Class,CU-1055,Vivaan Sharma,Home Office,India,Ahmedabad,Gujarat,West,FUR-TAB-132,Furniture,Tables,Tables model 132,5996.63,1,0.25,-1058.18
IN-2023-102062,10-12-2023,16-12-2023,Standard Class,CU-1242,Nisha Gupta,Consumer,India,Pune,Maharashtra,West,TEC-ACC-109,Technology,Accessories,Accessories model 109,1067.89,1,0.0,431.97
IN-2024-103182,19-10-2024,26-10-2024,Standard Class,CU-1105,Swathi Sharma,Consumer,India,New Delhi,Delhi,North,OFF-LAB-128,Office Supplies,Labels,Labels model 128,404.41,3,0.05,185.2
IN-2025-104255,18-07-2025,25-07-2025,Standard Class,CU-1486,Karthik Reddy,Consumer,India,Bhubaneswar,Odisha,East,FUR-FUR-120,Furniture,Furnishings,Furnishings model 120,1243.17,1,0.25,158.82
IN-2025-104729,06-11-2025,11-11-2025,Standard Class,CU-1298,Meera Kumar,Consumer,India,Surat,Gujarat,West,OFF-STO-130,Office Supplies,Storage,Storage model 130,4570.63,3,0.15,959.2
IN-2024-102805,08-07-2024,15-07-2024,Standard Class,CU-1498,Rohit Joshi,Consumer,India,Madurai,Tamil Nadu,South,FUR-FUR-130,Furniture,Furnishings,Furnishings model 130,4563.71,3,0.1,1057.85
IN-2025-103883,07-04-2025,11-04-2025,Standard Class,CU-1099,Ravi Gupta,Home Office,India,Jaipur,Rajasthan,West,OFF-BIN-128,Office Supplies,Binders,Binders model 128,1302.61,3,0.0,619.39
IN-2023-101518,26-06-2023,29-06-2023,Second Class,CU-1423,Nisha Sharma,Home Office,India,Bengaluru,Karnataka,South,OFF-STO-120,Office Supplies,Storage,Storage model 120,6923.46,4,0.1,1951.75
IN-2024-102658,23-05-2024,29-05-2024,Standard Class,CU-1580,Aditya Nair,Corporate,India,Thiruvananthapuram,Kerala,South,TEC-MAC-136,Technology,Machines,Machines model 136,24521.99,1,0.0,3966.0
IN-2022-100224,07-04-2022,11-04-2022,Standard Class,CU-1493,Rahul Iyer,Home Office,India,Ahmedabad,Gujarat,West,FUR-BOO-110,Furniture,Bookcases,Bookcases model 110,20655.72,4,0.3,-929.75
IN-2025-104992,30-12-2025,01-01-2026,Second Class,CU-1422,Vikram Das,Consumer,India,New Delhi,Delhi,North,TEC-MAC-137,Technology,Machines,Machines model 137,144551.5,6,0.0,15802.4
IN-2024-103108,06-10-2024,09-10-2024,First Class,CU-1293,Swathi Joshi,Corporate,India,New Delhi,Delhi,North,OFF-LAB-116,Office Supplies,Labels,Labels model 116,272.44,3,0.3,68.03
IN-2023-102095,20-12-2023,26-12-2023,Standard Class,CU-1454,Pooja Das,Consumer,India,New Delhi,Delhi,north,TEC-PHO-129,Technology,Phones,Phones model 129,22458.13,2,0.15,3638.99
IN-2023-101886,25-10-2023,01-11-2023,Standard Class,CU-1404,Pooja Rao,Consumer,India,New Delhi,Delhi,North,FUR-CHA-116,Furniture,Chairs,Chairs model 116,14181.95,4,0.1,3101.84
IN-2023-101943,09-11-2023,10-11-2023,First Class,CU-1576,Ashok Iyer,Home Office,India,Hyderabad,Telangana,South,OFF-PAP-121,Office Supplies,Paper,Paper model 121,512.33,2,0.05,241.04
IN-2022-100441,08-07-2022,08-07-2022,Same Day,CU-1387,Rohit Gupta,Home Office,India,Ludhiana,Punjab,North,TEC-MAC-127,Technology,Machines,Machines model 127,18650.73,1,0.15,-26.09
IN-2025-104209,04-07-2025,07-07-2025,First Class,CU-1382,Sneha Kumar,Consumer,India,Thiruvananthapuram,Kerala,South,OFF-ART-100,Office Supplies,Art,Art model 100,1238.19,6,0.15,398.37
IN-2024-103195,21-10-2024,27-10-2024,Standard Class,CU-1146,Aditya Pillai,Consumer,India,New Delhi,Delhi,North,TEC-PHO-132,Technology,Phones,Phones model 132,68410.22,5,0.1,11334.4
IN-2023-102058,09-12-2023,14-12-2023,Standard Class,CU-1348,Deepak Joshi,Corporate,India,Jaipur,Rajasthan,West,FUR-BOO-128,Furniture,Bookcases,Bookcases model 128,23647.07,4,0.2,3178.35
IN-2025-104311,01-08-2025,08-08-2025,Standard Class,CU-1504,Arjun Joshi,Consumer,India,New Delhi,Delhi,North,TEC-ACC-128,Technology,Accessories,Accessories model 128,1844.75,2,0.2,315.98
IN-2023-102133,27-12-2023,03-01-2024,Standard Class,CU-1171,Neha Iyer,Home Office,India,Bhubaneswar,Odisha,East,OFF-ART-133,Office Supplies,Art,Art model 133,1988.58,7,0.0,838.79
IN-2025-104987,29-12-2025,02-01-2026,Standard Class,CU-1050,Vikram Sharma,Home Office,India,Lucknow,Uttar Pradesh,North,FUR-TAB-118,Furniture,Tables,Tables model 118,22402.13,3,0.25,-1853.82
IN-2023-101781,29-09-2023,04-10-2023,Standard Class,CU-1173,Priya Verma,Corporate,India,New Delhi,Delhi,North,FUR-FUR-126,Furniture,Furnishings,Furnishings model 126,1336.99,1,0.1,376.3
IN-2025-104329,06-08-2025,08-08-2025,Second Class,CU-1272,Rohit Pillai,Home Office,India,Lucknow,Uttar Pradesh,North,OFF-PAP-137,Office Supplies,Paper,Paper model 137,1307.08,5,0.05,540.78
IN-2025-104436,31-08-2025,04-09-2025,Standard Class,CU-1294,Ravi Iyer,Consumer,India,Thiruvananthapuram,Kerala,South,OFF-STO-119,Office Supplies,Storage,Storage model 119,7465.66,4,0.0,2489.22
IN-2025-104234,12-07-2025,16-07-2025,Standard Class,CU-1159,Ananya Singh,Corporate,India,Ludhiana,Punjab,North,OFF-LAB-117,Office Supplies,Labels,Labels model 117,291.93,2,0.0,156.28
IN-2025-104487,14-09-2025,14-09-2025,Same Day,CU-1259,Neha Patel,Corporate,India,Coimbatore,Tamil Nadu,South,TEC-MAC-103,Technology,Machines,Machines model 103,46463.32,2,0.05,4349.86
IN-2024-102561,25-04-2024,29-04-2024,Standard Class,CU-1558,Suresh Shah,Consumer,India,Amritsar,Punjab,North,OFF-BIN-138,Office Supplies,Binders,Binders model 138,1990.87,5,0.05,812.28
IN-2024-103428,13-12-2024,17-12-2024,Second Class,CU-1110,Meera Joshi,Consumer,India,Thiruvananthapuram,Kerala,South,TEC-COP-139,Technology,Copiers,Copiers model 139,163905.5,6,0.3,19579.93
IN-2024-102187,12-01-2024,18-01-2024,Standard Class,CU-1567,Aditya Sharma,Corporate,India,Ludhiana,Punjab,North,TEC-MAC-113,Technology,Machines,Machines model 113,20668.37,1,0.0,3487.62
IN-2022-100764,08-11-2022,15-11-2022,Standard Class,CU-1451,Vivaan Das,Consumer,India,Hyderabad,Telangana,South,FUR-TAB-114,Furniture,Tables,Tables model 114,22514.89,3,0.05,361.95
IN-2022-100336,22-05-2022,25-05-2022,Second Class,CU-1105,Swathi Sharma,Consumer,India,Jaipur,Rajasthan,West,FUR-FUR-123,Furniture,Furnishings,Furnishings model 123,2214.72,2,0.15,519.79
IN-2024-103379,30-11-2024,07-12-2024,Standard Class,CU-1134,Arjun Patel,Consumer,India,Nagpur,Maharashtra,West,OFF-LAB-109,Office Supplies,Labels,Labels model 109,892.03,6,0.0,440.35
IN-2025-104665,26-10-2025,31-10-2025,Standard Class,CU-1110,Meera Joshi,Consumer,India,Bhubaneswar,Odisha,East,OFF-PAP-100,Office Supplies,Paper,Paper model 100,309.66,1,0.1,124.7
IN-2025-104737,09-11-2025,12-11-2025,Second Class,CU-1600,Nisha Patel,Corporate,India,Nagpur,Maharashtra,West,OFF-ART-127,Office Supplies,Art,Art model 127,269.18,1,0.0,102.34
IN-2022-100593,16-09-2022,20-09-2022,Second Class,CU-1523,Suresh Kumar,Consumer,India,Mysuru,Karnataka,South,OFF-LAB-106,Office Supplies,Labels,Labels model 106,240.55,2,0.1,112.17
IN-2023-101801,03-10-2023,09-10-2023,Standard Class,CU-1127,Ashok Nair,Consumer,India,Coimbatore,Tamil Nadu,South,OFF-ART-118,Office Supplies,Art,Art model 118,483.36,2,0.15,135.7
IN-2024-102661,23-05-2024,30-05-2024,Standard Class,CU-1339,Divya Joshi,Consumer,India,Hyderabad,Telangana,South,TEC-ACC-106,Technology,Accessories,Accessories model 106,4326.74,4,0.05,1808.49
IN-2025-104054,25-05-2025,28-05-2025,Second Class,CU-1212,Aarav Kumar,Consumer,India,Chennai,Tamil Nadu,South,OFF-PAP-123,Office Supplies,Paper,Paper model 123,273.35,1,0.05,117.02
IN-2024-103216,27-10-2024,03-11-2024,Standard Class,CU-1004,Neha Verma,Corporate,India,Amritsar,Punjab,North,TEC-PHO-125,Technology,Phones,Phones model 125,32869.77,2,0.0,10615.94
IN-2022-100370,02-06-2022,06-06-2022,Standard Class,CU-1239,Sneha Nair,Corporate,India,Madurai,Tamil Nadu,South,FUR-TAB-125,Furniture,Tables,Tables model 125,33964.59,5,0.15,-526.32
IN-2024-102943,16-08-2024,23-08-2024,Standard Class,CU-1416,Sneha Menon,Corporate,India,Hyderabad,Telangana,South,OFF-STO-104,Office Supplies,Storage,Storage model 104,3818.27,3,0.3,273.44
IN-2024-102818,11-07-2024,12-07-2024,First Class,CU-1589,Lakshmi Nair,Consumer,India,Patna,Bihar,East,OFF-BIN-111,Office Supplies,Binders,Binders model 111,1295.41,3,0.05,521.73
IN-2025-103683,17-02-2025,21-02-2025,Second Class,CU-1348,Deepak Joshi,Corporate,India,Surat,Gujarat,West,OFF-STO-110,Office Supplies,Storage,Storage model 110,4627.08,3,0.0,1454.24
IN-2023-101640,11-08-2023,17-08-2023,Standard Class,CU-1409,Aditya Joshi,Corporate,India,Chennai,Tamil Nadu,South,OFF-ART-103,Office Supplies,Art,Art model 103,773.19,3,0.0,343.8
IN-2022-100860,01-12-2022,07-12-2022,Standard Class,CU-1380,Divya Kumar,Consumer,India,Pune,Maharashtra,West,FUR-TAB-102,Furniture,Tables,Tables model 102,16329.95,2,0.05,803.95
IN-2025-104231,11-07-2025,15-07-2025,Standard Class,CU-1451,Vivaan Das,Consumer,India,Amritsar,Punjab,North,FUR-CHA-131,Furniture,Chairs,Chairs model 131,8337.31,2,0.05,1660.43
IN-2023-101503,21-06-2023,26-06-2023,Standard Class,CU-1486,Karthik Reddy,Consumer,India,Jaipur,Rajasthan,West,TEC-ACC-108,Technology,Accessories,Accessories model 108,709.52,1,0.4,32.31
IN-2023-101672,22-08-2023,27-08-2023,Standard Class,CU-1447,Neha Reddy,Consumer,India,Nagpur,Maharashtra,West,TEC-PHO-135,Technology,Phones,Phones model 135,19358.64,2,0.3,-161.66
IN-2023-101176,06-03-2023,13-03-2023,Standard Class,CU-1528,Suresh Patel,Corporate,India,Surat,Gujarat,West,FUR-BOO-104,Furniture,Bookcases,Bookcases model 104,24883.27,4,0.15,1569.76
IN-2023-101649,14-08-2023,19-08-2023,Standard Class,CU-1223,Aarav Patel,Corporate,India,New Delhi,Delhi,North,FUR-BOO-102,Furniture,Bookcases,Bookcases model 102,30823.23,6,0.25,-75.01
IN-2025-103615,29-01-2025,02-02-2025,Standard Class,CU-1095,Neha Verma,Consumer,India,Jaipur,Rajasthan,West,OFF-BIN-116,Office Supplies,Binders,Binders model 116,1195.87,3,0.15,410.5
IN-2025-103929,20-04-2025,25-04-2025,Standard Class,CU-1123,Isha Menon,Home Office,India,Chennai,Tamil Nadu,South,OFF-PAP-108,Office Supplies,Paper,Paper model 108,343.62,1,0.0,162.07
IN-2024-102799,07-07-2024,14-07-2024,Standard Class,CU-1106,Nisha Rao,Corporate,India,Thiruvananthapuram,Kerala,South,TEC-COP-120,Technology,Copiers,Copiers model 120,162774.1,5,0.0,69978.45
IN-2024-102619,10-05-2024,17-05-2024,Standard Class,CU-1575,Karthik Das,Home Office,India,New Delhi,Delhi,North,TEC-MAC-100,Technology,Machines,Machines model 100,150394.0,8,0.0,24408.38
IN-2024-103459,19-12-2024,21-12-2024,First Class,CU-1366,Isha Patel,Consumer,India,Bengaluru,Karnataka,South,FUR-TAB-108,Furniture,Tables,Tables model 108,51515.22,6,0.1,546.14
IN-2025-103689,19-02-2025,25-02-2025,Standard Class,CU-1430,Pooja Singh,Consumer,India,Lucknow,Uttar Pradesh,North,FUR-FUR-100,Furniture,Furnishings,Furnishings model 100,1586.82,1,0.05,376.69
IN-2024-102776,29-06-2024,06-07-2024,Standard Class,CU-1078,Suresh Sharma,Corporate,India,Jaipur,Rajasthan,West,FUR-TAB-105,Furniture,Tables,Tables model 105,48410.9,5,0.0,2964.22
IN-2025-104537,02-10-2025,05-10-2025,Second Class,CU-1242,Nisha Gupta,Consumer,India,Salem,Tamil Nadu,South,TEC-ACC-114,Technology,Accessories,Accessories model 114,2640.94,2,0.0,1020.76
IN-2022-100320,15-05-2022,20-05-2022,Standard Class,CU-1070,Priya Verma,Consumer,India,Jaipur,Rajasthan,West,FUR-CHA-133,Furniture,Chairs,Chairs model 133,8982.13,2,0.1,1439.16
IN-2024-102564,26-04-2024,28-04-2024,First Class,CU-1587,Meera Reddy,Corporate,India,Jaipur,Rajasthan,West,OFF-STO-111,Office Supplies,Storage,Storage model 111,1464.3,1,0.15,291.26
IN-2025-104622,18-10-2025,19-10-2025,First Class,CU-1480,Suresh Das,Corporate,India,New Delhi,Delhi,North,TEC-COP-105,Technology,Copiers,Copiers model 105,27548.7,1,0.3,5006.54
IN-2024-102646,19-05-2024,23-05-2024,Second Class,CU-1352,Karthik Iyer,Home Office,India,Jaipur,Rajasthan,West,OFF-BIN-124,Office Supplies,Binders,Binders model 124,2303.55,7,0.15,754.09
IN-2024-103320,19-11-2024,21-11-2024,Second Class,CU-1343,Swathi Menon,Consumer,India,Bhubaneswar,Odisha,East,OFF-BIN-104,Office Supplies,Binders,Binders model 104,471.54,1,0.0,191.22
IN-2025-104071,31-05-2025,03-06-2025,First Class,CU-1514,Ravi Shah,Consumer,India,Hyderabad,Telangana,South,OFF-PAP-127,Office Supplies,Paper,Paper model 127,669.73,2,0.0,358.07
IN-2022-100136,10-03-2022,14-03-2022,Second Class,CU-1172,Karthik Pillai,Corporate,India,Patna,Bihar,East,FUR-FUR-112,Furniture,Furnishings,Furnishings model 112,1322.24,1,0.1,304.02
IN-2025-104877,09-12-2025,15-12-2025,Standard Class,CU-1210,Rahul Iyer,Home Office,India,Mumbai,Maharashtra,West,OFF-STO-129,Office Supplies,Storage,Storage model 129,3580.55,2,0.0,1114.8
IN-2023-101651,15-08-2023,22-08-2023,Standard Class,CU-1066,Isha Iyer,Home Office,India,Bengaluru,Karnataka,South,FUR-CHA-112,Furniture,Chairs,Chairs model 112,3999.85,1,0.0,971.02
IN-2024-103405,07-12-2024,07-12-2024,Same Day,CU-1199,Neha Pillai,Consumer,India,Patna,Bihar,East,FUR-CHA-121,Furniture,Chairs,Chairs model 121,13514.88,4,0.2,1968.69
IN-2025-103854,31-03-2025,04-04-2025,Standard Class,CU-1560,Ashok Patel,Home Office,India,Hyderabad,Telangana,South,OFF-PAP-119,Office Supplies,Paper,Paper model 119,523.28,2,0.0,266.35
IN-2022-100356,29-05-2022,05-06-2022,Standard Class,CU-1595,Manoj Iyer,Corporate,India,Mumbai,Maharashtra,West,OFF-ART-109,Office Supplies,Art,Art model 109,553.43,2,0.0,239.41
IN-2024-103073,28-09-2024,02-10-2024,Second Class,CU-1553,Rohit Iyer,Corporate,India,Jaipur,Rajasthan,West,OFF-PAP-135,Office Supplies,Paper,Paper model 135,330.22,1,0.0,147.32
IN-2023-101077,01-02-2023,07-02-2023,Standard Class,CU-1078,Suresh Sharma,Corporate,India,Ahmedabad,Gujarat,West,TEC-ACC-133,Technology,Accessories,Accessories model 133,4005.64,3,0.0,1484.83
IN-2025-104573,10-10-2025,16-10-2025,Standard Class,CU-1155,Ashok Reddy,Consumer,India,Hyderabad,Telangana,South,FUR-FUR-129,Furniture,Furnishings,Furnishings model 129,2220.01,2,0.25,247.59
IN-2025-104934,21-12-2025,27-12-2025,Standard Class,CU-1041,Swathi Menon,Consumer,India,Amritsar,Punjab,North,TEC-ACC-116,Technology,Accessories,Accessories model 116,4645.04,4,0.1,1580.41
IN-2023-102110,23-12-2023,28-12-2023,Standard Class,CU-1514,Ravi Shah,Consumer,India,Thiruvananthapuram,Kerala,South,FUR-CHA-120,Furniture,Chairs,Chairs model 120,7407.18,2,0.2,851.37
IN-2024-103358,26-11-2024,02-12-2024,Standard Class,CU-1178,Priya Nair,Corporate,India,Surat,Gujarat,West,OFF-STO-112,Office Supplies,Storage,Storage model 112,1705.88,1,0.15,466.83
IN-2024-102813,10-07-2024,17-07-2024,Standard Class,CU-1087,Deepak Reddy,Home Office,India,Bhubaneswar,Odisha,East,TEC-PHO-103,Technology,Phones,Phones model 103,15030.34,1,0.05,3473.5
IN-2024-103411,08-12-2024,15-12-2024,Standard Class,CU-1262,Lakshmi Iyer,Corporate,India,Ahmedabad,Gujarat,West,OFF-LAB-110,Office Supplies,Labels,Labels model 110,311.81,3,0.2,97.23
IN-2024-102951,19-08-2024,25-08-2024,Standard Class,CU-1597,Karthik Joshi,Home Office,India,Amritsar,Punjab,North,OFF-LAB-134,Office Supplies,Labels,Labels model 134,289.54,2,0.0,146.63
IN-2025-104127,13-06-2025,15-06-2025,First Class,CU-1280,Swathi Gupta,Consumer,India,Bhubaneswar,Odisha,East,FUR-BOO-136,Furniture,Bookcases,Bookcases model 136,45122.12,7,0.1,5612.78
IN-2023-101898,28-10-2023,31-10-2023,First Class,CU-1450,Swathi Iyer,Corporate,India,Salem,Tamil Nadu,South,OFF-ART-123,Office Supplies,Art,Art model 123,465.4,2,0.0,194.66
IN-2025-104638,21-10-2025,25-10-2025,Standard Class,CU-1240,Ananya Menon,Consumer,India,Mysuru,Karnataka,South,FUR-TAB-128,Furniture,Tables,Tables model 128,69690.23,7,0.0,3400.1
IN-2025-103733,05-03-2025,05-03-2025,Same Day,CU-1281,Aarav Sharma,Consumer,India,Patna,Bihar,East,OFF-ART-138,Office Supplies,Art,Art model 138,461.28,2,0.15,144.85
IN-2024-102980,30-08-2024,06-09-2024,Standard Class,CU-1175,Neha Gupta,Consumer,India,New Delhi,Delhi,North,FUR-BOO-111,Furniture,Bookcases,Bookcases model 111,27616.84,6,0.4,-6811.43
IN-2025-103699,21-02-2025,21-02-2025,Same Day,CU-1150,Meera Verma,Corporate,India,Nagpur,Maharashtra,West,FUR-CHA-111,Furniture,Chairs,Chairs model 111,12299.76,3,0.15,2206.71
IN-2024-102944,16-08-2024,21-08-2024,Standard Class,CU-1505,Ananya Rao,Consumer,India,Jaipur,Rajasthan,West,OFF-ART-129,Office Supplies,Art,Art model 129,1237.41,5,0.0,497.15
IN-2022-100330,19-05-2022,23-05-2022,Second Class,CU-1026,Rahul Iyer,Consumer,India,Thiruvananthapuram,Kerala,South,OFF-PAP-126,Office Supplies,Paper,Paper model 126,787.4,3,0.0,400.19
IN-2022-100824,21-11-2022,25-11-2022,Standard Class,CU-1111,Swathi Patel,Consumer,India,Coimbatore,Tamil Nadu,South,TEC-ACC-138,Technology,Accessories,Accessories model 138,649.54,1,0.4,6.79
IN-2025-104347,11-08-2025,14-08-2025,Second Class,CU-1016,Nisha Verma,Home Office,India,Patna,Bihar,East,OFF-STO-121,Office Supplies,Storage,Storage model 121,6503.59,4,0.0,1976.19
IN-2022-100065,02-02-2022,06-02-2022,Second Class,CU-1362,Arjun Kumar,Home Office,India,Salem,Tamil Nadu,South,TEC-ACC-100,Technology,Accessories,Accessories model 100,3034.89,3,0.15,760.19
IN-2022-100773,11-11-2022,18-11-2022,Standard Class,CU-1553,Rohit Iyer,Corporate,India,Salem,Tamil Nadu,South,FUR-TAB-111,Furniture,Tables,Tables model 111,9730.37,1,0.05,53.96
IN-2024-103008,08-09-2024,14-09-2024,Standard Class,CU-1055,Vivaan Sharma,Home Office,India,Ludhiana,Punjab,North,TEC-PHO-104,Technology,Phones,Phones model 104,52312.35,4,0.15,9008.32
IN-2022-100366,01-06-2022,08-06-2022,Standard Class,CU-1133,Deepak Joshi,,India,Bengaluru,Karnataka,South,FUR-TAB-125,Furniture,Tables,Tables model 125,53111.82,6,0.05,1149.67
IN-2025-103822,25-03-2025,27-03-2025,Second Class,CU-1267,Neha Singh,Corporate,India,Patna,Bihar,East,TEC-PHO-131,Technology,Phones,Phones model 131,30396.89,3,0.25,3870.94
IN-2023-101108,15-02-2023,15-02-2023,Same Day,CU-1367,Manoj Sharma,Consumer,India,Thiruvananthapuram,Kerala,South,OFF-PAP-100,Office Supplies,Paper,Paper model 100,549.54,2,0.05,253.73
IN-2025-104033,18-05-2025,21-05-2025,Second Class,CU-1232,Ashok Shah,Consumer,India,Ludhiana,Punjab,North,OFF-ART-128,Office Supplies,Art,Art model 128,473.57,2,0.05,175.86
IN-2025-104786,18-11-2025,25-11-2025,Standard Class,CU-1277,Suresh Iyer,Home Office,India,Patna,Bihar,East,TEC-COP-111,Technology,Copiers,Copiers model 111,210466.4,7,0.2,65047.51
IN-2025-104670,26-10-2025,29-10-2025,Second Class,CU-1593,Karthik Iyer,Home Office,India,Bengaluru,Karnataka,South,TEC-ACC-108,Technology,Accessories,Accessories model 108,2593.94,2,0.05,829.79
IN-2024-103072,27-09-2024,28-09-2024,First Class,CU-1598,Nisha Joshi,Consumer,India,Jaipur,Rajasthan,West,OFF-ART-124,Office Supplies,Art,Art model 124,390.59,2,0.1,160.61
IN-2024-102296,10-02-2024,16-02-2024,Standard Class,CU-1548,Priya Gupta,Consumer,India,Ahmedabad,Gujarat,West,OFF-LAB-130,Office Supplies,Labels,Labels model 130,136.02,1,0.1,55.5
IN-2022-100670,13-10-2022,17-10-2022,Second Class,CU-1122,Priya Reddy,Corporate,India,New Delhi,Delhi,North,OFF-BIN-116,Office Supplies,Binders,Binders model 116,742.47,3,0.4,47.69
IN-2024-102830,14-07-2024,16-07-2024,Second Class,CU-1191,Karthik Gupta,Home Office,India,Bhubaneswar,Odisha,East,OFF-ART-109,Office Supplies,Art,Art model 109,1218.19,6,0.25,235.53
IN-2023-102017,28-11-2023,02-12-2023,Second Class,CU-1306,Pooja Gupta,Corporate,India,Nagpur,Maharashtra,West,TEC-MAC-121,Technology,Machines,Machines model 121,81732.45,4,0.15,2562.98
IN-2023-101956,12-11-2023,18-11-2023,Standard Class,CU-1276,Priya Das,Consumer,India,Jaipur,Rajasthan,West,FUR-FUR-118,Furniture,Furnishings,Furnishings model 118,4744.63,3,0.0,1224.88
IN-2025-104643,21-10-2025,22-10-2025,First Class,CU-1197,Priya Gupta,Corporate,India,Hyderabad,Telangana,South,FUR-BOO-112,Furniture,Bookcases,Bookcases model 112,8982.49,2,0.25,-562.31
IN-2024-102484,02-04-2024,09-04-2024,Standard Class,CU-1087,Deepak Reddy,Home Office,India,Bengaluru,Karnataka,South,OFF-PAP-108,Office Supplies,Paper,Paper model 108,1016.78,3,0.0,475.57
IN-2022-100401,17-06-2022,21-06-2022,Standard Class,CU-1315,Rohit Gupta,Corporate,India,Thiruvananthapuram,Kerala,South,OFF-STO-118,Office Supplies,Storage,Storage model 118,10186.42,5,0.0,3081.89
IN-2024-103230,31-10-2024,07-11-2024,Standard Class,CU-1211,Suresh Menon,Consumer,India,Mumbai,Maharashtra,West,OFF-BIN-107,Office Supplies,Binders,Binders model 107,325.63,1,0.15,102.16
IN-2022-100614,27-09-2022,29-09-2022,Second Class,CU-1214,Swathi Reddy,Home Office,India,Mysuru,Karnataka,South,OFF-BIN-114,Office Supplies,Binders,Binders model 114,1451.38,3,0.0,587.12
IN-2024-103283,11-11-2024,17-11-2024,Standard Class,CU-1572,Lakshmi Pillai,Home Office,India,New Delhi,Delhi,North,TEC-PHO-130,Technology,Phones,Phones model 130,21356.09,2,0.3,2102.14
IN-2025-103817,25-03-2025,31-03-2025,Standard Class,CU-1536,Lakshmi Joshi,Corporate,India,Ludhiana,Punjab,North,FUR-CHA-131,Furniture,Chairs,Chairs model 131,8493.58,2,0.05,1325.63
IN-2025-104881,09-12-2025,16-12-2025,Standard Class,CU-1471,Ravi Reddy,Home Office,India,Chennai,Tamil Nadu,South,TEC-PHO-120,Technology,Phones,Phones model 120,22975.21,2,0.3,-152.42
IN-2025-103855,31-03-2025,31-03-2025,Same Day,CU-1098,Deepak Iyer,Consumer,India,Salem,Tamil Nadu,South,OFF-ART-127,Office Supplies,Art,Art model 127,387.61,2,0.2,103.98
IN-2023-101818,07-10-2023,14-10-2023,Standard Class,CU-1526,Deepak Rao,Consumer,India,Hyderabad,Telangana,South,TEC-MAC-105,Technology,Machines,Machines model 105,20076.09,1,0.1,2153.15
IN-2022-100505,06-08-2022,06-08-2022,Same Day,CU-1080,Neha Rao,Corporate,India,Hyderabad,Telangana,South,OFF-LAB-110,Office Supplies,Labels,Labels model 110,271.69,3,0.4,35.99
IN-2022-100228,09-04-2022,16-04-2022,Standard Class,CU-1050,Vikram Sharma,Home Office,India,Surat,Gujarat,West,OFF-ART-113,Office Supplies,Art,Art model 113,905.18,5,0.2,236.41
IN-2023-101756,20-09-2023,24-09-2023,Standard Class,CU-1160,Rohit Patel,Home Office,India,New Delhi,Delhi,North,OFF-ART-114,Office Supplies,Art,Art model 114,505.49,2,0.1,154.93
IN-2022-100246,15-04-2022,21-04-2022,Standard Class,CU-1337,Karthik Shah,Corporate,India,Mumbai,Maharashtra,West,TEC-PHO-104,Technology,Phones,Phones model 104,31830.65,2,0.0,7889.85
IN-2023-101636,10-08-2023,11-08-2023,First Class,CU-1257,Rahul Kumar,Consumer,India,Bhubaneswar,Odisha,East,FUR-BOO-118,Furniture,Bookcases,Bookcases model 118,14405.24,2,0.1,1883.97
IN-2024-102698,04-06-2024,10-06-2024,Standard Class,CU-1068,Sneha Gupta,Consumer,India,New Delhi,Delhi,North,TEC-PHO-124,Technology,Phones,Phones model 124,45592.06,3,0.0,13315.77
IN-2023-102003,25-11-2023,30-11-2023,Standard Class,CU-1468,Aarav Verma,Consumer,India,Ludhiana,Punjab,North,OFF-PAP-139,Office Supplies,Paper,Paper model 139,2164.66,7,0.0,1049.06
IN-2022-100375,04-06-2022,08-06-2022,Second Class,CU-1200,Swathi Nair,Consumer,India,Mumbai,Maharashtra,West,FUR-TAB-111,Furniture,Tables,Tables model 111,33183.93,4,0.05,2456.26
IN-2022-100120,02-03-2022,04-03-2022,First Class,CU-1533,Vivaan Patel,Home Office,India,Pune,Maharashtra,West,TEC-MAC-102,Technology,Machines,Machines model 102,70083.17,4,0.1,6433.55
IN-2022-100041,18-01-2022,19-01-2022,First Class,CU-1174,Nisha Shah,Consumer,India,Ahmedabad,Gujarat,West,OFF-PAP-112,Office Supplies,Paper,Paper model 112,292.93,1,0.15,96.32
IN-2025-103530,04-01-2025,10-01-2025,Standard Class,CU-1509,Aditya Rao,Home Office,India,New Delhi,Delhi,North,OFF-STO-135,Office Supplies,Storage,Storage model 135,4736.06,3,0.1,1359.06
IN-2022-100664,11-10-2022,11-10-2022,Same Day,CU-1421,Nisha Kumar,Corporate,India,Nagpur,Maharashtra,West,TEC-ACC-123,Technology,Accessories,Accessories model 123,4217.72,4,0.2,1239.83
IN-2025-104522,26-09-2025,30-09-2025,Second Class,CU-1085,Swathi Patel,Home Office,India,Bhubaneswar,Odisha,East,FUR-FUR-109,Furniture,Furnishings,Furnishings model 109,2374.14,2,0.2,288.71
IN-2022-100647,07-10-2022,12-10-2022,Standard Class,CU-1016,Nisha Verma,Home Office,India,New Delhi,Delhi,North,OFF-PAP-132,Office Supplies,Paper,Paper model 132,578.79,2,0.0,274.89
IN-2024-102579,29-04-2024,03-05-2024,Standard Class,CU-1143,Pooja Gupta,Consumer,India,Surat,Gujarat,West,OFF-ART-101,Office Supplies,Art,Art model 101,215.83,1,0.15,67.69
IN-2023-101436,29-05-2023,01-06-2023,First Class,CU-1315,Rohit Gupta,Corporate,India,Mysuru,Karnataka,South,FUR-BOO-117,Furniture,Bookcases,Bookcases model 117,6506.25,1,0.05,595.32
IN-2024-102671,26-05-2024,30-05-2024,Standard Class,CU-1374,Aarav Patel,Consumer,India,New Delhi,Delhi,North,FUR-FUR-117,Furniture,Furnishings,Furnishings model 117,4318.41,3,0.15,729.67
IN-2024-102814,10-07-2024,14-07-2024,Second Class,CU-1475,Meera Joshi,Consumer,India,Kochi,Kerala,South,TEC-ACC-126,Technology,Accessories,Accessories model 126,1028.68,1,0.05,346.27
IN-2023-102066,11-12-2023,15-12-2023,Standard Class,CU-1380,Divya Kumar,Consumer,India,Noida,Uttar Pradesh,North,FUR-CHA-129,Furniture,Chairs,Chairs model 129,7004.13,2,0.25,170.28
IN-2022-100756,06-11-2022,10-11-2022,Second Class,CU-1302,Pooja Joshi,Corporate,India,Jaipur,Rajasthan,West,FUR-TAB-135,Furniture,Tables,Tables model 135,18337.81,3,0.3,-2824.84
IN-2022-100555,27-08-2022,03-09-2022,Standard Class,CU-1465,RAVI GUPTA,Corporate,India,Bengaluru,Karnataka,South,FUR-BOO-115,Furniture,Bookcases,Bookcases model 115,13178.06,2,0.15,315.19
IN-2024-102343,23-02-2024,26-02-2024,Second Class,CU-1560,Ashok Patel,Home Office,India,Bengaluru,Karnataka,SOUTH ,TEC-PHO-133,Technology,Phones,Phones model 133,14880.4,1,0.05,3448.44
IN-2025-103634,04-02-2025,10-02-2025,Standard Class,CU-1219,Aditya Sharma,Consumer,India,Madurai,Tamil Nadu,South,OFF-LAB-122,Office Supplies,Labels,Labels model 122,675.85,5,0.15,290.77
IN-2025-104813,24-11-2025,30-11-2025,Standard Class,CU-1317,Rohit Kumar,Consumer,India,New Delhi,Delhi,North,OFF-STO-138,Office Supplies,Storage,Storage model 138,1318.21,1,0.15,274.34
IN-2025-104409,26-08-2025,29-08-2025,First Class,CU-1488,Aarav Patel,Corporate,India,Ludhiana,Punjab,North,FUR-TAB-113,Furniture,Tables,Tables model 113,29009.09,3,0.05,496.88
IN-2025-103540,07-01-2025,12-01-2025,Standard Class,CU-1199,Neha Pillai,Consumer,India,Kolkata,West Bengal,East,OFF-BIN-137,Office Supplies,Binders,Binders model 137,348.57,1,0.25,93.27
IN-2022-100803,15-11-2022,18-11-2022,Second Class,CU-1548,Priya Gupta,Consumer,India,New Delhi,Delhi,North,TEC-COP-138,Technology,Copiers,Copiers model 138,121959.27,4,0.2,29167.03
IN-2023-101388,15-05-2023,22-05-2023,Standard Class,CU-1327,Sneha Rao,Consumer,India,Jaipur,Rajasthan,West,OFF-ART-112,Office Supplies,Art,Art model 112,989.17,5,0.1,337.49
IN-2024-102555,23-04-2024,23-04-2024,Same Day,CU-1240,Ananya Menon,Consumer,India,Lucknow,Uttar Pradesh,North,FUR-BOO-110,Furniture,Bookcases,Bookcases model 110,10928.04,2,0.15,338.09
IN-2024-103201,24-10-2024,27-10-2024,First Class,CU-1600,Nisha Patel,Corporate,India,Jaipur,Rajasthan,West,FUR-BOO-120,Furniture,Bookcases,Bookcases model 120,6488.16,1,0.05,1070.78
IN-2023-102037,03-12-2023,07-12-2023,Standard Class,CU-1196,Manoj Menon,Consumer,India,Surat,Gujarat,West,TEC-COP-119,Technology,Copiers,Copiers model 119,136925.19,4,0.1,55362.98
IN-2024-103135,11-10-2024,16-10-2024,Standard Class,CU-1227,Priya Rao,Consumer,India,Kolkata,West Bengal,East,OFF-LAB-128,Office Supplies,Labels,Labels model 128,162.29,1,0.0,85.53
IN-2025-104475,11-09-2025,16-09-2025,Standard Class,CU-1519,Ananya Singh,Consumer,India,Thiruvananthapuram,Kerala,South,OFF-LAB-119,Office Supplies,Labels,Labels model 119,274.21,2,0.05,123.54
IN-2023-101819,08-10-2023,12-10-2023,Second Class,CU-1548,Priya Gupta,Consumer,India,Amritsar,Punjab,North,FUR-FUR-135,Furniture,Furnishings,Furnishings model 135,2046.07,2,0.25,166.8
IN-2022-100379,05-06-2022,07-06-2022,Second Class,CU-1102,Divya Das,Consumer,India,Mumbai,Maharashtra,West,OFF-LAB-109,Office Supplies,Labels,Labels model 109,308.22,2,0.0,146.53
IN-2022-100794,14-11-2022,17-11-2022,Second Class,CU-1353,Aarav Patel,Corporate,India,Lucknow,Uttar Pradesh,North,OFF-LAB-134,Office Supplies,Labels,Labels model 134,163.38,1,0.0,78.06
IN-2022-100606,21-09-2022,27-09-2022,Standard Class,CU-1412,Arjun Patel,Corporate,India,Jaipur,Rajasthan,West,FUR-BOO-133,Furniture,Bookcases,Bookcases model 133,12268.71,2,0.2,529.62
IN-2023-101959,13-11-2023,15-11-2023,Second Class,CU-1051,Ravi Joshi,Corporate,India,Noida,Uttar Pradesh,North,TEC-COP-113,Technology,Copiers,Copiers model 113,93152.64,3,0.05,35976.95
IN-2023-101515,26-06-2023,02-07-2023,Standard Class,CU-1264,Divya Shah,Home Office,India,Noida,Uttar Pradesh,North,OFF-STO-108,Office Supplies,Storage,Storage model 108,14612.14,8,0.0,4344.43
IN-2022-100290,02-05-2022,08-05-2022,Standard Class,CU-1046,Nisha Iyer,Corporate,India,New Delhi,Delhi,North,OFF-PAP-129,Office Supplies,Paper,Paper model 129,878.91,3,0.0,452.16
IN-2023-101272,07-04-2023,10-04-2023,First Class,CU-1022,Sneha Rao,Consumer,India,Ahmedabad,Gujarat,West,OFF-STO-132,Office Supplies,Storage,Storage model 132,7309.19,5,0.25,1273.11
IN-2024-102615,09-05-2024,13-05-2024,Standard Class,CU-1480,Suresh Das,Corporate,India,Bhubaneswar,Odisha,East,OFF-ART-128,Office Supplies,Art,Art model 128,1111.44,7,0.35,114.21
IN-2025-103763,13-03-2025,18-03-2025,Standard Class,CU-1568,Aditya Shah,Consumer,India,Mysuru,Karnataka,South,OFF-PAP-129,Office Supplies,Paper,Paper model 129,585.62,2,0.05,244.12
IN-2025-104684,28-10-2025,04-11-2025,Standard Class,CU-1033,Meera Menon,Corporate,India,New Delhi,Delhi,North,OFF-LAB-131,Office Supplies,Labels,Labels model 131,955.13,7,0.15,378.98
IN-2024-103189,21-10-2024,22-10-2024,First Class,CU-1240,Ananya Menon,Consumer,India,Amritsar,Punjab,North,FUR-BOO-137,Furniture,Bookcases,Bookcases model 137,36269.42,6,0.1,2381.95
IN-2025-104706,01-11-2025,03-11-2025,First Class,CU-1402,Arjun Joshi,Corporate,India,Kochi,Kerala,South,FUR-FUR-126,Furniture,Furnishings,Furnishings model 126,2712.98,2,0.05,690.66
IN-2022-100298,05-05-2022,08-05-2022,First Class,CU-1125,Aditya Singh,Consumer,India,Ludhiana,Punjab,North,OFF-ART-118,Office Supplies,Art,Art model 118,273.31,1,0.0,107.09
IN-2023-101918,02-11-2023,03-11-2023,First Class,CU-1238,Nisha Patel,Consumer,India,Thiruvananthapuram,Kerala,South,TEC-PHO-136,Technology,Phones,Phones model 136,23751.12,2,0.3,1100.18
IN-2025-103715,26-02-2025,02-03-2025,Standard Class,CU-1353,Aarav Patel,Corporate,India,Kolkata,West Bengal,East,TEC-ACC-105,Technology,Accessories,Accessories model 105,7007.31,7,0.1,2263.57
IN-2023-101320,21-04-2023,25-04-2023,Standard Class,CU-1332,Manoj Iyer,Consumer,India,Salem,Tamil Nadu,South,OFF-LAB-115,Office Supplies,Labels,Labels model 115,803.93,6,0.0,414.0
IN-2025-103905,14-04-2025,21-04-2025,Standard Class,CU-1494,Lakshmi Singh,Consumer,India,Hyderabad,Telangana,South,FUR-FUR-116,Furniture,Furnishings,Furnishings model 116,1544.95,1,0.05,466.83
IN-2024-103441,15-12-2024,20-12-2024,Standard Class,CU-1215,Ashok Kumar,Corporate,India,Hyderabad,Telangana,South,OFF-LAB-120,Office Supplies,Labels,Labels model 120,242.58,2,0.15,89.01
IN-2022-100704,23-10-2022,25-10-2022,First Class,CU-1554,Sneha Sharma,Consumer,India,Kochi,Kerala,South,TEC-COP-112,Technology,Copiers,Copiers model 112,33913.57,1,0.05,13069.1
IN-2023-101635,09-08-2023,16-08-2023,Standard Class,CU-1527,Manoj Patel,Consumer,India,New Delhi,Delhi,North,FUR-TAB-107,Furniture,Tables,Tables model 107,8396.06,1,0.05,499.56
IN-2025-104160,22-06-2025,24-06-2025,First Class,CU-1262,Lakshmi Iyer,Corporate,India,Noida,Uttar Pradesh,North,OFF-PAP-113,Office Supplies,Paper,Paper model 113,340.76,2,0.4,38.26
IN-2025-104424,29-08-2025,02-09-2025,Second Class,CU-1043,Vikram Kumar,Consumer,India,Bengaluru,Karnataka,South,FUR-BOO-124,Furniture,Bookcases,Bookcases model 124,6145.17,1,0.15,316.88
IN-2023-101550,09-07-2023,11-07-2023,First Class,CU-1245,Aditya Gupta,Corporate,India,Bhubaneswar,Odisha,East,OFF-PAP-137,Office Supplies,Paper,Paper model 137,1422.2,6,0.3,283.77
IN-2024-102678,27-05-2024,31-05-2024,Standard Class,CU-1245,Aditya Gupta,Corporate,India,Ahmedabad,Gujarat,West,FUR-CHA-117,Furniture,Chairs,Chairs model 117,6814.14,2,0.2,756.99
IN-2025-103722,01-03-2025,04-03-2025,Second Class,CU-1525,Nisha Pillai,Consumer,India,Patna,Bihar,east,OFF-LAB-136,Office Supplies,Labels,Labels model 136,427.6,4,0.25,146.45
IN-2022-100483,28-07-2022,04-08-2022,Standard Class,CU-1382,Sneha Kumar,Consumer,India,Hyderabad,Telangana,South,TEC-COP-135,Technology,Copiers,Copiers model 135,82171.87,3,0.15,25424.87
IN-2024-103360,27-11-2024,02-12-2024,Standard Class,CU-1376,Kavya Reddy,Consumer,India,Hyderabad,Telangana,South,TEC-ACC-102,Technology,Accessories,Accessories model 102,9123.12,7,0.05,3507.05
IN-2025-103830,26-03-2025,31-03-2025,Standard Class,CU-1451,Vivaan Das,Consumer,India,Kolkata,West Bengal,East,OFF-LAB-106,Office Supplies,Labels,Labels model 106,323.8,2,0.05,160.02
IN-2025-104704,01-11-2025,03-11-2025,Second Class,CU-1540,Priya Menon,Consumer,India,Hyderabad,Telangana,South,FUR-FUR-101,Furniture,Furnishings,Furnishings model 101,3267.76,2,0.05,924.37
IN-2025-104725,05-11-2025,09-11-2025,Standard Class,CU-1093,Aarav Verma,Corporate,India,Patna,Bihar,East,FUR-BOO-127,Furniture,Bookcases,Bookcases model 127,17929.35,4,0.25,45.41
IN-2025-103606,27-01-2025,02-02-2025,Standard Class,CU-1551,Ravi Kumar,Consumer,India,Amritsar,Punjab,North,OFF-ART-115,Office Supplies,Art,Art model 115,1883.44,8,0.15,640.46
IN-2023-101008,08-01-2023,10-01-2023,Second Class,CU-1071,Ashok Das,Consumer,India,Surat,Gujarat,West,FUR-CHA-137,Furniture,Chairs,Chairs model 137,4249.44,1,0.15,643.59
IN-2024-102603,05-05-2024,08-05-2024,Second Class,CU-1207,Sneha Sharma,Home Office,India,Bhubaneswar,Odisha,East,OFF-STO-139,Office Supplies,Storage,Storage model 139,3262.42,2,0.05,1091.4
IN-2024-102670,26-05-2024,28-05-2024,First Class,CU-1292,Divya Sharma,Consumer,India,Jaipur,Rajasthan,West,TEC-PHO-126,Technology,Phones,Phones model 126,12929.54,1,0.15,2077.78
IN-2022-100911,12-12-2022,16-12-2022,Standard Class,CU-1341,Aditya Sharma,Consumer,India,Kolkata,West Bengal,East,OFF-PAP-125,Office Supplies,Paper,Paper model 125,913.23,3,0.1,365.52
IN-2024-103319,19-11-2024,21-11-2024,Second Class,CU-1521,Rahul Sharma,Corporate,India,Coimbatore,Tamil Nadu,South,FUR-CHA-103,Furniture,Chairs,Chairs model 103,3880.68,1,0.2,505.51
IN-2024-102686,30-05-2024,03-06-2024,Standard Class,CU-1104,Ashok Sharma,Corporate,India,Surat,Gujarat,West,FUR-BOO-114,Furniture,Bookcases,Bookcases model 114,19444.5,5,0.35,-2656.1
IN-2025-104417,28-08-2025,04-09-2025,Standard Class,CU-1415,Manoj Joshi,Consumer,India,Jaipur,Rajasthan,West,OFF-LAB-129,Office Supplies,Labels,Labels model 129,234.4,2,0.2,87.85
IN-2023-102050,07-12-2023,14-12-2023,Standard Class,CU-1541,Rahul Reddy,Home Office,India,Patna,Bihar,East,OFF-PAP-106,Office Supplies,Paper,Paper model 106,741.35,3,0.1,300.92
IN-2025-103622,01-02-2025,08-02-2025,Standard Class,CU-1186,Rahul Verma,Consumer,India,Nagpur,Maharashtra,West,TEC-MAC-102,Technology,Machines,Machines model 102,45704.1,2,0.0,5272.73
IN-2023-101256,03-04-2023,09-04-2023,Standard Class,CU-1046,Nisha Iyer,Corporate,India,Jaipur,Rajasthan,West,FUR-TAB-129,Furniture,Tables,Tables model 129,12141.41,2,0.4,-3447.22
IN-2024-102981,30-08-2024,02-09-2024,Second Class,CU-1541,Rahul Reddy,Home Office,India,New Delhi,Delhi,North,OFF-LAB-113,Office Supplies,Labels,Labels model 113,560.91,4,0.0,247.09
IN-2024-103473,22-12-2024,23-12-2024,First Class,CU-1074,Nisha Patel,Corporate,India,Patna,Bihar,East,OFF-PAP-104,Office Supplies,Paper,Paper model 104,241.23,1,0.2,78.72
IN-2022-100225,08-04-2022,15-04-2022,Standard Class,CU-1433,Priya Sharma,Home Office,India,Kochi,Kerala,South,TEC-MAC-117,Technology,Machines,Machines model 117,42602.4,2,0.05,5988.14
IN-2023-101368,07-05-2023,13-05-2023,Standard Class,CU-1249,Karthik Nair,Corporate,India,New Delhi,Delhi,North,OFF-ART-110,Office Supplies,Art,Art model 110,237.74,1,0.15,80.39
IN-2025-104422,29-08-2025,31-08-2025,Second Class,CU-1041,Swathi Menon,Consumer,India,Pune,Maharashtra,West,OFF-LAB-129,Office Supplies,Labels,Labels model 129,223.42,2,0.2,87.85
IN-2025-103645,07-02-2025,12-02-2025,Standard Class,CU-1518,Vikram Nair,Corporate,India,New Delhi,Delhi,North,FUR-FUR-104,Furniture,Furnishings,Furnishings model 104,6617.85,5,0.2,1293.84
IN-2024-103273,10-11-2024,11-11-2024,First Class,CU-1278,Nisha Kumar,Consumer,India,Pune,Maharashtra,West,FUR-BOO-136,Furniture,Bookcases,Bookcases model 136,17357.41,3,0.25,-1143.52
IN-2023-101854,17-10-2023,22-10-2023,Standard Class,CU-1266,Isha Rao,Corporate,India,Pune,Maharashtra,west,OFF-LAB-133,Office Supplies,Labels,Labels model 133,121.37,1,0.2,44.1
IN-2023-101284,09-04-2023,14-04-2023,Standard Class,CU-1245,Aditya Gupta,Corporate,India,Hyderabad,Telangana,South,OFF-BIN-104,Office Supplies,Binders,Binders model 104,1473.25,4,0.15,425.96
IN-2023-101931,06-11-2023,09-11-2023,Second Class,CU-1397,Sneha Patel,Consumer,India,Bhubaneswar,Odisha,East,OFF-STO-107,Office Supplies,Storage,Storage model 107,5326.99,5,0.35,314.25
IN-2024-103410,08-12-2024,13-12-2024,Standard Class,CU-1490,Kavya Das,Consumer,India,New Delhi,Delhi,North,FUR-FUR-122,Furniture,Furnishings,Furnishings model 122,2317.72,2,0.1,580.24
IN-2024-102545,21-04-2024,26-04-2024,Standard Class,CU-1397,Sneha Patel,Consumer,India,Ahmedabad,Gujarat,West,FUR-CHA-133,Furniture,Chairs,Chairs model 133,3918.13,1,0.05,463.43
IN-2022-100082,12-02-2022,18-02-2022,Standard Class,CU-1355,Sneha Nair,,India,Lucknow,Uttar Pradesh,North,OFF-STO-134,Office Supplies,Storage,Storage model 134,10230.99,7,0.25,1264.84
IN-2024-102605,05-05-2024,09-05-2024,Standard Class,CU-1472,Sneha Iyer,Consumer,India,Ahmedabad,Gujarat,West,TEC-ACC-119,Technology,Accessories,Accessories model 119,6034.89,6,0.15,1801.53
IN-2025-104081,02-06-2025,07-06-2025,Standard Class,CU-1598,Nisha Joshi,Consumer,India,Bhubaneswar,Odisha,East,FUR-CHA-117,Furniture,Chairs,Chairs model 117,13994.73,3,0.05,2575.77
IN-2025-103803,22-03-2025,22-03-2025,Same Day,CU-1243,Nisha Kumar,Consumer,India,Ahmedabad,Gujarat,West,OFF-BIN-132,Office Supplies,Binders,Binders model 132,470.95,1,0.0,172.53
IN-2023-101674,23-08-2023,29-08-2023,Standard Class,CU-1245,ADITYA GUPTA,Corporate,India,Madurai,Tamil Nadu,South,OFF-STO-124,Office Supplies,Storage,Storage model 124,5594.37,4,0.15,1366.6
IN-2025-104324,05-08-2025,11-08-2025,Standard Class,CU-1363,Neha Sharma,Consumer,India,Patna,Bihar,East,OFF-PAP-123,Office Supplies,Paper,Paper model 123,468.88,2,0.3,104.11
IN-2024-102964,25-08-2024,30-08-2024,Standard Class,CU-1533,Vivaan Patel,Home Office,India,Hyderabad,Telangana,South,FUR-BOO-131,Furniture,Bookcases,Bookcases model 131,53117.24,7,0.05,7581.27
IN-2022-100107,25-02-2022,01-03-2022,Standard Class,CU-1505,Ananya Rao,Consumer,India,Jaipur,Rajasthan,West,OFF-ART-136,Office Supplies,Art,Art model 136,212.88,1,0.0,91.83
IN-2025-103974,04-05-2025,07-05-2025,Second Class,CU-1322,Ravi Kumar,Consumer,India,Hyderabad,Telangana,South,OFF-ART-134,Office Supplies,Art,Art model 134,212.2,1,0.2,47.73
IN-2025-104769,15-11-2025,22-11-2025,Standard Class,CU-1130,Deepak Kumar,Corporate,India,Patna,Bihar,East,OFF-LAB-119,Office Supplies,Labels,Labels model 119,347.56,3,0.15,127.64
IN-2025-103566,17-01-2025,21-01-2025,Standard Class,CU-1579,Divya Kumar,Consumer,India,Jaipur,Rajasthan,West,OFF-PAP-101,Office Supplies,Paper,Paper model 101,846.07,3,0.0,418.77
IN-2024-102474,30-03-2024,02-04-2024,Second Class,CU-1140,Neha Joshi,Home Office,India,Kolkata,West Bengal,East,OFF-ART-107,Office Supplies,Art,Art model 107,388.72,2,0.3,75.64
IN-2024-103131,10-10-2024,15-10-2024,Standard Class,CU-1253,Neha Das,Corporate,India,Thiruvananthapuram,Kerala,South,OFF-LAB-113,Office Supplies,Labels,Labels model 113,260.49,2,0.0,124.24
IN-2024-102250,29-01-2024,31-01-2024,Second Class,CU-1230,Kavya Verma,Corporate,India,Ahmedabad,Gujarat,West,OFF-ART-139,Office Supplies,Art,Art model 139,517.71,2,0.05,185.7
IN-2022-100360,31-05-2022,04-06-2022,Second Class,CU-1236,Lakshmi Nair,Consumer,India,Kolkata,West Bengal,East,TEC-MAC-139,Technology,Machines,Machines model 139,22362.05,1,0.0,3006.27
IN-2024-102444,22-03-2024,29-03-2024,Standard Class,CU-1388,Divya Kumar,Home Office,India,Bhubaneswar,Odisha,East,OFF-STO-103,Office Supplies,Storage,Storage model 103,6531.46,4,0.05,1621.26
IN-2022-100170,22-03-2022,24-03-2022,Second Class,CU-1015,Kavya Iyer,Corporate,India,Kochi,Kerala,south,OFF-BIN-109,Office Supplies,Binders,Binders model 109,297.9,1,0.4,-2.95
IN-2025-104061,27-05-2025,29-05-2025,First Class,CU-1031,Ananya Rao,Consumer,India,Kolkata,West Bengal,East,OFF-BIN-123,Office Supplies,Binders,Binders model 123,1392.23,4,0.1,516.01
IN-2023-101927,05-11-2023,11-11-2023,Standard Class,CU-1373,Aditya Das,Consumer,India,Noida,Uttar Pradesh,North,OFF-BIN-122,Office Supplies,Binders,Binders model 122,799.23,2,0.1,285.68
IN-2023-101224,24-03-2023,29-03-2023,Standard Class,CU-1339,Divya Joshi,Consumer,India,Hyderabad,Telangana,South,OFF-STO-118,Office Supplies,Storage,Storage model 118,1937.04,1,0.0,624.81
IN-2025-103834,27-03-2025,29-03-2025,Second Class,CU-1297,Ananya Patel,Corporate,India,Ludhiana,Punjab,North,TEC-PHO-120,Technology,Phones,Phones model 120,81736.85,6,0.2,8123.12
IN-2024-102895,01-08-2024,06-08-2024,Standard Class,CU-1028,Priya Rao,Corporate,India,Patna,Bihar,East,OFF-STO-122,Office Supplies,Storage,Storage model 122,3396.08,2,0.15,737.71
IN-2024-102266,02-02-2024,08-02-2024,Standard Class,CU-1509,Aditya Rao,Home Office,India,Amritsar,Punjab,North,FUR-TAB-130,Furniture,Tables,Tables model 130,74066.24,8,0.05,7264.69
IN-2023-101860,18-10-2023,24-10-2023,Standard Class,CU-1390,Deepak Verma,Home Office,India,Surat,Gujarat,West,FUR-TAB-137,Furniture,Tables,Tables model 137,27914.5,5,0.35,-5081.92
IN-2023-101193,10-03-2023,12-03-2023,Second Class,CU-1363,Neha Sharma,Consumer,India,Nagpur,Maharashtra,West,OFF-PAP-116,Office Supplies,Paper,Paper model 116,890.23,4,0.3,232.03
IN-2025-103574,19-01-2025,25-01-2025,Standard Class,CU-1496,Pooja Menon,Corporate,India,Kolkata,West Bengal,East,OFF-ART-101,Office Supplies,Art,Art model 101,673.55,3,0.2,187.54
IN-2024-102512,13-04-2024,18-04-2024,Standard Class,CU-1288,Lakshmi Pillai,Consumer,India,Ahmedabad,Gujarat,West,FUR-FUR-138,Furniture,Furnishings,Furnishings model 138,4161.44,3,0.15,757.13
IN-2024-103114,08-10-2024,14-10-2024,Standard Class,CU-1304,Priya Joshi,Consumer,India,Bhubaneswar,Odisha,East,OFF-ART-108,Office Supplies,Art,Art model 108,466.32,2,0.0,186.76
IN-2025-104308,31-07-2025,05-08-2025,Standard Class,CU-1466,Neha Patel,Consumer,India,Surat,Gujarat,West,OFF-PAP-111,Office Supplies,Paper,Paper model 111,1190.14,4,0.1,523.5
IN-2022-100867,03-12-2022,10-12-2022,Standard Class,CU-1324,Priya Kumar,Consumer,India,Pune,Maharashtra,West,FUR-BOO-113,Furniture,Bookcases,Bookcases model 113,4934.08,1,0.35,-568.32
IN-2025-103646,07-02-2025,10-02-2025,First Class,CU-1209,Priya Iyer,Corporate,India,Chennai,Tamil Nadu,South,FUR-FUR-111,Furniture,Furnishings,Furnishings model 111,1280.3,1,0.15,201.29
IN-2025-103862,02-04-2025,09-04-2025,Standard Class,CU-1427,Deepak Pillai,Home Office,India,Surat,Gujarat,West,OFF-ART-123,Office Supplies,Art,Art model 123,641.52,3,0.15,174.93
IN-2022-100342,24-05-2022,26-05-2022,Second Class,CU-1088,Karthik Iyer,Consumer,India,Kolkata,West Bengal,East,TEC-PHO-119,Technology,Phones,Phones model 119,22866.34,2,0.15,2369.5
IN-2023-101144,25-02-2023,01-03-2023,Standard Class,CU-1095,Neha Verma,Consumer,India,New Delhi,Delhi,North,TEC-ACC-120,Technology,Accessories,Accessories model 120,2091.78,2,0.05,707.12
IN-2025-104627,19-10-2025,23-10-2025,Standard Class,CU-1392,Kavya Nair,Corporate,India,Chennai,Tamil Nadu,South,TEC-ACC-130,Technology,Accessories,Accessories model 130,2525.19,2,0.0,976.66
IN-2024-102244,27-01-2024,29-01-2024,Second Class,CU-1072,Priya Shah,Corporate,India,Thiruvananthapuram,Kerala,South,TEC-MAC-132,Technology,Machines,Machines model 132,34323.52,2,0.2,1486.07
IN-2025-104432,31-08-2025,01-09-2025,First Class,CU-1124,Neha Menon,Consumer,India,Hyderabad,Telangana,South,OFF-PAP-101,Office Supplies,Paper,Paper model 101,340.83,1,0.0,161.43
IN-2022-100291,02-05-2022,09-05-2022,Standard Class,CU-1219,Aditya Sharma,Consumer,India,Noida,Uttar Pradesh,North,FUR-FUR-132,Furniture,Furnishings,Furnishings model 132,3228.42,3,0.2,679.11
IN-2025-104891,12-12-2025,16-12-2025,Standard Class,CU-1134,Arjun Patel,Consumer,India,Nagpur,Maharashtra,West,TEC-COP-100,Technology,Copiers,Copiers model 100,241340.84,7,0.0,105378.94
IN-2025-104721,05-11-2025,09-11-2025,Standard Class,CU-1393,Deepak Shah,,India,Lucknow,Uttar Pradesh,North,TEC-PHO-134,Technology,Phones,Phones model 134,24635.41,2,0.15,5046.48
IN-2025-103774,15-03-2025,20-03-2025,Standard Class,CU-1037,Swathi Pillai,Consumer,India,Bhubaneswar,Odisha,East,FUR-BOO-117,Furniture,Bookcases,Bookcases model 117,16928.56,3,0.25,-516.09
IN-2025-104620,17-10-2025,24-10-2025,Standard Class,CU-1471,Ravi Reddy,Home Office,India,Chennai,Tamil Nadu,South,FUR-BOO-104,Furniture,Bookcases,Bookcases model 104,45871.24,6,0.05,5984.94
IN-2023-102077,15-12-2023,20-12-2023,Standard Class,CU-1213,Rahul Menon,Corporate,India,Kolkata,West Bengal,East,TEC-COP-101,Technology,Copiers,Copiers model 101,24398.77,1,0.2,7540.92
IN-2025-104540,02-10-2025,06-10-2025,Standard Class,CU-1251,Rahul Verma,Home Office,India,Hyderabad,Telangana,South,OFF-LAB-138,Office Supplies,Labels,Labels model 138,165.43,1,,77.0
IN-2024-102801,08-07-2024,14-07-2024,Standard Class,CU-1038,Rahul Kumar,Consumer,India,Ludhiana,Punjab,North,TEC-COP-121,Technology,Copiers,Copiers model 121,51045.35,2,0.2,13794.75
IN-2022-100601,20-09-2022,24-09-2022,Standard Class,CU-1568,Aditya Shah,Consumer,India,Bhubaneswar,Odisha,East,TEC-MAC-116,Technology,Machines,Machines model 116,32322.22,2,0.25,-1437.35
IN-2025-103657,10-02-2025,16-02-2025,Standard Class,CU-1125,Aditya Singh,Consumer,India,Noida,Uttar Pradesh,North,OFF-LAB-120,Office Supplies,Labels,Labels model 120,149.83,1,0.05,76.32
IN-2024-102623,11-05-2024,17-05-2024,Standard Class,CU-1444,Ravi Singh,Consumer,India,Lucknow,Uttar Pradesh,North,FUR-CHA-117,Furniture,Chairs,Chairs model 117,12704.4,4,0.3,-35.64
IN-2023-101332,25-04-2023,26-04-2023,First Class,CU-1113,Kavya Patel,Home Office,India,Ludhiana,Punjab,North,TEC-COP-101,Technology,Copiers,Copiers model 101,36136.45,1,0.0,14730.2
IN-2022-100394,12-06-2022,16-06-2022,Second Class,CU-1555,Priya Shah,Consumer,India,Amritsar,Punjab,North,FUR-CHA-118,Furniture,Chairs,Chairs model 118,3277.97,1,0.15,517.07
IN-2025-103738,07-03-2025,13-03-2025,Standard Class,CU-1542,Nisha Joshi,Home Office,India,Bengaluru,Karnataka,South,FUR-CHA-111,Furniture,Chairs,Chairs model 111,7570.95,2,,1719.42
IN-2022-100766,08-11-2022,15-11-2022,Standard Class,CU-1301,Manoj Das,Corporate,India,Pune,Maharashtra,West,OFF-PAP-138,Office Supplies,Paper,Paper model 138,271.99,1,0.2,90.48
IN-2024-102680,28-05-2024,29-05-2024,First Class,CU-1206,Aarav Menon,Corporate,India,Kolkata,West Bengal,East,FUR-FUR-118,Furniture,Furnishings,Furnishings model 118,3942.22,3,0.15,831.06
IN-2025-104499,18-09-2025,21-09-2025,First Class,CU-1140,Neha Joshi,Home Office,India,Amritsar,Punjab,North,TEC-COP-120,Technology,Copiers,Copiers model 120,32230.3,1,0.15,7751.77
IN-2022-100689,19-10-2022,25-10-2022,Standard Class,CU-1138,Divya Rao,Consumer,India,Ludhiana,Punjab,North,FUR-BOO-134,Furniture,Bookcases,Bookcases model 134,27786.56,5,0.2,1075.77
IN-2025-103523,02-01-2025,07-01-2025,Standard Class,CU-1340,Vikram Iyer,Consumer,India,Jaipur,Rajasthan,West,FUR-TAB-110,Furniture,Tables,Tables model 110,26105.6,4,0.2,-575.03
IN-2024-102158,03-01-2024,04-01-2024,First Class,CU-1296,Sneha Joshi,Consumer,India,Surat,Gujarat,West,FUR-BOO-112,Furniture,Bookcases,Bookcases model 112,9538.25,2,0.35,-1338.08
IN-2023-101403,20-05-2023,27-05-2023,Standard Class,CU-1298,Meera Kumar,Consumer,India,Hyderabad,Telangana,South,FUR-TAB-124,Furniture,Tables,Tables model 124,18996.19,3,0.2,-1950.55
IN-2025-104693,29-10-2025,04-11-2025,Standard Class,CU-1016,Nisha Verma,Home Office,India,Salem,Tamil Nadu,South,OFF-PAP-107,Office Supplies,Paper,Paper model 107,2320.52,7,0.0,1068.72
IN-2024-102161,04-01-2024,06-01-2024,Second Class,CU-1455,Rohit Reddy,Consumer,India,Kolkata,West Bengal,East,FUR-FUR-138,Furniture,Furnishings,Furnishings model 138,2450.88,2,0.05,694.51
IN-2024-103272,09-11-2024,13-11-2024,Standard Class,CU-1369,Priya Reddy,Consumer,India,New Delhi,Delhi,North,TEC-ACC-125,Technology,Accessories,Accessories model 125,2889.78,3,0.1,946.29
IN-2024-103292,14-11-2024,19-11-2024,Standard Class,CU-1528,Suresh Patel,Corporate,India,Amritsar,Punjab,North,OFF-PAP-128,Office Supplies,Paper,Paper model 128,273.6,1,0.0,125.76
IN-2022-100205,02-04-2022,09-04-2022,Standard Class,CU-1350,Sneha Menon,Consumer,India,Kolkata,West Bengal,East,OFF-BIN-133,Office Supplies,Binders,Binders model 133,1540.11,4,0.05,641.04
IN-2024-102349,24-02-2024,29-02-2024,Standard Class,CU-1365,Swathi Nair,Consumer,India,Chennai,Tamil Nadu,South,OFF-ART-136,Office Supplies,Art,Art model 136,573.84,2,0.0,238.59
IN-2024-102721,10-06-2024,15-06-2024,Standard Class,CU-1308,Arjun Patel,Corporate,India,Patna,Bihar,East,OFF-PAP-118,Office Supplies,Paper,Paper model 118,256.14,1,0.0,126.95
IN-2025-104971,27-12-2025,01-01-2026,Standard Class,CU-1079,Aditya Patel,Corporate,India,Bhubaneswar,Odisha,East,OFF-LAB-102,Office Supplies,Labels,Labels model 102,636.09,4,0.05,314.19
IN-2025-104293,28-07-2025,30-07-2025,First Class,CU-1447,Neha Reddy,Consumer,India,Bhubaneswar,Odisha,East,TEC-PHO-131,Technology,Phones,Phones model 131,13409.6,1,0.2,1716.44
IN-2022-100700,22-10-2022,25-10-2022,Second Class,CU-1453,Aditya Shah,Corporate,India,Bhubaneswar,Odisha,East,TEC-PHO-120,Technology,Phones,Phones model 120,15865.61,1,0.05,3368.36
IN-2025-103920,17-04-2025,20-04-2025,First Class,CU-1499,Suresh Menon,Consumer,India,Noida,Uttar Pradesh,North,TEC-COP-112,Technology,Copiers,Copiers model 112,30983.25,1,0.0,11579.93
IN-2022-100887,08-12-2022,10-12-2022,First Class,CU-1389,Kavya Menon,Consumer,India,Bhubaneswar,Odisha,East,FUR-FUR-114,Furniture,Furnishings,Furnishings model 114,4287.96,3,0.1,795.25
IN-2023-101874,21-10-2023,25-10-2023,Second Class,CU-1053,Ashok Verma,Corporate,India,Jaipur,Rajasthan,West,OFF-ART-105,Office Supplies,Art,Art model 105,930.37,4,0.05,331.81
IN-2023-101723,07-09-2023,08-09-2023,First Class,CU-1536,Lakshmi Joshi,Corporate,India,Ludhiana,Punjab,North,OFF-BIN-113,Office Supplies,Binders,Binders model 113,1407.51,3,0.0,646.76
IN-2023-101480,15-06-2023,21-06-2023,Standard Class,CU-1538,Manoj Pillai,Consumer,India,Amritsar,Punjab,North,OFF-ART-119,Office Supplies,Art,Art model 119,187.96,1,0.2,52.95
IN-2024-102556,23-04-2024,30-04-2024,Standard Class,CU-1203,Ravi Shah,Home Office,India,Hyderabad,Telangana,South,OFF-STO-104,Office Supplies,Storage,Storage model 104,3247.84,2,0.05,783.72
IN-2024-102998,06-09-2024,10-09-2024,Standard Class,CU-1245,Aditya Gupta,Corporate,India,Patna,Bihar,East,OFF-PAP-101,Office Supplies,Paper,Paper model 101,261.47,1,0.05,112.19
IN-2023-101952,11-11-2023,16-11-2023,Standard Class,CU-1064,Karthik Patel,Consumer,India,Jaipur,Rajasthan,West,FUR-CHA-137,Furniture,Chairs,Chairs model 137,3873.23,1,0.05,587.49
IN-2023-101338,26-04-2023,01-05-2023,Standard Class,CU-1046,Nisha Iyer,Corporate,India,Patna,Bihar,East,TEC-PHO-132,Technology,Phones,Phones model 132,50891.9,3,,12510.73
IN-2025-104384,20-08-2025,24-08-2025,Standard Class,CU-1363,Neha Sharma,Consumer,India,New Delhi,Delhi,North,OFF-LAB-116,Office Supplies,Labels,Labels model 116,495.65,5,0.3,136.06
IN-2023-101612,31-07-2023,04-08-2023,Standard Class,CU-1426,Ashok Iyer,Consumer,India,Mumbai,Maharashtra,West,OFF-LAB-105,Office Supplies,Labels,Labels model 105,723.81,5,0.1,349.3
IN-2023-101481,15-06-2023,22-06-2023,Standard Class,CU-1132,Suresh Patel,Consumer,India,Pune,Maharashtra,West,OFF-PAP-136,Office Supplies,Paper,Paper model 136,614.83,2,0.0,293.06
IN-2025-104946,23-12-2025,28-12-2025,Standard Class,CU-1362,Arjun Kumar,Home Office,India,Kochi,Kerala,South,TEC-MAC-100,Technology,Machines,Machines model 100,19320.5,1,0.2,9.42
IN-2025-103603,26-01-2025,27-01-2025,First Class,CU-1171,Neha Iyer,Home Office,India,Coimbatore,Tamil Nadu,South,OFF-LAB-115,Office Supplies,Labels,Labels model 115,141.98,1,0.1,54.35
IN-2025-103799,21-03-2025,26-03-2025,Standard Class,CU-1536,Lakshmi Joshi,Corporate,India,Surat,Gujarat,West,OFF-PAP-110,Office Supplies,Paper,Paper model 110,612.92,2,0.0,295.95
IN-2022-100013,06-01-2022,09-01-2022,Second Class,CU-1126,Aditya Menon,Home Office,India,Bengaluru,Karnataka,South,FUR-BOO-134,Furniture,Bookcases,Bookcases model 134,10796.2,2,0.15,44.69
IN-2024-102580,30-04-2024,07-05-2024,Standard Class,CU-1473,Vivaan Nair,Consumer,India,Hyderabad,Telangana,South,TEC-PHO-100,Technology,Phones,Phones model 100,38715.92,3,0.2,6243.22
IN-2025-103762,13-03-2025,19-03-2025,Standard Class,CU-1428,Ashok Reddy,Consumer,India,Patna,Bihar,East,OFF-LAB-131,Office Supplies,Labels,Labels model 131,463.4,3,0.1,202.73
IN-2023-101905,30-10-2023,05-11-2023,Standard Class,CU-1042,Ananya Pillai,Consumer,India,Noida,Uttar Pradesh,North,FUR-TAB-133,Furniture,Tables,Tables model 133,21820.94,3,0.1,-591.16
IN-2025-104952,24-12-2025,26-12-2025,First Class,CU-1213,Rahul Menon,Corporate,India,Surat,Gujarat,West,FUR-CHA-135,Furniture,Chairs,Chairs model 135,11771.28,3,0.15,1300.73
IN-2024-102177,08-01-2024,15-01-2024,Standard Class,CU-1170,Meera Sharma,Home Office,India,Jaipur,Rajasthan,West,OFF-BIN-132,Office Supplies,Binders,Binders model 132,2163.58,5,0.05,966.49
IN-2023-101553,10-07-2023,13-07-2023,First Class,CU-1358,Ashok Verma,Consumer,India,Ahmedabad,Gujarat,West,TEC-PHO-123,Technology,Phones,Phones model 123,36724.61,3,0.15,7035.04
IN-2024-102874,28-07-2024,03-08-2024,Standard Class,CU-1232,Ashok Shah,Consumer,India,Patna,Bihar,East,TEC-COP-130,Technology,Copiers,Copiers model 130,112726.05,3,0.05,46527.16
IN-2024-103046,18-09-2024,22-09-2024,Standard Class,CU-1569,Suresh Nair,Consumer,India,Thiruvananthapuram,Kerala,South,TEC-COP-120,Technology,Copiers,Copiers model 120,51900.24,2,0.15,15554.13
IN-2022-100852,28-11-2022,30-11-2022,Second Class,CU-1054,Isha Nair,Consumer,India,Bhubaneswar,Odisha,East,FUR-FUR-128,Furniture,Furnishings,Furnishings model 128,5102.78,4,0.1,944.37
IN-2022-100793,14-11-2022,18-11-2022,Standard Class,CU-1517,Meera Das,Home Office,India,Thiruvananthapuram,Kerala,South,OFF-ART-137,Office Supplies,Art,Art model 137,930.79,5,0.2,211.3
IN-2023-101184,09-03-2023,11-03-2023,Second Class,CU-1270,Lakshmi Iyer,Home Office,India,Amritsar,Punjab,North,OFF-ART-128,Office Supplies,Art,Art model 128,493.26,2,0.0,198.91
IN-2024-103101,04-10-2024,05-10-2024,First Class,CU-1433,Priya Sharma,Home Office,India,Bengaluru,Karnataka,South,FUR-TAB-132,Furniture,Tables,Tables model 132,39172.66,5,0.05,1755.55
IN-2023-101389,16-05-2023,21-05-2023,Standard Class,CU-1145,Nisha Das,Consumer,India,Bengaluru,Karnataka,South,OFF-ART-116,Office Supplies,Art,Art model 116,212.73,1,0.0,80.23
IN-2022-100907,12-12-2022,15-12-2022,First Class,CU-1189,Aditya Shah,Consumer,India,Ludhiana,Punjab,North,TEC-COP-123,Technology,Copiers,Copiers model 123,32267.85,1,0.05,11446.4
IN-2024-103386,02-12-2024,04-12-2024,Second Class,CU-1300,Lakshmi Shah,Corporate,India,Mumbai,Maharashtra,West,OFF-ART-116,Office Supplies,Art,Art model 116,182.11,1,0.25,37.48
IN-2022-100569,02-09-2022,07-09-2022,Standard Class,CU-1444,Ravi Singh,Consumer,India,Amritsar,Punjab,North,TEC-ACC-108,Technology,Accessories,Accessories model 108,8020.77,8,0.1,2370.68
IN-2025-104400,25-08-2025,31-08-2025,Standard Class,CU-1367,Manoj Sharma,Consumer,India,Amritsar,Punjab,North,OFF-PAP-131,Office Supplies,Paper,Paper model 131,662.57,2,0.0,319.69
IN-2025-104183,26-06-2025,03-07-2025,Standard Class,CU-1100,Vivaan Iyer,Consumer,India,Jaipur,Rajasthan,West,TEC-ACC-133,Technology,Accessories,Accessories model 133,3096.62,3,0.05,1098.69
IN-2024-102491,05-04-2024,12-04-2024,Standard Class,CU-1349,Swathi Verma,Corporate,India,Jaipur,Rajasthan,West,OFF-STO-127,Office Supplies,Storage,Storage model 127,1874.93,1,0.05,580.29
IN-2025-103996,09-05-2025,15-05-2025,Standard Class,CU-1376,Kavya Reddy,Consumer,India,Bengaluru,Karnataka,South,TEC-MAC-123,Technology,Machines,Machines model 123,71980.22,4,0.1,2876.35
IN-2024-102786,03-07-2024,08-07-2024,Standard Class,CU-1188,Suresh Iyer,Consumer,India,Mysuru,Karnataka,South,OFF-BIN-139,Office Supplies,Binders,Binders model 139,1348.78,3,0.0,628.61
IN-2024-103198,23-10-2024,25-10-2024,Second Class,CU-1005,Divya Sharma,Consumer,India,Ludhiana,Punjab,North,FUR-TAB-129,Furniture,Tables,Tables model 129,7794.96,1,0.2,-563.08
IN-2024-102946,16-08-2024,19-08-2024,First Class,CU-1153,Swathi Pillai,Consumer,India,Mysuru,Karnataka,South,OFF-STO-133,Office Supplies,Storage,Storage model 133,3078.67,2,0.2,605.43
IN-2024-102270,03-02-2024,05-02-2024,First Class,CU-1509,Aditya Rao,Home Office,India,Jaipur,Rajasthan,West,FUR-BOO-139,Furniture,Bookcases,Bookcases model 139,5565.65,1,0.2,80.14
IN-2023-101894,28-10-2023,02-11-2023,Standard Class,CU-1373,Aditya Das,Consumer,India,Bengaluru,Karnataka,South,FUR-BOO-112,Furniture,Bookcases,Bookcases model 112,9659.99,2,0.25,-33.51
IN-2025-103737,06-03-2025,10-03-2025,Standard Class,CU-1140,Neha Joshi,Home Office,India,Bengaluru,Karnataka,South,FUR-FUR-103,Furniture,Furnishings,Furnishings model 103,4592.29,3,0.05,1236.29
IN-2024-103487,25-12-2024,01-01-2025,Standard Class,CU-1534,Divya Singh,Corporate,India,Ludhiana,Punjab,North,FUR-CHA-113,Furniture,Chairs,Chairs model 113,10299.33,3,0.25,495.68
IN-2025-104406,26-08-2025,26-08-2025,Same Day,CU-1460,Nisha Patel,Corporate,India,Kochi,Kerala,South,TEC-COP-114,Technology,Copiers,Copiers model 114,47817.11,2,0.2,12559.23
IN-2022-100489,30-07-2022,03-08-2022,Second Class,CU-1103,Nisha Kumar,Consumer,India,Hyderabad,Telangana,South,TEC-PHO-118,Technology,Phones,Phones model 118,71975.48,6,0.1,13947.15
IN-2022-100258,20-04-2022,24-04-2022,Standard Class,CU-1131,Vikram Iyer,Home Office,India,New Delhi,Delhi,North,TEC-MAC-130,Technology,Machines,Machines model 130,47583.57,2,0.0,6371.58
IN-2022-100745,03-11-2022,10-11-2022,Standard Class,CU-1427,Deepak Pillai,Home Office,India,New Delhi,Delhi,North,OFF-STO-125,Office Supplies,Storage,Storage model 125,1403.91,1,0.25,181.4
IN-2022-100433,05-07-2022,07-07-2022,First Class,CU-1284,Isha Verma,Consumer,India,Surat,Gujarat,West,FUR-FUR-104,Furniture,Furnishings,Furnishings model 104,2637.43,2,0.05,778.97
IN-2022-100688,19-10-2022,23-10-2022,Standard Class,CU-1485,Ravi Gupta,Consumer,India,Kolkata,West Bengal,East,FUR-BOO-131,Furniture,Bookcases,Bookcases model 131,4380.66,1,0.3,-190.4
IN-2025-104261,21-07-2025,27-07-2025,Standard Class,CU-1192,Ravi Verma,Consumer,India,Bhubaneswar,Odisha,East,OFF-ART-116,Office Supplies,Art,Art model 116,860.12,5,0.35,71.32
IN-2025-103571,18-01-2025,24-01-2025,Standard Class,CU-1066,Isha Iyer,Home Office,India,Surat,Gujarat,West,OFF-STO-100,Office Supplies,Storage,Storage model 100,4794.73,4,0.3,238.81
IN-2024-102198,15-01-2024,19-01-2024,Standard Class,CU-1052,Priya Reddy,Home Office,India,New Delhi,Delhi,North,OFF-PAP-110,Office Supplies,Paper,Paper model 110,825.57,3,0.0,354.4
IN-2025-104286,26-07-2025,30-07-2025,Second Class,CU-1448,Priya Verma,Home Office,India,Pune,Maharashtra,West,TEC-ACC-135,Technology,Accessories,Accessories model 135,2968.81,4,0.4,-29.72
IN-2024-102757,20-06-2024,26-06-2024,Standard Class,CU-1163,Swathi Pillai,Corporate,India,New Delhi,Delhi,North,OFF-LAB-131,Office Supplies,Labels,Labels model 131,865.27,7,0.05,380.22
IN-2025-104761,14-11-2025,16-11-2025,Second Class,CU-1250,Kavya Singh,Consumer,India,Bhubaneswar,Odisha,East,FUR-BOO-105,Furniture,Bookcases,Bookcases model 105,25731.7,4,0.15,314.49
IN-2024-103306,17-11-2024,21-11-2024,Second Class,CU-1206,Aarav Menon,Corporate,India,Pune,Maharashtra,West,TEC-MAC-133,Technology,Machines,Machines model 133,125522.76,5,0.0,17593.39
IN-2024-102347,24-02-2024,26-02-2024,First Class,CU-1104,Ashok Sharma,Corporate,India,Jaipur,Rajasthan,West,OFF-BIN-127,Office Supplies,Binders,Binders model 127,833.18,2,0.05,306.49
IN-2023-101775,27-09-2023,04-10-2023,Standard Class,CU-1121,Suresh Pillai,Corporate,India,Surat,Gujarat,West,OFF-BIN-105,Office Supplies,Binders,Binders model 105,480.19,2,0.4,6.61
IN-2025-103880,06-04-2025,10-04-2025,Standard Class,CU-1337,Karthik Shah,Corporate,India,Pune,Maharashtra,West,OFF-BIN-126,Office Supplies,Binders,Binders model 126,1956.04,4,0.0,830.6
IN-2025-104316,03-08-2025,07-08-2025,Standard Class,CU-1505,Ananya Rao,Consumer,India,Madurai,Tamil Nadu,South,OFF-STO-139,Office Supplies,Storage,Storage model 139,6618.55,4,0.0,1897.23
IN-2023-101398,19-05-2023,24-05-2023,Standard Class,CU-1533,Vivaan Patel,Home Office,India,Jaipur,Rajasthan,West,FUR-CHA-125,Furniture,Chairs,Chairs model 125,4823.9,1,0.05,766.38
IN-2023-102146,31-12-2023,02-01-2024,First Class,CU-1255,Ravi Das,Consumer,India,Nagpur,Maharashtra,West,OFF-ART-129,Office Supplies,Art,Art model 129,904.27,4,0.05,357.61
IN-2024-102519,15-04-2024,19-04-2024,Standard Class,CU-1467,Rahul Nair,Corporate,India,Bhubaneswar,Odisha,East,OFF-PAP-124,Office Supplies,Paper,Paper model 124,882.66,4,0.15,324.78
IN-2024-102417,17-03-2024,17-03-2024,Same Day,CU-1492,Rahul Verma,Consumer,India,Mumbai,Maharashtra,West,OFF-ART-122,Office Supplies,Art,Art model 122,200.23,1,0.15,56.39
IN-2022-100508,08-08-2022,13-08-2022,Standard Class,CU-1553,Rohit Iyer,Corporate,India,Mumbai,Maharashtra,West,OFF-PAP-138,Office Supplies,Paper,Paper model 138,658.32,3,0.15,257.23
IN-2022-100765,08-11-2022,15-11-2022,Standard Class,CU-1207,Sneha Sharma,Home Office,India,Mumbai,Maharashtra,West,FUR-TAB-118,Furniture,Tables,Tables model 118,23315.7,3,0.1,1160.3
IN-2024-103276,10-11-2024,13-11-2024,Second Class,CU-1183,Divya Menon,Consumer,India,Pune,Maharashtra,West,OFF-PAP-110,Office Supplies,Paper,Paper model 110,531.11,2,0.1,215.72
IN-2023-101217,22-03-2023,27-03-2023,Standard Class,CU-1552,Priya Verma,Home Office,India,Surat,Gujarat,West,TEC-MAC-130,Technology,Machines,Machines model 130,77341.55,4,0.05,6771.21
IN-2023-101771,25-09-2023,01-10-2023,Standard Class,CU-1108,Aarav Rao,Corporate,India,Pune,Maharashtra,West,OFF-PAP-112,Office Supplies,Paper,Paper model 112,246.27,1,0.15,89.15
IN-2025-104917,18-12-2025,22-12-2025,Standard Class,CU-1076,Ravi Pillai,Home Office,India,Jaipur,Rajasthan,West,FUR-CHA-113,Furniture,Chairs,Chairs model 113,18947.71,5,0.1,3109.63
IN-2024-102735,14-06-2024,16-06-2024,First Class,CU-1548,Priya Gupta,Consumer,India,New Delhi,Delhi,North,TEC-PHO-119,Technology,Phones,Phones model 119,79050.49,6,0.0,21852.26
IN-2022-100579,09-09-2022,15-09-2022,Standard Class,CU-1521,Rahul Sharma,Corporate,India,Pune,Maharashtra,West,FUR-CHA-134,Furniture,Chairs,Chairs model 134,4355.96,1,0.15,342.8
IN-2023-101610,30-07-2023,06-08-2023,Standard Class,CU-1433,Priya Sharma,Home Office,India,Ahmedabad,Gujarat,West,OFF-STO-138,Office Supplies,Storage,Storage model 138,3564.96,2,0.0,1131.8
IN-2025-103600,26-01-2025,01-02-2025,Standard Class,CU-1213,Rahul Menon,Corporate,India,Jaipur,Rajasthan,West,FUR-BOO-107,Furniture,Bookcases,Bookcases model 107,6335.1,1,0.2,-17.64
IN-2023-102080,16-12-2023,20-12-2023,Standard Class,CU-1067,Swathi Gupta,Consumer,India,Hyderabad,Telangana,South,OFF-LAB-123,Office Supplies,Labels,Labels model 123,1091.0,7,0.0,563.24
IN-2025-104244,14-07-2025,17-07-2025,Second Class,CU-1250,Kavya Singh,Consumer,India,Noida,Uttar Pradesh,North,FUR-TAB-139,Furniture,Tables,Tables model 139,15568.34,2,0.05,108.31
IN-2024-103361,27-11-2024,01-12-2024,Standard Class,CU-1183,Divya Menon,Consumer,India,New Delhi,Delhi,North,TEC-COP-137,Technology,Copiers,Copiers model 137,28421.95,1,0.15,9635.71
IN-2025-104809,23-11-2025,28-11-2025,Standard Class,CU-1505,Ananya Rao,Consumer,India,New Delhi,Delhi,North,OFF-PAP-120,Office Supplies,Paper,Paper model 120,311.46,1,0.0,153.71
IN-2023-101799,03-10-2023,04-10-2023,First Class,CU-1375,Kavya Verma,Home Office,India,Kochi,Kerala,South,OFF-LAB-104,Office Supplies,Labels,Labels model 104,395.35,3,0.0,189.64
IN-2025-104611,16-10-2025,22-10-2025,Standard Class,CU-1503,Isha Menon,Consumer,India,Surat,Gujarat,West,OFF-LAB-115,Office Supplies,Labels,Labels model 115,234.26,2,0.3,66.41
IN-2025-104723,05-11-2025,10-11-2025,Standard Class,CU-1276,Priya Das,Consumer,India,Kochi,Kerala,South,OFF-ART-128,Office Supplies,Art,Art model 128,786.86,4,0.15,222.19
IN-2023-101289,11-04-2023,16-04-2023,Standard Class,CU-1046,Nisha Iyer,Corporate,India,Bhubaneswar,Odisha,East,OFF-ART-127,Office Supplies,Art,Art model 127,724.39,3,0.05,243.6
IN-2022-100240,13-04-2022,18-04-2022,Standard Class,CU-1278,Nisha Kumar,Consumer,India,New Delhi,Delhi,North,TEC-PHO-117,Technology,Phones,Phones model 117,14174.24,1,0.0,4703.62
IN-2025-104169,24-06-2025,29-06-2025,Standard Class,CU-1034,Aditya Gupta,Consumer,India,Jaipur,Rajasthan,West,OFF-LAB-118,Office Supplies,Labels,Labels model 118,115.64,1,0.1,52.38
IN-2023-101746,14-09-2023,18-09-2023,Standard Class,CU-1496,Pooja Menon,Corporate,India,Madurai,Tamil Nadu,South,TEC-COP-122,Technology,Copiers,Copiers model 122,38631.23,1,0.0,14416.49
IN-2024-102765,23-06-2024,27-06-2024,Standard Class,CU-1363,Neha Sharma,Consumer,India,Jaipur,Rajasthan,West,TEC-MAC-117,Technology,Machines,Machines model 117,17694.3,1,0.1,1235.91
IN-2023-101600,27-07-2023,31-07-2023,Standard Class,CU-1198,Kavya Kumar,Consumer,India,Thiruvananthapuram,Kerala,South,TEC-ACC-108,Technology,Accessories,Accessories model 108,3199.66,4,0.4,215.89
IN-2025-103913,16-04-2025,21-04-2025,Standard Class,CU-1600,Nisha Patel,Corporate,India,Mumbai,Maharashtra,West,OFF-ART-138,Office Supplies,Art,Art model 138,215.01,1,0.0,89.44
IN-2024-102528,17-04-2024,21-04-2024,Second Class,CU-1004,Neha Verma,Corporate,India,Mysuru,Karnataka,South,OFF-BIN-119,Office Supplies,Binders,Binders model 119,303.85,1,0.4,32.14
IN-2024-103116,08-10-2024,12-10-2024,Standard Class,CU-1225,Divya Kumar,Corporate,India,Amritsar,Punjab,North,TEC-ACC-106,Technology,Accessories,Accessories model 106,2073.98,2,0.15,571.21
IN-2023-101779,29-09-2023,04-10-2023,Standard Class,CU-1262,Lakshmi Iyer,Corporate,India,Salem,Tamil Nadu,South,FUR-BOO-132,Furniture,Bookcases,Bookcases model 132,6978.27,1,,792.28
IN-2024-102573,28-04-2024,02-05-2024,Standard Class,CU-1500,Kavya Shah,Consumer,India,New Delhi,Delhi,North,TEC-ACC-103,Technology,Accessories,Accessories model 103,731.27,1,0.3,72.47
IN-2022-100904,12-12-2022,17-12-2022,Standard Class,CU-1012,Vivaan Shah,Home Office,India,New Delhi,Delhi,North,TEC-MAC-135,Technology,Machines,Machines model 135,36393.3,2,0.1,3173.48
IN-2023-101449,03-06-2023,07-06-2023,Standard Class,CU-1021,Nisha Nair,Home Office,India,Jaipur,Rajasthan,West,FUR-BOO-106,Furniture,Bookcases,Bookcases model 106,14659.33,2,0.05,3622.04
IN-2023-101870,21-10-2023,23-10-2023,Second Class,CU-1390,Deepak Verma,Home Office,India,Coimbatore,Tamil Nadu,South,OFF-STO-134,Office Supplies,Storage,Storage model 134,1555.53,1,0.1,369.26
IN-2023-101560,13-07-2023,19-07-2023,Standard Class,CU-1278,Nisha Kumar,Consumer,India,Ahmedabad,Gujarat,West,OFF-LAB-114,Office Supplies,Labels,Labels model 114,235.61,2,0.3,74.58
IN-2022-100556,28-08-2022,29-08-2022,First Class,CU-1329,Isha Pillai,Consumer,India,Jaipur,Rajasthan,West,OFF-BIN-119,Office Supplies,Binders,Binders model 119,807.56,2,0.0,359.23
IN-2023-101312,18-04-2023,22-04-2023,Standard Class,CU-1404,Pooja Rao,Consumer,India,Bhubaneswar,Odisha,East,OFF-LAB-134,Office Supplies,Labels,Labels model 134,110.41,1,0.15,42.63
IN-2022-100201,31-03-2022,04-04-2022,Standard Class,CU-1345,Swathi Verma,Corporate,India,Lucknow,Uttar Pradesh,North,TEC-ACC-101,Technology,Accessories,Accessories model 101,1014.29,1,0.1,326.96
IN-2022-100804,16-11-2022,19-11-2022,Second Class,CU-1084,Suresh Pillai,Corporate,India,Mumbai,Maharashtra,West,TEC-COP-121,Technology,Copiers,Copiers model 121,72885.22,2,0.0,27901.61
IN-2024-102827,14-07-2024,16-07-2024,Second Class,CU-1179,Neha Verma,Corporate,India,Kochi,Kerala,South,OFF-LAB-133,Office Supplies,Labels,Labels model 133,1287.8,8,0.05,609.77
IN-2025-104523,27-09-2025,29-09-2025,First Class,CU-1006,Divya Singh,Home Office,India,Lucknow,Uttar Pradesh,North,TEC-PHO-136,Technology,Phones,Phones model 136,48271.02,3,0.0,11012.76
IN-2024-102541,20-04-2024,24-04-2024,Standard Class,CU-1003,Rohit Sharma,Home Office,India,Mysuru,Karnataka,South,OFF-BIN-113,Office Supplies,Binders,Binders model 113,1530.9,4,0.0,597.86
IN-2024-102749,19-06-2024,23-06-2024,Second Class,CU-1521,Rahul Sharma,Corporate,India,Ludhiana,Punjab,North,OFF-PAP-128,Office Supplies,Paper,Paper model 128,666.63,2,0.0,359.82
IN-2024-102527,16-04-2024,20-04-2024,Standard Class,CU-1589,Lakshmi Nair,Consumer,India,Mysuru,Karnataka,south,OFF-PAP-112,Office Supplies,Paper,Paper model 112,1029.76,3,0.0,478.22
IN-2022-100344,25-05-2022,31-05-2022,Standard Class,CU-1381,Manoj Rao,Consumer,India,Patna,Bihar,East,FUR-BOO-122,Furniture,Bookcases,Bookcases model 122,31553.39,6,0.2,1584.03
IN-2023-101331,25-04-2023,29-04-2023,Second Class,CU-1330,Lakshmi Gupta,Consumer,India,Bengaluru,Karnataka,South,OFF-PAP-105,Office Supplies,Paper,Paper model 105,1528.23,5,0.0,726.69
IN-2024-103247,05-11-2024,08-11-2024,Second Class,CU-1275,Rahul Verma,Consumer,India,Ludhiana,Punjab,North,FUR-BOO-114,Furniture,Bookcases,Bookcases model 114,19155.99,3,0.05,2140.05
IN-2025-104658,24-10-2025,25-10-2025,First Class,CU-1382,Sneha Kumar,Consumer,India,Ahmedabad,Gujarat,West,FUR-BOO-121,Furniture,Bookcases,Bookcases model 121,6247.67,1,0.05,1071.68
IN-2024-102926,10-08-2024,14-08-2024,Standard Class,CU-1015,Kavya Iyer,Corporate,India,Jaipur,Rajasthan,West,OFF-BIN-115,Office Supplies,Binders,Binders model 115,427.11,1,0.0,183.01
IN-2025-104161,22-06-2025,26-06-2025,Standard Class,CU-1511,Suresh Joshi,Corporate,India,Amritsar,Punjab,North,TEC-ACC-107,Technology,Accessories,Accessories model 107,5039.0,4,0.0,1584.96
IN-2025-104002,12-05-2025,19-05-2025,Standard Class,CU-1487,Ravi Sharma,Home Office,India,Kolkata,West Bengal,East,FUR-CHA-131,Furniture,Chairs,Chairs model 131,6916.03,2,0.3,-117.7
IN-2024-103275,10-11-2024,15-11-2024,Standard Class,CU-1228,Ravi Sharma,Consumer,India,Hyderabad,Telangana,South,FUR-FUR-132,Furniture,Furnishings,Furnishings model 132,1323.51,1,0.05,346.59
IN-2025-104800,22-11-2025,29-11-2025,Standard Class,CU-1528,Suresh Patel,Corporate,India,Kolkata,West Bengal,East,FUR-TAB-125,Furniture,Tables,Tables model 125,12446.12,2,0.25,-961.29
IN-2023-101941,09-11-2023,15-11-2023,Standard Class,CU-1221,Aditya Pillai,Consumer,India,Thiruvananthapuram,Kerala,South,OFF-STO-113,Office Supplies,Storage,Storage model 113,1640.68,1,0.2,330.63
IN-2025-103756,12-03-2025,13-03-2025,First Class,CU-1418,Kavya Rao,Corporate,India,Jaipur,Rajasthan,West,FUR-TAB-115,Furniture,Tables,Tables model 115,48100.66,5,0.0,3275.21
IN-2025-104812,24-11-2025,30-11-2025,Standard Class,CU-1345,Swathi Verma,Corporate,India,Bengaluru,Karnataka,South,OFF-PAP-116,Office Supplies,Paper,Paper model 116,447.12,2,0.25,139.27
IN-2023-101577,18-07-2023,22-07-2023,Standard Class,CU-1271,Nisha Shah,Corporate,India,Bhubaneswar,Odisha,East,OFF-STO-128,Office Supplies,Storage,Storage model 128,7548.62,4,0.05,2180.2
IN-2024-102406,12-03-2024,16-03-2024,Standard Class,CU-1479,Aarav Verma,Consumer,India,Patna,Bihar,East,OFF-BIN-132,Office Supplies,Binders,Binders model 132,427.34,1,0.1,151.33
IN-2024-102192,13-01-2024,15-01-2024,First Class,CU-1125,Aditya Singh,Consumer,India,Mysuru,Karnataka,South,TEC-ACC-100,Technology,Accessories,Accessories model 100,6894.89,6,0.05,2457.41
IN-2022-100760,07-11-2022,14-11-2022,Standard Class,CU-1252,Arjun Joshi,Consumer,India,Patna,Bihar,East,OFF-STO-119,Office Supplies,Storage,Storage model 119,7617.93,4,0.05,2404.53
IN-2023-102102,21-12-2023,22-12-2023,First Class,CU-1252,Arjun Joshi,Consumer,India,Lucknow,Uttar Pradesh,North,TEC-COP-117,Technology,Copiers,Copiers model 117,133471.1,4,0.1,41108.06
IN-2025-103917,16-04-2025,19-04-2025,First Class,CU-1042,Ananya Pillai,Consumer,India,Kolkata,West Bengal,East,FUR-TAB-108,Furniture,Tables,Tables model 108,38208.65,4,0.05,2479.69
IN-2023-101541,05-07-2023,09-07-2023,Standard Class,CU-1574,Rohit Verma,Corporate,India,Lucknow,Uttar Pradesh,North,TEC-MAC-108,Technology,Machines,Machines model 108,132952.82,6,0.0,27934.8
IN-2023-101086,04-02-2023,07-02-2023,Second Class,CU-1097,Aarav Sharma,Home Office,India,Hyderabad,Telangana,South,OFF-STO-107,Office Supplies,Storage,Storage model 107,1750.71,1,0.15,478.63
IN-2024-102470,29-03-2024,02-04-2024,Standard Class,CU-1444,Ravi Singh,Consumer,India,Kolkata,West Bengal,East,FUR-CHA-119,Furniture,Chairs,Chairs model 119,10657.02,3,0.25,277.38
IN-2023-101551,09-07-2023,11-07-2023,Second Class,CU-1334,Ananya Pillai,Home Office,India,New Delhi,Delhi,North,TEC-PHO-117,Technology,Phones,Phones model 117,10889.16,1,0.15,2058.93
IN-2025-103564,17-01-2025,20-01-2025,Second Class,CU-1166,Karthik Verma,Consumer,India,Pune,Maharashtra,West,OFF-BIN-106,Office Supplies,Binders,Binders model 106,2694.33,7,0.2,671.71
IN-2023-101123,18-02-2023,19-02-2023,First Class,CU-1335,Sneha Patel,Consumer,India,Bhubaneswar,Odisha,East,OFF-BIN-139,Office Supplies,Binders,Binders model 139,1419.09,3,0.05,586.92
IN-2025-104754,13-11-2025,20-11-2025,Standard Class,CU-1475,Meera Joshi,Consumer,India,New Delhi,Delhi,North,TEC-COP-106,Technology,Copiers,Copiers model 106,26722.34,1,0.2,5811.42
IN-2025-103877,05-04-2025,07-04-2025,Second Class,CU-1096,Aarav Shah,Consumer,India,Lucknow,Uttar Pradesh,North,TEC-ACC-104,Technology,Accessories,Accessories model 104,2183.81,2,0.15,555.26
IN-2023-101805,04-10-2023,07-10-2023,First Class,CU-1210,Rahul Iyer,Home Office,India,Kolkata,West Bengal,East,FUR-TAB-101,Furniture,Tables,Tables model 101,"₹12,794.35",2,0.2,-552.56
IN-2023-101041,19-01-2023,24-01-2023,Standard Class,CU-1127,Ashok Nair,Consumer,India,New Delhi,Delhi,North,TEC-COP-128,Technology,Copiers,Copiers model 128,175626.75,5,0.05,60452.71
IN-2022-100012,05-01-2022,11-01-2022,Standard Class,CU-1144,Suresh Kumar,Consumer,India,Bengaluru,Karnataka,South,OFF-LAB-136,Office Supplies,Labels,Labels model 136,397.3,3,0.05,180.1
IN-2025-103899,11-04-2025,14-04-2025,Second Class,CU-1529,Deepak Joshi,Consumer,India,Jaipur,Rajasthan,West,FUR-BOO-119,Furniture,Bookcases,Bookcases model 119,24923.7,5,0.3,-2232.42
IN-2025-103610,27-01-2025,31-01-2025,Second Class,CU-1057,Neha Patel,Corporate,India,Bengaluru,Karnataka,South,OFF-BIN-112,Office Supplies,Binders,Binders model 112,1399.83,3,0.0,581.54
IN-2025-103568,18-01-2025,22-01-2025,Standard Class,CU-1570,Rohit Kumar,Corporate,India,Jaipur,Rajasthan,West,TEC-ACC-124,Technology,Accessories,Accessories model 124,5881.13,6,0.1,1841.16
IN-2025-104634,20-10-2025,27-10-2025,Standard Class,CU-1461,Ananya Sharma,Home Office,India,Hyderabad,Telangana,South,FUR-FUR-135,Furniture,Furnishings,Furnishings model 135,2223.48,2,0.15,519.48
IN-2024-102281,07-02-2024,11-02-2024,Standard Class,CU-1390,Deepak Verma,Home Office,India,Kochi,Kerala,South,TEC-COP-135,Technology,Copiers,Copiers model 135,31672.21,1,0.0,13341.03
IN-2024-102729,11-06-2024,15-06-2024,Second Class,CU-1048,Rohit Patel,Corporate,India,Thiruvananthapuram,Kerala,South,FUR-TAB-109,Furniture,Tables,Tables model 109,26602.32,3,0.05,1914.18
IN-2025-103740,08-03-2025,11-03-2025,First Class,CU-1462,Neha Menon,Corporate,India,Jaipur,Rajasthan,West,FUR-CHA-103,Furniture,Chairs,Chairs model 103,9251.54,3,0.35,-493.49
IN-2022-100146,12-03-2022,13-03-2022,First Class,CU-1584,Ashok Pillai,Corporate,India,Coimbatore,Tamil Nadu,South,OFF-ART-127,Office Supplies,Art,Art model 127,392.08,2,0.2,92.8
IN-2022-100312,11-05-2022,16-05-2022,Standard Class,CU-1130,Deepak Kumar,Corporate,India,Jaipur,Rajasthan,West,OFF-STO-135,Office Supplies,Storage,Storage model 135,8503.79,5,0.0,2741.72
IN-2023-101044,20-01-2023,21-01-2023,First Class,CU-1180,Divya Das,Corporate,India,Mysuru,Karnataka,South,OFF-BIN-128,Office Supplies,Binders,Binders model 128,3204.74,8,0.05,1279.82
IN-2023-101451,03-06-2023,03-06-2023,Same Day,CU-1275,Rahul Verma,Consumer,India,Kolkata,West Bengal,East,TEC-COP-134,Technology,Copiers,Copiers model 134,32448.41,1,0.1,10477.94
IN-2022-100488,29-07-2022,30-07-2022,First Class,CU-1306,Pooja Gupta,Corporate,India,Ludhiana,Punjab,North,OFF-PAP-116,Office Supplies,Paper,Paper model 116,568.88,2,0.0,284.44
IN-2023-101536,03-07-2023,07-07-2023,Second Class,CU-1396,Suresh Reddy,Consumer,India,New Delhi,Delhi,North,OFF-ART-132,Office Supplies,Art,Art model 132,489.09,2,0.0,177.48
IN-2024-102412,14-03-2024,14-03-2024,Same Day,CU-1426,Ashok Iyer,Consumer,India,Madurai,Tamil Nadu,South,TEC-COP-139,Technology,Copiers,Copiers model 139,32759.21,1,0.0,15038.33
IN-2024-102428,19-03-2024,25-03-2024,Standard Class,CU-1371,Arjun Kumar,Consumer,India,Hyderabad,Telangana,South,OFF-LAB-126,Office Supplies,Labels,Labels model 126,139.65,1,0.0,64.97
IN-2024-102738,14-06-2024,21-06-2024,Standard Class,CU-1419,ASHOK VERMA,Home Office,India,New Delhi,Delhi,North,OFF-STO-128,Office Supplies,Storage,Storage model 128,2997.95,2,0.2,410.58
IN-2023-101222,23-03-2023,30-03-2023,Standard Class,CU-1417,Kavya Singh,Corporate,India,Amritsar,Punjab,North,OFF-LAB-125,Office Supplies,Labels,Labels model 125,731.64,6,0.05,332.15
IN-2022-100774,11-11-2022,15-11-2022,Standard Class,CU-1270,Lakshmi Iyer,Home Office,India,Hyderabad,Telangana,South,TEC-ACC-111,Technology,Accessories,Accessories model 111,4327.84,4,0.0,1651.91
IN-2023-101238,29-03-2023,05-04-2023,Standard Class,CU-1513,Neha Menon,Consumer,India,Jaipur,Rajasthan,West,OFF-STO-105,Office Supplies,Storage,Storage model 105,1151.29,1,0.25,84.87
IN-2023-101912,31-10-2023,04-11-2023,Second Class,CU-1105,Swathi Sharma,Consumer,India,Hyderabad,Telangana,South,OFF-PAP-135,Office Supplies,Paper,Paper model 135,344.87,1,0.0,159.94
IN-2025-104692,29-10-2025,04-11-2025,Standard Class,CU-1133,Deepak Joshi,Consumer,India,Salem,Tamil Nadu,South,FUR-BOO-139,Furniture,Bookcases,Bookcases model 139,24887.79,4,0.2,-560.02
IN-2023-101288,10-04-2023,12-04-2023,Second Class,CU-1337,Karthik Shah,Corporate,India,Nagpur,Maharashtra,West,TEC-COP-104,Technology,Copiers,Copiers model 104,73579.39,2,0.0,28634.3
IN-2025-104443,03-09-2025,07-09-2025,Standard Class,CU-1544,Swathi Verma,Corporate,India,Jaipur,Rajasthan,West,TEC-PHO-119,Technology,Phones,Phones model 119,46074.67,4,0.15,7023.4
IN-2022-100950,24-12-2022,29-12-2022,Standard Class,CU-1478,Aarav Shah,Home Office,India,Bhubaneswar,Odisha,East,FUR-CHA-110,Furniture,Chairs,Chairs model 110,4412.28,1,0.1,643.97
IN-2025-104948,23-12-2025,28-12-2025,Standard Class,CU-1520,Priya Nair,Consumer,India,Mysuru,Karnataka,South,OFF-ART-125,Office Supplies,Art,Art model 125,186.71,1,0.3,35.87
IN-2022-100514,10-08-2022,11-08-2022,First Class,CU-1108,Aarav Rao,Corporate,India,Pune,Maharashtra,West,TEC-ACC-128,Technology,Accessories,Accessories model 128,2567.73,3,0.3,436.95
IN-2022-100634,04-10-2022,05-10-2022,First Class,CU-1478,Aarav Shah,Home Office,India,Ahmedabad,Gujarat,West,OFF-ART-103,Office Supplies,Art,Art model 103,770.66,3,0.0,309.99
IN-2024-102221,20-01-2024,23-01-2024,Second Class,CU-1147,Ananya Joshi,Consumer,India,Kochi,Kerala,South,TEC-PHO-108,Technology,Phones,Phones model 108,34471.79,2,0.0,9508.25
IN-2024-103156,14-10-2024,19-10-2024,Standard Class,CU-1043,Vikram Kumar,Consumer,India,Surat,Gujarat,West,FUR-CHA-135,Furniture,Chairs,Chairs model 135,4748.75,2,0.45,-960.73
IN-2025-104097,06-06-2025,09-06-2025,Second Class,CU-1437,Rohit Shah,Consumer,India,Nagpur,Maharashtra,West,OFF-BIN-124,Office Supplies,Binders,Binders model 124,3610.85,8,0.0,1589.53
IN-2022-100918,15-12-2022,18-12-2022,Second Class,CU-1442,Meera Shah,Consumer,India,Amritsar,Punjab,North,OFF-STO-113,Office Supplies,Storage,Storage model 113,3196.21,2,0.1,711.34
IN-2025-104904,14-12-2025,18-12-2025,Second Class,CU-1190,Neha Singh,Corporate,India,Kolkata,West Bengal,East,TEC-MAC-130,Technology,Machines,Machines model 130,104291.36,6,0.1,3342.26
IN-2022-100714,25-10-2022,29-10-2022,Standard Class,CU-1148,Rahul Pillai,Home Office,India,Ludhiana,Punjab,North,OFF-STO-116,Office Supplies,Storage,Storage model 116,1946.16,1,0.05,536.9
IN-2024-103366,28-11-2024,03-12-2024,Standard Class,CU-1335,Sneha Patel,Consumer,India,Kolkata,West Bengal,East,TEC-MAC-130,Technology,Machines,Machines model 130,45498.51,2,0.05,5610.37
IN-2025-103726,03-03-2025,03-03-2025,Same Day,CU-1011,Karthik Verma,Consumer,India,Surat,Gujarat,West,OFF-ART-124,Office Supplies,Art,Art model 124,213.47,1,0.05,89.46
IN-2023-101590,24-07-2023,24-07-2023,Same Day,CU-1200,Swathi Nair,Consumer,India,Pune,Maharashtra,West,TEC-MAC-127,Technology,Machines,Machines model 127,181451.36,8,0.0,35966.15
IN-2025-103761,13-03-2025,19-03-2025,Standard Class,CU-1023,Isha Pillai,Corporate,India,Nagpur,Maharashtra,West,OFF-BIN-121,Office Supplies,Binders,Binders model 121,2417.31,5,0.0,1000.85
IN-2024-102340,22-02-2024,26-02-2024,Standard Class,CU-1585,Priya Pillai,Consumer,India,Patna,Bihar,East,TEC-ACC-121,Technology,Accessories,Accessories model 121,2076.13,2,0.0,620.64
IN-2022-100908,12-12-2022,14-12-2022,First Class,CU-1370,Divya Singh,Consumer,India,Ahmedabad,Gujarat,West,TEC-ACC-130,Technology,Accessories,Accessories model 130,1904.16,2,0.2,425.56
IN-2025-104838,30-11-2025,07-12-2025,Standard Class,CU-1392,KAVYA NAIR,Corporate,India,Salem,Tamil Nadu,South,OFF-PAP-130,Office Supplies,Paper,Paper model 130,599.08,2,0.0,294.47
IN-2022-100572,04-09-2022,04-09-2022,Same Day,CU-1083,Arjun Gupta,Consumer,India,Coimbatore,Tamil Nadu,South,TEC-ACC-122,Technology,Accessories,Accessories model 122,981.57,1,0.15,250.95
IN-2024-102363,01-03-2024,01-03-2024,Same Day,CU-1341,Aditya Sharma,Consumer,India,Hyderabad,Telangana,South,OFF-ART-110,Office Supplies,Art,Art model 110,530.42,2,0.05,186.22
IN-2025-103671,13-02-2025,19-02-2025,Standard Class,CU-1469,Sneha Shah,Consumer,India,Pune,Maharashtra,West,OFF-LAB-101,Office Supplies,Labels,Labels model 101,1059.33,7,0.1,471.74
IN-2023-101195,12-03-2023,19-03-2023,Standard Class,CU-1005,Divya Sharma,Consumer,India,New Delhi,Delhi,North,OFF-STO-131,Office Supplies,Storage,Storage model 131,7130.62,5,0.2,1378.53
IN-2025-104179,25-06-2025,29-06-2025,Second Class,CU-1515,Neha Verma,Consumer,India,Kolkata,West Bengal,East,OFF-PAP-131,Office Supplies,Paper,Paper model 131,310.84,1,0.05,143.94
IN-2023-101834,11-10-2023,13-10-2023,First Class,CU-1067,Swathi Gupta,Consumer,India,Patna,Bihar,East,TEC-MAC-100,Technology,Machines,Machines model 100,19922.65,1,0.15,510.93
IN-2023-101798,02-10-2023,07-10-2023,Standard Class,CU-1086,Sneha Patel,Consumer,India,Mysuru,Karnataka,South,FUR-BOO-130,Furniture,Bookcases,Bookcases model 130,22201.25,3,0.0,3483.43
IN-2024-102588,02-05-2024,03-05-2024,First Class,CU-1197,Priya Gupta,Corporate,India,Amritsar,Punjab,North,OFF-ART-117,Office Supplies,Art,Art model 117,1127.17,6,0.2,346.88
IN-2025-104930,20-12-2025,25-12-2025,Standard Class,CU-1301,Manoj Das,Corporate,India,Kolkata,West Bengal,East,FUR-CHA-107,Furniture,Chairs,Chairs model 107,21813.01,6,0.1,4474.6
IN-2025-103749,11-03-2025,13-03-2025,Second Class,CU-1159,Ananya Singh,Corporate,India,Hyderabad,Telangana,South,TEC-COP-130,Technology,Copiers,Copiers model 130,133052.6,4,0.0,59645.12
IN-2025-104456,05-09-2025,06-09-2025,First Class,CU-1208,Manoj Kumar,Consumer,India,Bhubaneswar,Odisha,East,FUR-TAB-102,Furniture,Tables,Tables model 102,7125.02,1,0.1,-0.71
IN-2024-103348,24-11-2024,01-12-2024,Standard Class,CU-1278,Nisha Kumar,Consumer,India,Ludhiana,Punjab,North,TEC-ACC-114,Technology,Accessories,Accessories model 114,3415.63,4,0.3,530.64
IN-2025-103952,27-04-2025,28-04-2025,First Class,CU-1095,Neha Verma,Consumer,India,Patna,Bihar,East,OFF-BIN-139,Office Supplies,Binders,Binders model 139,1517.89,3,0.0,663.43
IN-2022-100349,27-05-2022,01-06-2022,Standard Class,CU-1375,Kavya Verma,Home Office,India,Surat,Gujarat,West,FUR-TAB-108,Furniture,Tables,Tables model 108,6500.76,1,0.2,-166.88
IN-2025-104866,06-12-2025,11-12-2025,Standard Class,CU-1343,Swathi Menon,Consumer,India,Surat,Gujarat,West,TEC-COP-127,Technology,Copiers,Copiers model 127,66693.14,2,0.05,22572.6
IN-2025-104421,29-08-2025,05-09-2025,Standard Class,CU-1309,Swathi Verma,Consumer,India,Ludhiana,Punjab,North,FUR-FUR-120,Furniture,Furnishings,Furnishings model 120,2684.84,2,0.15,455.92
IN-2025-104708,02-11-2025,07-11-2025,Standard Class,CU-1496,Pooja Menon,Corporate,India,New Delhi,Delhi,North,OFF-ART-121,Office Supplies,Art,Art model 121,576.13,3,0.2,127.25
IN-2023-101841,14-10-2023,16-10-2023,First Class,CU-1432,Kavya Verma,Corporate,India,Kolkata,West Bengal,East,FUR-FUR-135,Furniture,Furnishings,Furnishings model 135,8512.2,6,0.05,2088.72
IN-2022-100163,19-03-2022,23-03-2022,Second Class,CU-1594,Vivaan Singh,Home Office,India,Jaipur,Rajasthan,West,TEC-COP-118,Technology,Copiers,Copiers model 118,33430.47,1,0.0,13357.75
IN-2023-101751,18-09-2023,20-09-2023,First Class,CU-1575,Karthik Das,Home Office,India,Hyderabad,Telangana,South,OFF-STO-108,Office Supplies,Storage,Storage model 108,7393.15,5,0.05,1875.36
IN-2023-101644,13-08-2023,16-08-2023,First Class,CU-1360,Ananya Menon,Home Office,India,Patna,Bihar,East,TEC-PHO-104,Technology,Phones,Phones model 104,12069.27,1,0.2,2294.77
IN-2025-103765,14-03-2025,20-03-2025,Standard Class,CU-1023,Isha Pillai,Corporate,India,Hyderabad,Telangana,South,OFF-BIN-101,Office Supplies,Binders,Binders model 101,453.67,1,0.05,198.59
IN-2022-100101,22-02-2022,25-02-2022,Second Class,CU-1285,Neha Singh,Corporate,India,Hyderabad,Telangana,South,TEC-MAC-109,Technology,Machines,Machines model 109,97809.25,4,0.0,15779.26
IN-2025-103741,08-03-2025,08-03-2025,Same Day,CU-1502,Isha Sharma,Consumer,India,Hyderabad,Telangana,South,OFF-LAB-137,Office Supplies,Labels,Labels model 137,438.94,4,0.3,94.08
IN-2024-102457,26-03-2024,30-03-2024,Standard Class,CU-1118,Karthik Joshi,Corporate,India,Lucknow,Uttar Pradesh,North,TEC-PHO-124,Technology,Phones,Phones model 124,98959.73,8,0.05,21672.49
IN-2025-103758,13-03-2025,16-03-2025,Second Class,CU-1113,Kavya Patel,Home Office,India,New Delhi,Delhi,North,OFF-PAP-119,Office Supplies,Paper,Paper model 119,₹197.87,1,0.3,46.55
IN-2024-102483,02-04-2024,09-04-2024,Standard Class,CU-1386,Priya Reddy,Corporate,India,Jaipur,Rajasthan,West,OFF-LAB-134,Office Supplies,Labels,Labels model 134,169.6,1,0.0,86.59
IN-2022-100409,21-06-2022,26-06-2022,Standard Class,CU-1146,Aditya Pillai,Consumer,India,Amritsar,Punjab,North,OFF-BIN-128,Office Supplies,Binders,Binders model 128,2125.22,5,0.1,853.14
IN-2023-101383,13-05-2023,18-05-2023,Standard Class,CU-1408,Ravi Sharma,Home Office,India,Jaipur,Rajasthan,West,OFF-PAP-118,Office Supplies,Paper,Paper model 118,2283.43,8,0.05,1064.42
IN-2023-101347,30-04-2023,07-05-2023,Standard Class,CU-1025,Rohit Rao,Consumer,India,Kochi,Kerala,South,FUR-BOO-100,Furniture,Bookcases,Bookcases model 100,14128.26,3,0.25,-768.07
IN-2024-103166,16-10-2024,20-10-2024,Standard Class,CU-1436,Ananya Verma,Consumer,India,Ahmedabad,Gujarat,West,TEC-COP-115,Technology,Copiers,Copiers model 115,37496.33,1,0.05,12799.75
IN-2024-102451,24-03-2024,26-03-2024,Second Class,CU-1526,Deepak Rao,Consumer,India,Pune,Maharashtra,West,TEC-COP-130,Technology,Copiers,Copiers model 130,33383.73,1,0.0,11155.09
IN-2023-100994,03-01-2023,08-01-2023,Standard Class,CU-1376,Kavya Reddy,Consumer,India,Kochi,Kerala,South,FUR-TAB-115,Furniture,Tables,Tables model 115,47975.56,5,0.05,3900.03
IN-2022-100764,08-11-2022,15-11-2022,Standard Class,CU-1451,Vivaan Das,Consumer,India,Hyderabad,Telangana,South,FUR-TAB-114,Furniture,Tables,Tables model 114,22514.89,3,0.05,361.95
IN-2024-102402,12-03-2024,16-03-2024,Standard Class,CU-1519,Ananya Singh,Consumer,India,Patna,Bihar,East,TEC-MAC-121,Technology,Machines,Machines model 121,85956.29,4,0.1,10206.8
IN-2022-100044,20-01-2022,22-01-2022,Second Class,CU-1055,Vivaan Sharma,Home Office,India,Jaipur,Rajasthan,West,FUR-TAB-102,Furniture,Tables,Tables model 102,20854.86,3,0.1,325.0
IN-2023-101738,11-09-2023,15-09-2023,Second Class,CU-1126,Aditya Menon,Home Office,India,Patna,Bihar,East,OFF-LAB-130,Office Supplies,Labels,Labels model 130,275.06,2,0.0,132.79
IN-2025-103815,24-03-2025,26-03-2025,Second Class,CU-1012,Vivaan Shah,Home Office,India,Amritsar,Punjab,North,OFF-BIN-101,Office Supplies,Binders,Binders model 101,1011.92,3,0.2,321.98
IN-2023-101452,04-06-2023,10-06-2023,Standard Class,CU-1472,Sneha Iyer,Consumer,India,Jaipur,Rajasthan,West,FUR-BOO-126,Furniture,Bookcases,Bookcases model 126,11654.41,2,0.05,1928.77
IN-2022-100140,11-03-2022,14-03-2022,Second Class,CU-1277,Suresh Iyer,Home Office,India,Kochi,Kerala,South,OFF-STO-129,Office Supplies,Storage,Storage model 129,5119.8,3,0.15,1032.04
IN-2023-102044,04-12-2023,08-12-2023,Second Class,CU-1585,Priya Pillai,Consumer,India,Bengaluru,Karnataka,South,TEC-MAC-139,Technology,Machines,Machines model 139,14590.99,1,0.4,-2745.03
IN-2024-103434,14-12-2024,21-12-2024,Standard Class,CU-1327,Sneha Rao,Consumer,India,Mysuru,Karnataka,South,FUR-CHA-127,Furniture,Chairs,Chairs model 127,4453.05,1,0.05,920.16
IN-2025-103810,23-03-2025,27-03-2025,Standard Class,CU-1547,Sneha Patel,Consumer,India,Amritsar,Punjab,North,FUR-TAB-133,Furniture,Tables,Tables model 133,10979.28,2,0.35,-2803.8
IN-2024-103345,24-11-2024,26-11-2024,Second Class,CU-1383,Aarav Joshi,Consumer,India,Jaipur,Rajasthan,West,TEC-COP-128,Technology,Copiers,Copiers model 128,53317.91,2,0.2,15559.69
IN-2022-100249,16-04-2022,20-04-2022,Standard Class,CU-1532,Neha Reddy,Corporate,India,Salem,Tamil Nadu,South,FUR-FUR-122,Furniture,Furnishings,Furnishings model 122,3066.49,2,0.05,812.09
IN-2023-101348,30-04-2023,04-05-2023,Second Class,CU-1334,Ananya Pillai,Home Office,India,Lucknow,Uttar Pradesh,North,OFF-PAP-135,Office Supplies,Paper,Paper model 135,1750.5,6,0.05,723.46
IN-2023-101850,15-10-2023,16-10-2023,First Class,CU-1394,Neha Pillai,Consumer,India,Pune,Maharashtra,West,OFF-BIN-120,Office Supplies,Binders,Binders model 120,489.97,1,0.0,191.36
IN-2025-104581,11-10-2025,13-10-2025,Second Class,CU-1259,Neha Patel,Corporate,India,Bengaluru,Karnataka,South,OFF-STO-135,Office Supplies,Storage,Storage model 135,3226.18,2,0.0,1037.89
IN-2025-104504,20-09-2025,25-09-2025,Standard Class,CU-1063,Isha Kumar,Consumer,India,Ludhiana,Punjab,North,OFF-ART-116,Office Supplies,Art,Art model 116,556.03,3,0.15,157.98
IN-2025-104928,19-12-2025,23-12-2025,Standard Class,CU-1211,Suresh Menon,Consumer,India,Ahmedabad,Gujarat,West,TEC-COP-132,Technology,Copiers,Copiers model 132,81478.85,3,0.1,28266.62
IN-2024-102604,05-05-2024,07-05-2024,Second Class,CU-1234,Ashok Menon,Home Office,India,Madurai,Tamil Nadu,South,OFF-BIN-125,Office Supplies,Binders,Binders model 125,1155.53,3,0.2,325.8
IN-2023-101650,15-08-2023,19-08-2023,Standard Class,CU-1137,Rahul Kumar,Corporate,India,Bengaluru,Karnataka,South,OFF-STO-129,Office Supplies,Storage,Storage model 129,4107.97,2,0.0,1494.37
IN-2025-104039,19-05-2025,25-05-2025,Standard Class,CU-1029,Kavya Nair,Corporate,India,Coimbatore,Tamil Nadu,South,TEC-MAC-108,Technology,Machines,Machines model 108,61575.86,3,0.15,-371.06
IN-2024-103256,06-11-2024,13-11-2024,Standard Class,CU-1377,Meera Reddy,Consumer,India,Thiruvananthapuram,Kerala,South,TEC-MAC-138,Technology,Machines,Machines model 138,41482.45,2,0.05,6645.14
IN-2024-102424,18-03-2024,21-03-2024,First Class,CU-1419,Ashok Verma,Home Office,India,Hyderabad,Telangana,South,OFF-PAP-127,Office Supplies,Paper,Paper model 127,1937.08,7,0.05,833.26
IN-2025-103997,11-05-2025,16-05-2025,Standard Class,CU-1262,Lakshmi Iyer,Corporate,India,Jaipur,Rajasthan,West,TEC-ACC-113,Technology,Accessories,Accessories model 113,1886.62,2,0.15,414.2
IN-2025-104355,13-08-2025,17-08-2025,Standard Class,CU-1029,Kavya Nair,Corporate,India,Amritsar,Punjab,North,OFF-ART-123,Office Supplies,Art,Art model 123,485.35,2,0.0,190.32
IN-2024-103089,02-10-2024,06-10-2024,Second Class,CU-1082,Swathi Reddy,Consumer,India,Bhubaneswar,Odisha,East,TEC-MAC-133,Technology,Machines,Machines model 133,50595.23,3,0.3,-3639.62
IN-2022-100771,10-11-2022,14-11-2022,Second Class,CU-1163,Swathi Pillai,Corporate,India,Patna,Bihar,East,FUR-FUR-124,Furniture,Furnishings,Furnishings model 124,1262.55,1,0.25,119.85
IN-2022-100562,30-08-2022,04-09-2022,Standard Class,CU-1175,Neha Gupta,Consumer,India,Hyderabad,Telangana,South,TEC-COP-116,Technology,Copiers,Copiers model 116,34360.08,1,0.0,13002.64
IN-2025-103687,18-02-2025,21-02-2025,Second Class,CU-1304,Priya Joshi,Consumer,India,New Delhi,Delhi,North,OFF-PAP-139,Office Supplies,Paper,Paper model 139,328.87,1,0.0,138.34
IN-2025-103893,11-04-2025,13-04-2025,Second Class,CU-1381,Manoj Rao,Consumer,India,Jaipur,Rajasthan,West,OFF-PAP-104,Office Supplies,Paper,Paper model 104,478.09,2,0.15,197.9
IN-2023-101506,21-06-2023,27-06-2023,Standard Class,CU-1532,Neha Reddy,Corporate,India,Mysuru,Karnataka,South,TEC-ACC-111,Technology,Accessories,Accessories model 111,4593.6,4,0.0,1781.94
IN-2024-103393,04-12-2024,07-12-2024,First Class,CU-1024,Manoj Singh,Consumer,India,New Delhi,Delhi,North,OFF-LAB-112,Office Supplies,Labels,Labels model 112,131.52,1,0.0,58.21
IN-2022-100519,11-08-2022,14-08-2022,Second Class,CU-1526,Deepak Rao,Consumer,India,Coimbatore,Tamil Nadu,South,TEC-COP-102,Technology,Copiers,Copiers model 102,30977.42,1,0.0,11877.17
IN-2025-104790,19-11-2025,22-11-2025,Second Class,CU-1450,Swathi Iyer,Corporate,India,Bhubaneswar,Odisha,east,FUR-FUR-113,Furniture,Furnishings,Furnishings model 113,4555.21,7,0.5,-1027.72
IN-2022-100779,11-11-2022,18-11-2022,Standard Class,CU-1046,Nisha Iyer,Corporate,India,Lucknow,Uttar Pradesh,North,TEC-ACC-123,Technology,Accessories,Accessories model 123,7354.1,7,0.0,2765.9
IN-2025-103567,17-01-2025,21-01-2025,Standard Class,CU-1264,Divya Shah,Home Office,India,Jaipur,Rajasthan,West,OFF-BIN-101,Office Supplies,Binders,Binders model 101,769.71,2,0.0,336.82
IN-2023-101916,02-11-2023,08-11-2023,Standard Class,CU-1577,Deepak Sharma,Consumer,India,Surat,Gujarat,West,OFF-BIN-122,Office Supplies,Binders,Binders model 122,424.52,1,0.0,179.56
IN-2023-102089,19-12-2023,25-12-2023,Standard Class,CU-1039,Deepak Patel,Corporate,India,Salem,Tamil Nadu,SOUTH ,OFF-STO-117,Office Supplies,Storage,Storage model 117,6241.31,4,0.0,1650.1
IN-2022-100284,30-04-2022,06-05-2022,Standard Class,CU-1427,Deepak Pillai,Home Office,India,Patna,Bihar,East,OFF-BIN-107,Office Supplies,Binders,Binders model 107,1339.01,4,0.25,367.82
IN-2025-104128,13-06-2025,15-06-2025,Second Class,CU-1290,Arjun Pillai,Consumer,India,Mumbai,Maharashtra,West,OFF-STO-131,Office Supplies,Storage,Storage model 131,4815.49,3,0.2,793.27
IN-2024-102756,20-06-2024,27-06-2024,Standard Class,CU-1407,Kavya Shah,Corporate,India,New Delhi,Delhi,North,OFF-BIN-121,Office Supplies,Binders,Binders model 121,613.59,2,0.2,186.47
IN-2022-100709,24-10-2022,30-10-2022,Standard Class,CU-1514,Ravi Shah,Consumer,India,New Delhi,Delhi,North,FUR-BOO-118,Furniture,Bookcases,Bookcases model 118,11333.09,2,0.05,1759.02
IN-2023-101664,20-08-2023,25-08-2023,Standard Class,CU-1467,Rahul Nair,Corporate,India,Mumbai,Maharashtra,West,OFF-BIN-126,Office Supplies,Binders,Binders model 126,4011.98,8,0.0,1652.11
IN-2025-103981,05-05-2025,07-05-2025,Second Class,CU-1164,Rohit Pillai,Corporate,India,Noida,Uttar Pradesh,North,FUR-CHA-122,Furniture,Chairs,Chairs model 122,4163.93,1,0.05,867.44
IN-2022-100521,11-08-2022,15-08-2022,Standard Class,CU-1350,Sneha Menon,Consumer,India,Noida,Uttar Pradesh,North,TEC-ACC-134,Technology,Accessories,Accessories model 134,5924.58,6,0.15,1798.24
IN-2023-101776,27-09-2023,29-09-2023,Second Class,CU-1269,Neha Das,Consumer,India,Surat,Gujarat,West,FUR-BOO-102,Furniture,Bookcases,Bookcases model 102,11384.79,2,0.05,1956.23
IN-2022-100760,07-11-2022,14-11-2022,Standard Class,CU-1252,Arjun Joshi,Consumer,India,Patna,Bihar,East,OFF-STO-119,Office Supplies,Storage,Storage model 119,7617.93,4,0.05,2404.53
IN-2025-103632,03-02-2025,08-02-2025,Standard Class,CU-1480,Suresh Das,Corporate,India,Bhubaneswar,Odisha,East,OFF-LAB-109,Office Supplies,Labels,Labels model 109,853.74,6,0.1,319.04
IN-2024-103507,29-12-2024,04-01-2025,Standard Class,CU-1202,Neha Verma,Consumer,India,Ludhiana,Punjab,North,TEC-MAC-117,Technology,Machines,Machines model 117,37518.5,2,0.1,4934.16
IN-2025-104294,28-07-2025,30-07-2025,First Class,CU-1528,Suresh Patel,Corporate,India,Jaipur,Rajasthan,West,OFF-PAP-103,Office Supplies,Paper,Paper model 103,544.23,2,0.1,203.06
IN-2025-104093,05-06-2025,09-06-2025,Standard Class,CU-1258,Meera Singh,Consumer,India,Patna,Bihar,East,OFF-PAP-112,Office Supplies,Paper,Paper model 112,318.59,1,0.0,148.13
IN-2025-103520,01-01-2025,07-01-2025,Standard Class,CU-1211,Suresh Menon,Consumer,India,Hyderabad,Telangana,SOUTH ,OFF-STO-116,Office Supplies,Storage,Storage model 116,3667.72,2,0.0,1219.33
IN-2022-100037,15-01-2022,22-01-2022,Standard Class,CU-1072,Priya Shah,Corporate,India,Ahmedabad,Gujarat,West,OFF-ART-111,Office Supplies,Art,Art model 111,736.47,3,0.05,287.21
IN-2022-100027,11-01-2022,14-01-2022,First Class,CU-1353,Aarav Patel,Corporate,India,Lucknow,Uttar Pradesh,North,FUR-CHA-126,Furniture,Chairs,Chairs model 126,4613.61,1,0.05,577.93
IN-2022-100897,10-12-2022,14-12-2022,Standard Class,CU-1216,Swathi Joshi,Corporate,India,Nagpur,Maharashtra,West,TEC-MAC-108,Technology,Machines,Machines model 108,46449.05,2,0.0,6040.49
IN-2024-102864,24-07-2024,31-07-2024,Standard Class,CU-1295,Suresh Iyer,Consumer,India,Ludhiana,Punjab,North,OFF-STO-125,Office Supplies,Storage,Storage model 125,1331.12,1,0.2,329.18
IN-2022-100086,14-02-2022,18-02-2022,Standard Class,CU-1086,Sneha Patel,Consumer,India,Lucknow,Uttar Pradesh,North,TEC-COP-108,Technology,Copiers,Copiers model 108,128437.84,4,0.0,48708.36
IN-2025-104564,07-10-2025,14-10-2025,Standard Class,CU-1170,Meera Sharma,Home Office,India,Patna,Bihar,East,TEC-PHO-132,Technology,Phones,Phones model 132,10799.04,1,0.2,1805.6
IN-2025-103642,05-02-2025,11-02-2025,Standard Class,CU-1299,Karthik Rao,Corporate,India,Thiruvananthapuram,Kerala,South,TEC-PHO-136,Technology,Phones,Phones model 136,42692.31,3,0.05,9468.89
IN-2024-102882,29-07-2024,03-08-2024,Standard Class,CU-1404,Pooja Rao,Consumer,India,Thiruvananthapuram,Kerala,South,OFF-BIN-112,Office Supplies,Binders,Binders model 112,831.49,2,0.05,315.35
IN-2024-103352,25-11-2024,01-12-2024,Standard Class,CU-1589,LAKSHMI NAIR,Consumer,India,Kochi,Kerala,South,FUR-TAB-125,Furniture,Tables,Tables model 125,13959.41,2,0.3,-2113.4
IN-2025-103713,25-02-2025,01-03-2025,Second Class,CU-1088,Karthik Iyer,Consumer,India,New Delhi,Delhi,North,TEC-MAC-108,Technology,Machines,Machines model 108,37924.81,2,0.05,3391.72
IN-2025-104034,18-05-2025,21-05-2025,Second Class,CU-1489,Vivaan Nair,Consumer,India,Kochi,Kerala,South,FUR-BOO-113,Furniture,Bookcases,Bookcases model 113,39964.02,6,0.15,3355.45
IN-2023-101739,11-09-2023,15-09-2023,Second Class,CU-1203,Ravi Shah,Home Office,India,Jaipur,Rajasthan,West,TEC-MAC-126,Technology,Machines,Machines model 126,57136.09,3,0.1,2563.6
IN-2023-102128,26-12-2023,29-12-2023,First Class,CU-1354,Ashok Verma,Corporate,India,Ludhiana,Punjab,North,FUR-CHA-127,Furniture,Chairs,Chairs model 127,4765.19,1,0.05,722.62
IN-2022-100876,05-12-2022,10-12-2022,Standard Class,CU-1354,Ashok Verma,Corporate,India,Salem,Tamil Nadu,South,OFF-ART-114,Office Supplies,Art,Art model 114,2100.39,8,0.0,788.04
IN-2022-100148,13-03-2022,16-03-2022,First Class,CU-1297,Ananya Patel,Corporate,India,Mysuru,Karnataka,South,OFF-BIN-115,Office Supplies,Binders,Binders model 115,605.19,2,0.3,120.78
IN-2023-101701,31-08-2023,02-09-2023,First Class,CU-1579,Divya Kumar,Consumer,India,Hyderabad,Telangana,South,FUR-TAB-103,Furniture,Tables,Tables model 103,27554.19,4,0.1,423.26
IN-2023-101094,07-02-2023,11-02-2023,Standard Class,CU-1464,Priya Iyer,Home Office,India,Coimbatore,Tamil Nadu,South,OFF-LAB-139,Office Supplies,Labels,Labels model 139,518.73,4,0.0,257.89
IN-2023-102113,23-12-2023,28-12-2023,Standard Class,CU-1359,Karthik Gupta,Consumer,India,Thiruvananthapuram,Kerala,South,FUR-FUR-105,Furniture,Furnishings,Furnishings model 105,2738.27,2,0.2,479.88
IN-2023-101851,15-10-2023,18-10-2023,First Class,CU-1097,Aarav Sharma,Home Office,India,New Delhi,Delhi,North,OFF-PAP-100,Office Supplies,Paper,Paper model 100,530.18,2,0.0,265.92
IN-2022-100928,18-12-2022,20-12-2022,Second Class,CU-1270,Lakshmi Iyer,Home Office,India,Bengaluru,Karnataka,South,OFF-PAP-103,Office Supplies,Paper,Paper model 103,2398.47,8,0.0,1239.41
IN-2022-100528,15-08-2022,19-08-2022,Second Class,CU-1108,AARAV RAO,Corporate,India,Jaipur,Rajasthan,West,FUR-CHA-128,Furniture,Chairs,Chairs model 128,9341.54,2,0.0,2067.76
IN-2023-101263,05-04-2023,07-04-2023,Second Class,CU-1496,Pooja Menon,Corporate,India,Pune,Maharashtra,West,TEC-MAC-105,Technology,Machines,Machines model 105,22289.1,1,0.1,849.11
IN-2025-103888,09-04-2025,14-04-2025,Standard Class,CU-1370,Divya Singh,Consumer,India,Kochi,Kerala,South,OFF-PAP-121,Office Supplies,Paper,Paper model 121,1816.48,6,0.05,740.35
IN-2025-103748,10-03-2025,15-03-2025,Standard Class,CU-1166,Karthik Verma,Consumer,India,Thiruvananthapuram,Kerala,South,OFF-STO-130,Office Supplies,Storage,Storage model 130,1554.31,1,0.0,529.38
IN-2024-102949,17-08-2024,18-08-2024,First Class,CU-1419,Ashok Verma,Home Office,India,New Delhi,Delhi,North,TEC-MAC-132,Technology,Machines,Machines model 132,164234.21,7,0.0,22813.01
IN-2022-100800,15-11-2022,19-11-2022,Standard Class,CU-1468,Aarav Verma,Consumer,India,New Delhi,Delhi,North,OFF-STO-126,Office Supplies,Storage,Storage model 126,4687.88,3,0.1,1156.03
IN-2024-102614,09-05-2024,14-05-2024,Standard Class,CU-1254,Ashok Patel,Home Office,India,Bhubaneswar,Odisha,East,FUR-TAB-109,Furniture,Tables,Tables model 109,10825.7,2,0.3,-1429.69
IN-2024-103243,03-11-2024,07-11-2024,Standard Class,CU-1438,Rahul Rao,Home Office,India,Chennai,Tamil Nadu,South,OFF-STO-132,Office Supplies,Storage,Storage model 132,1682.37,1,0.0,494.81
IN-2025-104744,09-11-2025,09-11-2025,Same Day,CU-1091,Manoj Joshi,Home Office,India,Lucknow,Uttar Pradesh,North,OFF-BIN-137,Office Supplies,Binders,Binders model 137,961.15,2,0.0,423.09
IN-2025-104011,14-05-2025,16-05-2025,First Class,CU-1306,Pooja Gupta,Corporate,India,Nagpur,Maharashtra,West,TEC-COP-131,Technology,Copiers,Copiers model 131,28860.83,1,0.1,11845.78
IN-2022-100382,07-06-2022,11-06-2022,Standard Class,CU-1106,Nisha Rao,Corporate,India,Kolkata,West Bengal,East,TEC-COP-137,Technology,Copiers,Copiers model 137,86157.86,3,0.05,33604.59
IN-2022-100486,28-07-2022,02-08-2022,Standard Class,CU-1257,Rahul Kumar,Consumer,India,Bhubaneswar,Odisha,East,OFF-LAB-139,Office Supplies,Labels,Labels model 139,407.22,3,0.05,190.45
IN-2025-104353,12-08-2025,16-08-2025,Standard Class,CU-1580,Aditya Nair,Corporate,India,Jaipur,Rajasthan,West,TEC-MAC-116,Technology,Machines,Machines model 116,19262.21,1,0.2,-489.03
IN-2024-102329,19-02-2024,26-02-2024,Standard Class,CU-1335,Sneha Patel,Consumer,India,Nagpur,Maharashtra,West,OFF-PAP-120,Office Supplies,Paper,Paper model 120,303.79,1,0.1,131.75
IN-2023-101702,01-09-2023,08-09-2023,Standard Class,CU-1416,Sneha Menon,Corporate,India,Noida,Uttar Pradesh,NORTH ,OFF-PAP-100,Office Supplies,Paper,Paper model 100,1029.9,3,0.0,480.04
IN-2024-103368,28-11-2024,03-12-2024,Standard Class,CU-1261,Lakshmi Pillai,Consumer,India,Thiruvananthapuram,Kerala,South,TEC-PHO-107,Technology,Phones,Phones model 107,98667.45,8,0.1,17231.84
IN-2023-101103,12-02-2023,16-02-2023,Standard Class,CU-1398,Manoj Kumar,Consumer,India,Kochi,Kerala,South,TEC-PHO-100,Technology,Phones,Phones model 100,71165.65,5,0.15,11880.61
IN-2022-100597,17-09-2022,24-09-2022,Standard Class,CU-1206,Aarav Menon,Corporate,India,Mumbai,Maharashtra,West,FUR-CHA-116,Furniture,Chairs,Chairs model 116,7562.05,2,0.1,1370.18
IN-2025-103794,20-03-2025,23-03-2025,Second Class,CU-1587,Meera Reddy,Corporate,India,Noida,Uttar Pradesh,North,TEC-COP-132,Technology,Copiers,Copiers model 132,97608.29,3,0.0,34817.08
IN-2025-104778,16-11-2025,16-11-2025,Same Day,CU-1526,Deepak Rao,Consumer,India,Surat,Gujarat,West,OFF-LAB-128,Office Supplies,Labels,Labels model 128,292.38,2,0.0,135.39
IN-2023-101595,25-07-2023,28-07-2023,Second Class,CU-1053,Ashok Verma,Corporate,India,Kolkata,West Bengal,East,OFF-BIN-117,Office Supplies,Binders,Binders model 117,937.53,2,0.05,358.0
IN-2022-100493,31-07-2022,04-08-2022,Standard Class,CU-1161,Pooja Joshi,Consumer,India,Mumbai,Maharashtra,West,OFF-ART-113,Office Supplies,Art,Art model 113,799.21,4,0.2,215.36
IN-2023-101796,02-10-2023,08-10-2023,Standard Class,CU-1143,Pooja Gupta,Consumer,India,Hyderabad,Telangana,South,OFF-STO-102,Office Supplies,Storage,Storage model 102,10771.07,8,0.3,943.91
IN-2024-102627,12-05-2024,17-05-2024,Standard Class,CU-1364,Vivaan Reddy,Consumer,India,Bengaluru,Karnataka,South,FUR-CHA-100,Furniture,Chairs,Chairs model 100,4777.61,1,0.0,1087.7
IN-2022-100580,09-09-2022,14-09-2022,Standard Class,CU-1166,Karthik Verma,Consumer,India,Bhubaneswar,Odisha,East,OFF-LAB-118,Office Supplies,Labels,Labels model 118,1001.6,7,0.0,464.09
IN-2023-101803,03-10-2023,07-10-2023,Standard Class,CU-1315,Rohit Gupta,Corporate,India,Hyderabad,Telangana,South,OFF-ART-138,Office Supplies,Art,Art model 138,1911.94,7,0.0,746.39
IN-2024-102656,23-05-2024,26-05-2024,First Class,CU-1403,Rohit Sharma,Consumer,India,Mumbai,Maharashtra,West,TEC-MAC-110,Technology,Machines,Machines model 110,46822.46,2,0.0,4767.08
IN-2022-100607,22-09-2022,26-09-2022,Standard Class,CU-1072,Priya Shah,Corporate,India,Hyderabad,Telangana,South,OFF-PAP-132,Office Supplies,Paper,Paper model 132,221.8,1,0.3,55.28
IN-2022-100840,24-11-2022,26-11-2022,First Class,CU-1404,Pooja Rao,Consumer,India,Noida,Uttar Pradesh,North,FUR-FUR-125,Furniture,Furnishings,Furnishings model 125,1750.06,2,0.35,82.67
IN-2025-104205,04-07-2025,08-07-2025,Standard Class,CU-1455,Rohit Reddy,Consumer,India,Jaipur,Rajasthan,West,TEC-COP-102,Technology,Copiers,Copiers model 102,32076.01,1,0.2,8140.58
IN-2022-100643,06-10-2022,07-10-2022,First Class,CU-1253,Neha Das,Corporate,India,Madurai,Tamil Nadu,South,TEC-MAC-101,Technology,Machines,Machines model 101,42361.54,2,0.05,4423.93
IN-2025-104599,13-10-2025,16-10-2025,Second Class,CU-1557,Ananya Menon,Home Office,India,Mysuru,Karnataka,South,FUR-BOO-117,Furniture,Bookcases,Bookcases model 117,16890.19,3,0.15,1514.3
IN-2025-104578,10-10-2025,13-10-2025,Second Class,CU-1098,Deepak Iyer,Consumer,India,Jaipur,Rajasthan,West,OFF-STO-137,Office Supplies,Storage,Storage model 137,3071.24,2,0.15,636.41
IN-2024-102469,29-03-2024,02-04-2024,Standard Class,CU-1384,Nisha Iyer,Consumer,India,Kolkata,West Bengal,East,OFF-STO-134,Office Supplies,Storage,Storage model 134,3402.75,2,0.1,785.62
IN-2025-103760,13-03-2025,19-03-2025,Standard Class,CU-1303,Suresh Shah,Corporate,India,Ahmedabad,Gujarat,West,OFF-LAB-106,Office Supplies,Labels,Labels model 106,298.3,3,0.3,64.76
IN-2023-101830,10-10-2023,15-10-2023,Standard Class,CU-1321,Neha Verma,Corporate,India,Patna,Bihar,East,OFF-BIN-101,Office Supplies,Binders,Binders model 101,2410.97,5,0.0,1098.12
IN-2025-104212,05-07-2025,06-07-2025,First Class,CU-1085,Swathi Patel,Home Office,India,Ahmedabad,Gujarat,West,FUR-BOO-119,Furniture,Bookcases,Bookcases model 119,13717.2,2,0.05,1761.17
IN-2024-102722,10-06-2024,14-06-2024,Second Class,CU-1158,Divya Singh,Consumer,India,New Delhi,Delhi,North,FUR-CHA-121,Furniture,Chairs,Chairs model 121,13202.88,3,0.05,2196.47
IN-2025-104339,09-08-2025,15-08-2025,Standard Class,CU-1007,Isha Menon,Home Office,India,Mumbai,Maharashtra,West,FUR-TAB-112,Furniture,Tables,Tables model 112,9167.28,1,0.1,-5.03
IN-2023-102138,28-12-2023,31-12-2023,First Class,CU-1081,Vikram Sharma,Home Office,India,Ahmedabad,Gujarat,West,OFF-BIN-127,Office Supplies,Binders,Binders model 127,481.99,1,0.0,186.34
IN-2025-103895,11-04-2025,15-04-2025,Standard Class,CU-1573,Nisha Nair,Consumer,India,Jaipur,Rajasthan,West,OFF-LAB-139,Office Supplies,Labels,Labels model 139,205.24,2,0.3,65.77
IN-2025-104405,26-08-2025,01-09-2025,Standard Class,CU-1032,Manoj Gupta,Corporate,India,Pune,Maharashtra,West,OFF-BIN-100,Office Supplies,Binders,Binders model 100,960.6,2,0.05,372.41
IN-2023-101982,19-11-2023,21-11-2023,First Class,CU-1409,Aditya Joshi,Corporate,India,Lucknow,Uttar Pradesh,North,TEC-COP-134,Technology,Copiers,Copiers model 134,35054.21,1,0.05,13176.33
IN-2023-101437,29-05-2023,31-05-2023,First Class,CU-1310,Aarav Sharma,Consumer,India,New Delhi,Delhi,North,TEC-PHO-125,Technology,Phones,Phones model 125,13179.1,1,0.15,1968.76
IN-2025-104717,03-11-2025,06-11-2025,First Class,CU-1485,Ravi Gupta,Consumer,India,Bhubaneswar,Odisha,East,OFF-LAB-117,Office Supplies,Labels,Labels model 117,580.48,4,0.05,260.7
IN-2023-101179,07-03-2023,11-03-2023,Second Class,CU-1448,Priya Verma,,India,Jaipur,Rajasthan,West,OFF-PAP-139,Office Supplies,Paper,Paper model 139,1425.34,8,0.4,126.53
IN-2025-103754,12-03-2025,19-03-2025,Standard Class,CU-1532,Neha Reddy,Corporate,India,Ahmedabad,Gujarat,West,OFF-LAB-128,Office Supplies,Labels,Labels model 128,405.45,3,0.05,188.7
IN-2022-100398,15-06-2022,15-06-2022,Same Day,CU-1353,Aarav Patel,Corporate,India,Salem,Tamil Nadu,South,FUR-CHA-109,Furniture,Chairs,Chairs model 109,16098.16,5,0.35,-1216.21
IN-2023-101543,05-07-2023,07-07-2023,Second Class,CU-1478,Aarav Shah,Home Office,India,Kolkata,West Bengal,East,TEC-COP-133,Technology,Copiers,Copiers model 133,28675.95,1,0.2,7418.33
IN-2024-102969,27-08-2024,02-09-2024,Standard Class,CU-1180,Divya Das,Corporate,India,Pune,Maharashtra,West,OFF-ART-136,Office Supplies,Art,Art model 136,532.72,2,0.0,192.79
IN-2024-103359,26-11-2024,01-12-2024,Standard Class,CU-1251,Rahul Verma,Home Office,India,New Delhi,Delhi,north,FUR-BOO-115,Furniture,Bookcases,Bookcases model 115,22364.24,4,0.15,992.92
IN-2022-100451,13-07-2022,18-07-2022,Standard Class,CU-1041,Swathi Menon,Consumer,India,Amritsar,Punjab,North,OFF-PAP-127,Office Supplies,Paper,Paper model 127,489.76,2,0.1,203.62
IN-2022-100931,19-12-2022,26-12-2022,Standard Class,CU-1128,Ashok Reddy,Corporate,India,Ludhiana,Punjab,North,TEC-ACC-118,Technology,Accessories,Accessories model 118,3674.48,3,0.0,1401.27
IN-2025-103861,02-04-2025,05-04-2025,First Class,CU-1527,Manoj Patel,Consumer,India,New Delhi,Delhi,North,FUR-CHA-112,Furniture,Chairs,Chairs model 112,21138.98,6,0.2,881.0
IN-2024-103232,31-10-2024,02-11-2024,Second Class,CU-1286,Deepak Singh,Home Office,India,Jaipur,Rajasthan,West,OFF-LAB-111,Office Supplies,Labels,Labels model 111,780.27,5,0.05,394.19
IN-2025-104759,14-11-2025,21-11-2025,Standard Class,CU-1487,Ravi Sharma,Home Office,India,New Delhi,Delhi,North,TEC-MAC-129,Technology,Machines,Machines model 129,45274.91,2,0.1,3957.68
IN-2022-100395,12-06-2022,18-06-2022,Standard Class,CU-1284,Isha Verma,Consumer,India,Noida,Uttar Pradesh,North,FUR-FUR-113,Furniture,Furnishings,Furnishings model 113,1623.66,1,0.05,476.25
IN-2025-104585,11-10-2025,18-10-2025,Standard Class,CU-1360,Ananya Menon,Home Office,India,Kochi,Kerala,South,TEC-COP-120,Technology,Copiers,Copiers model 120,72996.75,2,0.0,27148.3
IN-2025-103801,21-03-2025,27-03-2025,Standard Class,CU-1304,Priya Joshi,Consumer,India,New Delhi,Delhi,North,FUR-CHA-138,Furniture,Chairs,Chairs model 138,7193.93,2,0.15,1133.53
IN-2025-103833,27-03-2025,30-03-2025,Second Class,CU-1277,Suresh Iyer,Home Office,India,Bengaluru,Karnataka,South,TEC-ACC-139,Technology,Accessories,Accessories model 139,2230.36,2,0.05,653.08
IN-2023-101937,08-11-2023,15-11-2023,Standard Class,CU-1026,Rahul Iyer,Consumer,India,Hyderabad,Telangana,South,OFF-ART-110,Office Supplies,Art,Art model 110,2007.15,7,0.0,875.51
IN-2023-101438,30-05-2023,03-06-2023,Second Class,CU-1359,Karthik Gupta,Consumer,India,Mysuru,Karnataka,South,OFF-STO-138,Office Supplies,Storage,Storage model 138,1793.67,1,0.0,527.13
IN-2025-104727,06-11-2025,13-11-2025,Standard Class,CU-1132,Suresh Patel,Consumer,India,Chennai,Tamil Nadu,South,TEC-COP-107,Technology,Copiers,Copiers model 107,289668.01,8,0.1,124595.53
IN-2024-103031,15-09-2024,21-09-2024,Standard Class,CU-1046,Nisha Iyer,Corporate,India,Noida,Uttar Pradesh,North,FUR-CHA-109,Furniture,Chairs,Chairs model 109,8356.14,2,0.15,1071.44
IN-2025-104666,26-10-2025,30-10-2025,Second Class,CU-1301,Manoj Das,Corporate,India,Bhubaneswar,Odisha,East,TEC-ACC-102,Technology,Accessories,Accessories model 102,1199.42,1,0.1,367.09
IN-2025-104745,10-11-2025,10-11-2025,Same Day,CU-1261,Lakshmi Pillai,Consumer,India,Bhubaneswar,Odisha,East,TEC-ACC-105,Technology,Accessories,Accessories model 105,1927.27,2,0.2,423.86
IN-2025-103815,24-03-2025,26-03-2025,Second Class,CU-1012,Vivaan Shah,Home Office,India,Amritsar,Punjab,North,OFF-BIN-101,Office Supplies,Binders,Binders model 101,1011.92,3,0.2,321.98
IN-2023-101914,01-11-2023,04-11-2023,Second Class,CU-1338,Neha Gupta,Consumer,India,Mumbai,Maharashtra,West,OFF-STO-121,Office Supplies,Storage,Storage model 121,4559.44,3,0.05,1537.61
IN-2024-102256,30-01-2024,04-02-2024,Standard Class,CU-1362,Arjun Kumar,Home Office,India,Ahmedabad,Gujarat,West,TEC-MAC-123,Technology,Machines,Machines model 123,19297.96,1,0.15,1838.77
IN-2025-103630,03-02-2025,04-02-2025,First Class,CU-1435,Divya Sharma,Consumer,India,Kolkata,West Bengal,East,FUR-BOO-135,Furniture,Bookcases,Bookcases model 135,8325.8,3,,-4453.11
IN-2022-100115,28-02-2022,02-03-2022,First Class,CU-1095,Neha Verma,Consumer,India,Pune,Maharashtra,West,OFF-STO-137,Office Supplies,Storage,Storage model 137,3543.65,2,0.0,1293.08
IN-2022-100089,16-02-2022,22-02-2022,Standard Class,CU-1260,Deepak Kumar,Home Office,India,Thiruvananthapuram,Kerala,South,OFF-PAP-125,Office Supplies,Paper,Paper model 125,770.31,3,0.2,326.18
IN-2024-102255,29-01-2024,30-01-2024,First Class,CU-1143,Pooja Gupta,Consumer,India,Mumbai,Maharashtra,West,TEC-COP-129,Technology,Copiers,Copiers model 129,212061.2,6,0.0,81244.26
IN-2024-103214,26-10-2024,28-10-2024,First Class,CU-1232,Ashok Shah,Consumer,India,Bhubaneswar,Odisha,East,FUR-TAB-139,Furniture,Tables,Tables model 139,28610.93,4,0.15,-1138.7
IN-2024-103051,20-09-2024,20-09-2024,Same Day,CU-1530,Swathi Gupta,Corporate,India,Jaipur,Rajasthan,West,TEC-COP-122,Technology,Copiers,Copiers model 122,22295.66,1,0.3,4284.47
IN-2023-101182,08-03-2023,10-03-2023,First Class,CU-1482,Ravi Sharma,Consumer,India,New Delhi,Delhi,North,TEC-MAC-116,Technology,Machines,Machines model 116,45308.02,2,0.0,6783.63
IN-2025-104808,23-11-2025,26-11-2025,First Class,CU-1163,Swathi Pillai,Corporate,India,Thiruvananthapuram,Kerala,South,TEC-ACC-120,Technology,Accessories,Accessories model 120,1184.74,1,0.0,474.57
IN-2023-101539,04-07-2023,10-07-2023,Standard Class,CU-1538,Manoj Pillai,Consumer,India,Thiruvananthapuram,Kerala,South,OFF-LAB-105,Office Supplies,Labels,Labels model 105,950.76,6,0.0,501.59
IN-2024-103190,21-10-2024,24-10-2024,Second Class,CU-1469,Sneha Shah,Consumer,India,Hyderabad,Telangana,South,OFF-BIN-127,Office Supplies,Binders,Binders model 127,1754.93,4,0.0,688.25
IN-2022-100949,23-12-2022,26-12-2022,First Class,CU-1230,Kavya Verma,Corporate,India,Nagpur,Maharashtra,West,TEC-PHO-111,Technology,Phones,Phones model 111,40146.89,3,0.1,4150.51
IN-2024-102976,29-08-2024,04-09-2024,Standard Class,CU-1485,Ravi Gupta,Consumer,India,Jaipur,Rajasthan,West,OFF-ART-132,Office Supplies,Art,Art model 132,266.11,1,0.0,119.54
IN-2025-103825,25-03-2025,31-03-2025,Standard Class,CU-1111,Swathi Patel,Consumer,India,Jaipur,Rajasthan,West,FUR-CHA-120,Furniture,Chairs,Chairs model 120,12965.57,3,0.1,2367.17
IN-2025-103742,08-03-2025,12-03-2025,Standard Class,CU-1462,Neha Menon,Corporate,India,Mumbai,Maharashtra,West,FUR-BOO-106,Furniture,Bookcases,Bookcases model 106,6142.33,1,0.05,1012.01
IN-2023-101323,22-04-2023,28-04-2023,Standard Class,CU-1238,Nisha Patel,Consumer,India,Mysuru,Karnataka,South,TEC-COP-106,Technology,Copiers,Copiers model 106,62414.8,2,0.1,22386.83
IN-2024-102788,04-07-2024,11-07-2024,Standard Class,CU-1165,Isha Menon,Consumer,India,Bengaluru,Karnataka,South,OFF-LAB-101,Office Supplies,Labels,Labels model 101,270.68,2,0.0,133.07
IN-2024-102727,11-06-2024,18-06-2024,Standard Class,CU-1053,Ashok Verma,Corporate,India,Kolkata,West Bengal,East,OFF-PAP-102,Office Supplies,Paper,Paper model 102,1006.64,4,0.05,424.32
IN-2023-101509,23-06-2023,29-06-2023,Standard Class,CU-1180,Divya Das,Corporate,India,New Delhi,Delhi,North,FUR-CHA-135,Furniture,Chairs,Chairs model 135,3515.69,1,0.3,-106.43
IN-2023-102069,12-12-2023,15-12-2023,First Class,CU-1215,Ashok Kumar,Corporate,India,Bhubaneswar,Odisha,East,TEC-COP-107,Technology,Copiers,Copiers model 107,144471.91,6,0.2,33003.68
IN-2023-101865,19-10-2023,23-10-2023,Second Class,CU-1085,Swathi Patel,Home Office,India,Thiruvananthapuram,Kerala,South,OFF-LAB-130,Office Supplies,Labels,Labels model 130,440.86,3,0.0,230.33
IN-2022-100869,03-12-2022,07-12-2022,Standard Class,CU-1165,ISHA MENON,Consumer,India,New Delhi,Delhi,North,TEC-PHO-117,Technology,Phones,Phones model 117,36536.57,3,0.2,6031.14
IN-2022-100097,18-02-2022,22-02-2022,Standard Class,CU-1328,Ananya Pillai,Consumer,India,Ludhiana,Punjab,North,OFF-STO-112,Office Supplies,Storage,Storage model 112,2735.7,2,0.15,589.04
IN-2024-102170,07-01-2024,10-01-2024,Second Class,CU-1243,Nisha Kumar,Consumer,India,Hyderabad,Telangana,South,OFF-BIN-135,Office Supplies,Binders,Binders model 135,1300.72,4,0.3,261.06
IN-2022-100635,04-10-2022,05-10-2022,First Class,CU-1091,Manoj Joshi,Home Office,India,Lucknow,Uttar Pradesh,North,TEC-PHO-139,Technology,Phones,Phones model 139,41218.15,3,0.0,10693.01
IN-2024-102248,29-01-2024,03-02-2024,Standard Class,CU-1428,Ashok Reddy,Consumer,India,Nagpur,Maharashtra,West,TEC-COP-121,Technology,Copiers,Copiers model 121,27066.52,1,0.1,10015.02
IN-2022-100221,07-04-2022,12-04-2022,Standard Class,CU-1592,Neha Sharma,Consumer,India,Ludhiana,Punjab,North,OFF-LAB-106,Office Supplies,Labels,Labels model 106,711.9,5,0.05,378.06
IN-2024-102752,20-06-2024,26-06-2024,Standard Class,CU-1025,Rohit Rao,Consumer,India,Bhubaneswar,Odisha,East,TEC-PHO-101,Technology,Phones,Phones model 101,51055.54,3,0.0,12750.6
IN-2024-103000,06-09-2024,10-09-2024,Standard Class,CU-1508,Kavya Singh,Consumer,India,Hyderabad,Telangana,South,OFF-STO-134,Office Supplies,Storage,Storage model 134,8573.94,6,0.15,1647.12
IN-2025-104416,28-08-2025,01-09-2025,Second Class,CU-1024,Manoj Singh,Consumer,India,Coimbatore,Tamil Nadu,South,FUR-CHA-100,Furniture,Chairs,Chairs model 100,29148.87,8,0.05,5577.89
IN-2024-102793,05-07-2024,08-07-2024,First Class,CU-1523,Suresh Kumar,Consumer,India,Patna,Bihar,East,FUR-CHA-118,Furniture,Chairs,Chairs model 118,3296.9,1,0.35,-352.52
IN-2024-103490,25-12-2024,31-12-2024,Standard Class,CU-1176,Kavya Menon,Consumer,India,Ahmedabad,Gujarat,West,TEC-PHO-133,Technology,Phones,Phones model 133,90536.69,6,0.1,17307.38
IN-2023-102085,17-12-2023,23-12-2023,Standard Class,CU-1302,Pooja Joshi,Corporate,India,Chennai,Tamil Nadu,South,OFF-LAB-117,Office Supplies,Labels,Labels model 117,169.62,1,0.0,88.65
IN-2022-100305,09-05-2022,11-05-2022,Second Class,CU-1025,Rohit Rao,Consumer,India,Surat,Gujarat,West,OFF-STO-110,Office Supplies,Storage,Storage model 110,1384.63,1,0.15,282.17
IN-2024-103098,04-10-2024,09-10-2024,Standard Class,CU-1105,Swathi Sharma,Consumer,India,Mumbai,Maharashtra,West,FUR-BOO-126,Furniture,Bookcases,Bookcases model 126,5434.86,1,0.15,128.68
IN-2025-104194,30-06-2025,04-07-2025,Second Class,CU-1505,Ananya Rao,Consumer,India,Nagpur,Maharashtra,West,TEC-ACC-129,Technology,Accessories,Accessories model 129,2591.78,2,0.0,981.55
IN-2023-101852,16-10-2023,20-10-2023,Second Class,CU-1099,Ravi Gupta,Home Office,India,Hyderabad,Telangana,South,OFF-ART-132,Office Supplies,Art,Art model 132,913.7,4,0.0,360.28
IN-2023-102067,11-12-2023,18-12-2023,Standard Class,CU-1047,Divya Nair,Consumer,India,Bhubaneswar,Odisha,East,OFF-LAB-105,Office Supplies,Labels,Labels model 105,211.72,2,0.25,73.43
IN-2024-102713,07-06-2024,13-06-2024,Standard Class,CU-1540,Priya Menon,Consumer,India,Amritsar,Punjab,North,TEC-ACC-108,Technology,Accessories,Accessories model 108,1169.88,1,0.15,307.0
IN-2024-103462,20-12-2024,26-12-2024,Standard Class,CU-1386,Priya Reddy,,India,Thiruvananthapuram,Kerala,South,FUR-TAB-124,Furniture,Tables,Tables model 124,6592.79,1,0.3,-826.32
IN-2023-101097,08-02-2023,14-02-2023,Standard Class,CU-1077,Kavya Iyer,Corporate,India,Jaipur,Rajasthan,West,TEC-COP-115,Technology,Copiers,Copiers model 115,91127.23,3,0.05,35715.85
IN-2024-103404,07-12-2024,13-12-2024,Standard Class,CU-1562,Lakshmi Pillai,Consumer,India,Pune,Maharashtra,West,OFF-LAB-105,Office Supplies,Labels,Labels model 105,960.43,6,0.0,455.32
IN-2022-100047,22-01-2022,25-01-2022,Second Class,CU-1409,Aditya Joshi,Corporate,India,Bhubaneswar,Odisha,East,FUR-FUR-132,Furniture,Furnishings,Furnishings model 132,4586.45,3,0.1,906.19
IN-2023-101146,27-02-2023,03-03-2023,Standard Class,CU-1036,Swathi Reddy,Consumer,India,Thiruvananthapuram,Kerala,South,OFF-STO-127,Office Supplies,Storage,Storage model 127,3282.66,2,0.1,855.44
IN-2022-100613,24-09-2022,28-09-2022,Standard Class,CU-1149,Rohit Shah,Corporate,India,Kochi,Kerala,South,FUR-CHA-139,Furniture,Chairs,Chairs model 139,9357.3,3,0.3,-363.81
IN-2025-103712,25-02-2025,28-02-2025,Second Class,CU-1196,Manoj Menon,Consumer,India,Hyderabad,Telangana,South,FUR-FUR-102,Furniture,Furnishings,Furnishings model 102,852.42,1,0.35,-2.29
IN-2025-103698,21-02-2025,25-02-2025,Standard Class,CU-1192,Ravi Verma,Consumer,India,Ludhiana,Punjab,North,OFF-ART-138,Office Supplies,Art,Art model 138,623.86,3,0.1,198.84
IN-2024-102534,18-04-2024,22-04-2024,Standard Class,CU-1511,Suresh Joshi,Corporate,India,Amritsar,Punjab,North,FUR-BOO-104,Furniture,Bookcases,Bookcases model 104,13019.64,2,0.05,2452.63
IN-2022-100718,27-10-2022,03-11-2022,Standard Class,CU-1471,Ravi Reddy,Home Office,India,Kochi,Kerala,South,FUR-FUR-115,Furniture,Furnishings,Furnishings model 115,1450.95,2,0.45,-322.32
IN-2023-101495,19-06-2023,26-06-2023,Standard Class,CU-1195,Ananya Sharma,Home Office,India,Nagpur,Maharashtra,West,OFF-ART-107,Office Supplies,Art,Art model 107,285.64,1,0.0,129.38
IN-2024-103111,07-10-2024,13-10-2024,Standard Class,CU-1029,Kavya Nair,Corporate,India,Salem,Tamil Nadu,South,TEC-MAC-120,Technology,Machines,Machines model 120,70496.7,3,0.05,6747.77
IN-2022-100596,17-09-2022,21-09-2022,Standard Class,CU-1410,Karthik Menon,Consumer,India,Patna,Bihar,East,OFF-LAB-134,Office Supplies,Labels,Labels model 134,648.48,6,0.2,232.96
IN-2022-100590,15-09-2022,22-09-2022,Standard Class,CU-1157,Sneha Reddy,Consumer,India,Ahmedabad,Gujarat,West,OFF-STO-103,Office Supplies,Storage,Storage model 103,3148.24,2,0.1,787.85
IN-2022-100523,12-08-2022,12-08-2022,Same Day,CU-1077,Kavya Iyer,Corporate,India,Hyderabad,Telangana,South,TEC-COP-114,Technology,Copiers,Copiers model 114,220688.89,7,0.05,76127.45
IN-2024-102751,19-06-2024,25-06-2024,Standard Class,CU-1111,Swathi Patel,Consumer,India,Ludhiana,Punjab,North,OFF-STO-121,Office Supplies,Storage,Storage model 121,5739.8,3,0.0,2103.97
IN-2024-103143,12-10-2024,17-10-2024,Standard Class,CU-1037,Swathi Pillai,Consumer,India,Patna,Bihar,East,OFF-BIN-128,Office Supplies,Binders,Binders model 128,1322.81,3,0.1,522.07
IN-2023-101589,23-07-2023,30-07-2023,Standard Class,CU-1331,Aditya Patel,Home Office,India,Amritsar,Punjab,North,FUR-TAB-115,Furniture,Tables,Tables model 115,58461.68,6,0.05,2592.06
IN-2025-104318,04-08-2025,11-08-2025,Standard Class,CU-1360,Ananya Menon,Home Office,India,Pune,Maharashtra,West,TEC-PHO-101,Technology,Phones,Phones model 101,14240.12,1,0.15,2762.79
IN-2025-104695,30-10-2025,01-11-2025,First Class,CU-1483,Karthik Shah,Consumer,India,Thiruvananthapuram,Kerala,South,OFF-STO-130,Office Supplies,Storage,Storage model 130,6631.56,5,0.3,932.69
IN-2022-100079,08-02-2022,15-02-2022,Standard Class,CU-1456,Suresh Verma,Home Office,India,Thiruvananthapuram,Kerala,South,TEC-PHO-125,Technology,Phones,Phones model 125,32995.39,2,0.0,10653.83
IN-2024-103068,26-09-2024,02-10-2024,Standard Class,CU-1489,Vivaan Nair,Consumer,India,Amritsar,Punjab,North,FUR-BOO-105,Furniture,Bookcases,Bookcases model 105,18216.3,3,0.1,1773.79
IN-2025-104854,03-12-2025,06-12-2025,Second Class,CU-1437,Rohit Shah,Consumer,India,Hyderabad,Telangana,South,OFF-ART-124,Office Supplies,Art,Art model 124,495.34,2,0.1,156.37
IN-2023-101069,27-01-2023,03-02-2023,Standard Class,CU-1463,Kavya Iyer,Consumer,India,Ahmedabad,Gujarat,West,FUR-BOO-135,Furniture,Bookcases,Bookcases model 135,13358.42,2,0.1,1126.29
IN-2024-103291,14-11-2024,16-11-2024,Second Class,CU-1320,Pooja Verma,Home Office,India,Kolkata,West Bengal,East,OFF-PAP-135,Office Supplies,Paper,Paper model 135,511.97,2,0.1,233.74
IN-2025-104474,10-09-2025,17-09-2025,Standard Class,CU-1198,Kavya Kumar,Consumer,India,Kochi,Kerala,South,OFF-PAP-125,Office Supplies,Paper,Paper model 125,244.99,1,0.2,102.42
IN-2024-103437,14-12-2024,16-12-2024,Second Class,CU-1441,Ravi Nair,Corporate,India,Jaipur,Rajasthan,West,OFF-ART-121,Office Supplies,Art,Art model 121,1220.41,5,0.0,541.86
IN-2025-104467,09-09-2025,13-09-2025,Second Class,CU-1447,Neha Reddy,Consumer,India,Amritsar,Punjab,North,OFF-BIN-106,Office Supplies,Binders,Binders model 106,940.57,2,0.0,413.38
IN-2024-102781,02-07-2024,09-07-2024,Standard Class,CU-1402,Arjun Joshi,Corporate,India,Ahmedabad,Gujarat,West,OFF-PAP-131,Office Supplies,Paper,Paper model 131,857.87,3,0.0,425.81
IN-2025-104652,23-10-2025,26-10-2025,First Class,CU-1089,Suresh Nair,Home Office,India,New Delhi,Delhi,North,OFF-BIN-137,Office Supplies,Binders,Binders model 137,1029.85,3,0.15,338.63
IN-2024-103117,08-10-2024,14-10-2024,Standard Class,CU-1337,Karthik Shah,Corporate,India,Kolkata,West Bengal,East,TEC-COP-120,Technology,Copiers,Copiers model 120,75944.51,2,0.0,31135.35
IN-2025-104154,21-06-2025,26-06-2025,Standard Class,CU-1179,Neha Verma,Corporate,India,Mysuru,Karnataka,south,OFF-BIN-106,Office Supplies,Binders,Binders model 106,386.47,1,0.0,181.55
IN-2023-101218,23-03-2023,23-03-2023,Same Day,CU-1361,Isha Das,Consumer,India,Patna,Bihar,East,OFF-ART-107,Office Supplies,Art,Art model 107,225.55,1,0.2,69.44
IN-2024-102553,22-04-2024,29-04-2024,Standard Class,CU-1552,Priya Verma,Home Office,India,Hyderabad,Telangana,South,OFF-ART-120,Office Supplies,Art,Art model 120,552.05,2,0.0,263.75
IN-2025-104657,24-10-2025,29-10-2025,Standard Class,CU-1298,Meera Kumar,Consumer,India,Kolkata,West Bengal,East,TEC-COP-103,Technology,Copiers,Copiers model 103,229292.46,7,0.1,78725.1
IN-2023-101875,22-10-2023,29-10-2023,Standard Class,CU-1484,Rahul Shah,Consumer,India,New Delhi,Delhi,North,OFF-ART-115,Office Supplies,Art,Art model 115,1128.96,5,0.2,224.1
IN-2024-103251,06-11-2024,08-11-2024,Second Class,CU-1082,Swathi Reddy,Consumer,India,Bengaluru,Karnataka,South,TEC-COP-118,Technology,Copiers,Copiers model 118,75476.71,2,0.0,24690.94
IN-2025-104607,15-10-2025,18-10-2025,First Class,CU-1095,Neha Verma,Consumer,India,Noida,Uttar Pradesh,North,FUR-TAB-114,Furniture,Tables,Tables model 114,12469.6,2,0.2,-561.23
IN-2023-101619,03-08-2023,10-08-2023,Standard Class,CU-1381,Manoj Rao,Consumer,India,Kochi,Kerala,South,TEC-MAC-102,Technology,Machines,Machines model 102,16568.12,1,0.15,1949.05
IN-2023-101911,31-10-2023,04-11-2023,Standard Class,CU-1451,Vivaan Das,Consumer,India,Bhubaneswar,Odisha,East,TEC-ACC-127,Technology,Accessories,Accessories model 127,4762.93,5,0.1,1528.5
IN-2022-100416,24-06-2022,28-06-2022,Second Class,CU-1355,Sneha Nair,Consumer,India,Mumbai,Maharashtra,West,OFF-PAP-133,Office Supplies,Paper,Paper model 133,238.53,1,0.15,93.98
IN-2024-103259,06-11-2024,11-11-2024,Standard Class,CU-1502,Isha Sharma,Consumer,India,Mysuru,Karnataka,South,OFF-STO-111,Office Supplies,Storage,Storage model 111,2555.72,2,0.3,219.54
IN-2023-101684,25-08-2023,26-08-2023,First Class,CU-1123,Isha Menon,Home Office,India,Nagpur,Maharashtra,West,FUR-CHA-112,Furniture,Chairs,Chairs model 112,28698.82,6,0.0,6529.33
IN-2023-101594,25-07-2023,30-07-2023,Standard Class,CU-1147,Ananya Joshi,Consumer,India,Thiruvananthapuram,Kerala,South,TEC-COP-107,Technology,Copiers,Copiers model 107,28778.45,1,0.1,9384.01
IN-2024-103454,19-12-2024,24-12-2024,Standard Class,CU-1556,Nisha Iyer,Consumer,India,Lucknow,Uttar Pradesh,North,TEC-PHO-137,Technology,Phones,Phones model 137,17001.24,1,0.0,4920.05
IN-2024-102591,02-05-2024,04-05-2024,Second Class,CU-1510,Meera Kumar,Consumer,India,Mumbai,Maharashtra,West,OFF-ART-101,Office Supplies,Art,Art model 101,273.83,1,0.0,99.29
IN-2024-103094,03-10-2024,08-10-2024,Standard Class,CU-1296,Sneha Joshi,Consumer,India,Mysuru,Karnataka,South,OFF-BIN-107,Office Supplies,Binders,Binders model 107,825.13,3,0.3,132.82
IN-2023-101764,24-09-2023,27-09-2023,Second Class,CU-1223,Aarav Patel,Corporate,India,Bhubaneswar,Odisha,East,TEC-PHO-120,Technology,Phones,Phones model 120,15154.18,1,0.05,3824.0
IN-2024-103023,13-09-2024,18-09-2024,Standard Class,CU-1200,Swathi Nair,Consumer,India,Jaipur,Rajasthan,West,OFF-BIN-121,Office Supplies,Binders,Binders model 121,825.17,2,0.0,369.34
IN-2024-102586,02-05-2024,02-05-2024,Same Day,CU-1389,Kavya Menon,Consumer,India,Mumbai,Maharashtra,West,FUR-CHA-139,Furniture,Chairs,Chairs model 139,7375.85,2,0.05,1738.99
IN-2024-103014,09-09-2024,15-09-2024,Standard Class,CU-1277,Suresh Iyer,Home Office,India,Amritsar,Punjab,North,FUR-FUR-123,Furniture,Furnishings,Furnishings model 123,4232.51,3,0.1,1063.47
IN-2023-101958,13-11-2023,19-11-2023,Standard Class,CU-1231,Manoj Gupta,Consumer,India,Ahmedabad,Gujarat,West,TEC-MAC-127,Technology,Machines,Machines model 127,34349.82,2,0.1,1590.5
IN-2025-103856,01-04-2025,05-04-2025,Standard Class,CU-1329,Isha Pillai,Consumer,India,Lucknow,Uttar Pradesh,North,FUR-CHA-121,Furniture,Chairs,Chairs model 121,23831.79,7,0.2,2224.57
IN-2023-101697,30-08-2023,03-09-2023,Standard Class,CU-1472,Sneha Iyer,Consumer,India,Hyderabad,Telangana,South,TEC-COP-104,Technology,Copiers,Copiers model 104,157514.52,5,,43525.88
IN-2025-104178,25-06-2025,27-06-2025,First Class,CU-1246,Meera Rao,Corporate,India,Patna,Bihar,East,TEC-PHO-112,Technology,Phones,Phones model 112,44500.59,3,0.1,10007.67
IN-2024-103006,08-09-2024,15-09-2024,Standard Class,CU-1472,Sneha Iyer,Consumer,India,Coimbatore,Tamil Nadu,South,TEC-PHO-113,Technology,Phones,Phones model 113,14651.06,1,0.1,2177.12
IN-2022-100753,06-11-2022,09-11-2022,Second Class,CU-1192,Ravi Verma,Consumer,India,Jaipur,Rajasthan,West,FUR-FUR-112,Furniture,Furnishings,Furnishings model 112,2252.37,2,0.15,435.16
IN-2024-102292,09-02-2024,15-02-2024,Standard Class,CU-1087,Deepak Reddy,Home Office,India,Amritsar,Punjab,North,TEC-MAC-106,Technology,Machines,Machines model 106,71395.78,4,0.2,2964.59
IN-2025-104367,16-08-2025,20-08-2025,Standard Class,CU-1437,Rohit Shah,Consumer,India,Kolkata,West Bengal,East,TEC-MAC-113,Technology,Machines,Machines model 113,114838.42,5,0.0,11199.33
IN-2023-101678,24-08-2023,27-08-2023,First Class,CU-1226,Aarav Kumar,Home Office,India,Jaipur,Rajasthan,West,TEC-PHO-139,Technology,Phones,Phones model 139,40641.95,3,0.1,7528.76
IN-2024-103329,21-11-2024,28-11-2024,Standard Class,CU-1092,Aditya Das,Consumer,India,Ahmedabad,Gujarat,West,OFF-BIN-136,Office Supplies,Binders,Binders model 136,487.02,1,0.0,208.97
IN-2025-104276,24-07-2025,29-07-2025,Standard Class,CU-1430,Pooja Singh,Consumer,India,Lucknow,Uttar Pradesh,North,TEC-PHO-118,Technology,Phones,Phones model 118,8113.74,1,0.4,-1184.04
IN-2025-104272,23-07-2025,25-07-2025,Second Class,CU-1261,Lakshmi Pillai,Consumer,India,Lucknow,Uttar Pradesh,North,OFF-BIN-108,Office Supplies,Binders,Binders model 108,1188.93,3,0.1,405.11
IN-2022-100355,28-05-2022,01-06-2022,Standard Class,CU-1353,Aarav Patel,Corporate,India,Hyderabad,Telangana,South,OFF-PAP-124,Office Supplies,Paper,Paper model 124,2137.37,8,0.2,740.09
IN-2023-101065,25-01-2023,27-01-2023,First Class,CU-1215,Ashok Kumar,Corporate,India,Bhubaneswar,Odisha,East,TEC-MAC-132,Technology,Machines,Machines model 132,24612.49,2,0.4,-4248.74
IN-2024-103357,26-11-2024,30-11-2024,Standard Class,CU-1418,Kavya Rao,Corporate,India,New Delhi,Delhi,North,OFF-BIN-131,Office Supplies,Binders,Binders model 131,326.07,1,0.2,94.32
IN-2025-104566,08-10-2025,12-10-2025,Standard Class,CU-1310,Aarav Sharma,Consumer,India,New Delhi,Delhi,North,FUR-FUR-123,Furniture,Furnishings,Furnishings model 123,3697.3,3,0.2,655.84
IN-2025-103831,27-03-2025,27-03-2025,Same Day,CU-1333,Pooja Singh,Corporate,India,Bhubaneswar,Odisha,East,FUR-FUR-134,Furniture,Furnishings,Furnishings model 134,9710.36,7,0.15,2067.91
IN-2024-102337,22-02-2024,24-02-2024,First Class,CU-1482,Ravi Sharma,Consumer,India,Noida,Uttar Pradesh,North,TEC-MAC-139,Technology,Machines,Machines model 139,172958.76,7,0.0,28852.08
IN-2024-102942,16-08-2024,20-08-2024,Standard Class,CU-1057,Neha Patel,Corporate,India,Amritsar,Punjab,North,OFF-BIN-114,Office Supplies,Binders,Binders model 114,666.76,2,0.2,213.26
IN-2025-104056,26-05-2025,26-05-2025,Same Day,CU-1088,Karthik Iyer,Consumer,India,Thiruvananthapuram,Kerala,South,OFF-ART-109,Office Supplies,Art,Art model 109,2146.68,8,0.05,821.06
IN-2023-101476,13-06-2023,15-06-2023,First Class,CU-1412,Arjun Patel,Corporate,India,Jaipur,Rajasthan,West,OFF-ART-112,Office Supplies,Art,Art model 112,250.96,1,0.0,102.9
IN-2025-104226,10-07-2025,12-07-2025,Second Class,CU-1431,Aditya Verma,Corporate,India,Patna,Bihar,East,OFF-BIN-100,Office Supplies,Binders,Binders model 100,844.64,2,0.1,340.62
IN-2025-104968,27-12-2025,30-12-2025,Second Class,CU-1484,Rahul Shah,Consumer,India,Lucknow,Uttar Pradesh,North,OFF-ART-139,Office Supplies,Art,Art model 139,1187.37,5,0.15,311.28
IN-2023-101308,15-04-2023,20-04-2023,Standard Class,CU-1100,Vivaan Iyer,Consumer,India,Ahmedabad,Gujarat,West,OFF-STO-108,Office Supplies,Storage,Storage model 108,9375.06,7,0.2,1830.38
IN-2025-103953,27-04-2025,01-05-2025,Second Class,CU-1145,Nisha Das,Consumer,India,Kolkata,West Bengal,East,OFF-PAP-109,Office Supplies,Paper,Paper model 109,1679.88,6,0.0,777.17
IN-2022-100003,02-01-2022,02-01-2022,Same Day,CU-1005,DIVYA SHARMA,Consumer,India,Jaipur,Rajasthan,West,OFF-ART-122,Office Supplies,Art,Art model 122,255.81,1,0.0,111.87
IN-2023-102098,21-12-2023,21-12-2023,Same Day,CU-1536,Lakshmi Joshi,,India,Kolkata,West Bengal,East,OFF-LAB-125,Office Supplies,Labels,Labels model 125,373.8,3,0.2,133.09
IN-2024-102616,09-05-2024,13-05-2024,Standard Class,CU-1551,Ravi Kumar,Consumer,India,Chennai,Tamil Nadu,South,OFF-ART-139,Office Supplies,Art,Art model 139,621.79,4,0.35,81.17
IN-2023-101068,27-01-2023,01-02-2023,Standard Class,CU-1001,Aditya Verma,Consumer,India,Nagpur,Maharashtra,West,OFF-ART-131,Office Supplies,Art,Art model 131,411.61,2,0.1,135.11
IN-2025-104545,04-10-2025,09-10-2025,Standard Class,CU-1583,Aarav Iyer,Home Office,India,Nagpur,Maharashtra,West,OFF-LAB-103,Office Supplies,Labels,Labels model 103,435.84,3,0.0,227.57
IN-2022-100181,26-03-2022,02-04-2022,Standard Class,CU-1315,Rohit Gupta,Corporate,India,Nagpur,Maharashtra,West,TEC-ACC-136,Technology,Accessories,Accessories model 136,2045.0,2,0.1,680.65
IN-2022-100147,12-03-2022,17-03-2022,Standard Class,CU-1459,Meera Sharma,Consumer,India,Bengaluru,Karnataka,South,TEC-COP-139,Technology,Copiers,Copiers model 139,58801.55,2,0.1,20534.11
IN-2022-100630,02-10-2022,04-10-2022,Second Class,CU-1372,Ananya Pillai,Consumer,India,Coimbatore,Tamil Nadu,South,OFF-BIN-124,Office Supplies,Binders,Binders model 124,296.49,1,0.3,62.0
IN-2024-102809,09-07-2024,16-07-2024,Standard Class,CU-1499,Suresh Menon,Consumer,India,Patna,Bihar,East,TEC-ACC-122,Technology,Accessories,Accessories model 122,2919.81,3,0.15,702.98
IN-2022-100402,17-06-2022,20-06-2022,First Class,CU-1251,Rahul Verma,Home Office,India,Noida,Uttar Pradesh,North,OFF-LAB-124,Office Supplies,Labels,Labels model 124,295.37,3,0.3,83.22
IN-2024-102462,27-03-2024,03-04-2024,Standard Class,CU-1245,Aditya Gupta,Corporate,India,Nagpur,Maharashtra,West,OFF-ART-139,Office Supplies,Art,Art model 139,2289.11,8,0.0,927.04
IN-2023-101105,13-02-2023,17-02-2023,Second Class,CU-1180,Divya Das,Corporate,India,Jaipur,Rajasthan,West,TEC-PHO-128,Technology,Phones,Phones model 128,81780.55,5,0.0,20393.27
IN-2024-102908,06-08-2024,12-08-2024,Standard Class,CU-1437,Rohit Shah,Consumer,India,Surat,Gujarat,West,TEC-ACC-134,Technology,Accessories,Accessories model 134,1125.21,1,0.1,362.2
IN-2024-102655,23-05-2024,24-05-2024,First Class,CU-1002,Ananya Pillai,Corporate,India,Kochi,Kerala,South,OFF-LAB-105,Office Supplies,Labels,Labels model 105,438.73,3,0.0,225.95
IN-2023-101450,03-06-2023,08-06-2023,Standard Class,CU-1252,Arjun Joshi,Consumer,India,Jaipur,Rajasthan,West,OFF-BIN-131,Office Supplies,Binders,Binders model 131,814.42,2,0.2,223.55
IN-2025-104026,17-05-2025,20-05-2025,First Class,CU-1474,Manoj Rao,Home Office,India,Ahmedabad,Gujarat,West,FUR-CHA-137,Furniture,Chairs,Chairs model 137,8480.84,2,0.05,1779.34
IN-2022-100173,22-03-2022,26-03-2022,Standard Class,CU-1496,Pooja Menon,Corporate,India,Bengaluru,Karnataka,South,OFF-STO-124,Office Supplies,Storage,Storage model 124,3160.51,2,0.15,721.23
IN-2025-104453,05-09-2025,11-09-2025,Standard Class,CU-1362,Arjun Kumar,Home Office,India,Kolkata,West Bengal,East,FUR-TAB-137,Furniture,Tables,Tables model 137,7571.59,1,0.15,96.21
IN-2022-100668,13-10-2022,17-10-2022,Standard Class,CU-1089,SURESH NAIR,Home Office,India,Ahmedabad,Gujarat,West,OFF-LAB-132,Office Supplies,Labels,Labels model 132,241.63,2,0.2,98.99
IN-2025-104165,23-06-2025,30-06-2025,Standard Class,CU-1089,Suresh Nair,Home Office,India,Coimbatore,Tamil Nadu,South,TEC-ACC-138,Technology,Accessories,Accessories model 138,5459.26,5,0.05,1871.26
IN-2024-102276,04-02-2024,07-02-2024,First Class,CU-1108,Aarav Rao,Corporate,India,Salem,Tamil Nadu,South,FUR-BOO-117,Furniture,Bookcases,Bookcases model 117,7499.88,1,0.05,910.94
IN-2023-101814,06-10-2023,11-10-2023,Standard Class,CU-1457,Isha Joshi,Home Office,India,Jaipur,Rajasthan,West,OFF-ART-104,Office Supplies,Art,Art model 104,1449.59,6,0.05,597.83
IN-2025-104397,25-08-2025,30-08-2025,Standard Class,CU-1256,Vivaan Sharma,Home Office,India,New Delhi,Delhi,North,FUR-FUR-133,Furniture,Furnishings,Furnishings model 133,4088.03,3,0.1,1125.69
IN-2024-102524,16-04-2024,23-04-2024,Standard Class,CU-1434,Lakshmi Pillai,Corporate,India,Nagpur,Maharashtra,West,TEC-ACC-119,Technology,Accessories,Accessories model 119,5035.31,4,0.0,2068.68
IN-2023-101917,02-11-2023,08-11-2023,Standard Class,CU-1248,Ashok Verma,Corporate,India,Mumbai,Maharashtra,West,FUR-FUR-100,Furniture,Furnishings,Furnishings model 100,3261.26,2,0.05,795.03
IN-2025-103649,08-02-2025,10-02-2025,Second Class,CU-1178,Priya Nair,Corporate,India,Mumbai,Maharashtra,West,OFF-ART-136,Office Supplies,Art,Art model 136,699.82,3,0.0,295.73
IN-2024-102536,19-04-2024,26-04-2024,Standard Class,CU-1207,Sneha Sharma,Home Office,India,Bhubaneswar,Odisha,East,OFF-LAB-105,Office Supplies,Labels,Labels model 105,849.56,6,0.05,390.86
IN-2022-100495,01-08-2022,01-08-2022,Same Day,CU-1324,Priya Kumar,Consumer,India,Jaipur,Rajasthan,West,OFF-PAP-103,Office Supplies,Paper,Paper model 103,865.21,3,0.0,413.43
IN-2024-102691,01-06-2024,06-06-2024,Standard Class,CU-1217,Manoj Rao,Home Office,India,Bhubaneswar,Odisha,East,TEC-COP-127,Technology,Copiers,Copiers model 127,62555.32,3,0.35,3921.65
IN-2025-104671,26-10-2025,30-10-2025,Standard Class,CU-1447,Neha Reddy,Consumer,India,Thiruvananthapuram,Kerala,South,OFF-PAP-139,Office Supplies,Paper,Paper model 139,553.02,2,0.05,242.5
IN-2023-102029,01-12-2023,05-12-2023,Standard Class,CU-1424,Pooja Singh,Corporate,India,Salem,Tamil Nadu,South,TEC-MAC-114,Technology,Machines,Machines model 114,23538.17,1,0.0,2489.57
IN-2022-100776,11-11-2022,12-11-2022,First Class,CU-1521,Rahul Sharma,Corporate,India,Ahmedabad,Gujarat,West,OFF-PAP-135,Office Supplies,Paper,Paper model 135,261.82,1,0.05,120.72
IN-2025-104120,12-06-2025,14-06-2025,Second Class,CU-1428,Ashok Reddy,Consumer,India,Kochi,Kerala,South,OFF-STO-107,Office Supplies,Storage,Storage model 107,9774.66,7,0.15,2254.42
IN-2024-102897,01-08-2024,05-08-2024,Standard Class,CU-1315,Rohit Gupta,Corporate,India,Chennai,Tamil Nadu,South,FUR-TAB-123,Furniture,Tables,Tables model 123,28852.99,5,0.35,-6816.59
IN-2023-101005,07-01-2023,13-01-2023,Standard Class,CU-1481,Ravi Gupta,Consumer,India,Hyderabad,Telangana,South,FUR-BOO-103,Furniture,Bookcases,Bookcases model 103,6902.24,1,0.1,911.31
IN-2024-102252,29-01-2024,05-02-2024,Standard Class,CU-1358,Ashok Verma,Consumer,India,New Delhi,Delhi,North,FUR-FUR-109,Furniture,Furnishings,Furnishings model 109,4529.78,3,0.1,1205.84
IN-2025-104619,16-10-2025,19-10-2025,First Class,CU-1153,Swathi Pillai,Consumer,India,Bhubaneswar,Odisha,East,TEC-ACC-118,Technology,Accessories,Accessories model 118,4290.75,4,0.1,1406.39
IN-2022-100412,24-06-2022,29-06-2022,Standard Class,CU-1586,Ananya Singh,Corporate,India,Hyderabad,Telangana,South,OFF-BIN-107,Office Supplies,Binders,Binders model 107,873.88,2,0.05,324.95
IN-2022-100259,20-04-2022,23-04-2022,Second Class,CU-1127,Ashok Nair,Consumer,India,Salem,Tamil Nadu,South,FUR-TAB-137,Furniture,Tables,Tables model 137,31255.03,5,0.35,-6365.22
IN-2022-100901,10-12-2022,17-12-2022,Standard Class,CU-1035,Sneha Kumar,Consumer,India,Bhubaneswar,Odisha,East,FUR-BOO-121,Furniture,Bookcases,Bookcases model 121,18531.85,3,0.1,2518.12
IN-2025-104818,25-11-2025,27-11-2025,First Class,CU-1134,Arjun Patel,Consumer,India,New Delhi,Delhi,North,OFF-LAB-111,Office Supplies,Labels,Labels model 111,452.74,3,0.1,206.02
IN-2025-104362,15-08-2025,20-08-2025,Standard Class,CU-1172,Karthik Pillai,Corporate,India,Amritsar,Punjab,North,OFF-LAB-138,Office Supplies,Labels,Labels model 138,343.91,2,0.0,181.59
IN-2023-101607,30-07-2023,02-08-2023,First Class,CU-1242,Nisha Gupta,Consumer,India,Bengaluru,Karnataka,South,OFF-BIN-135,Office Supplies,Binders,Binders model 135,2694.92,7,0.15,933.55
IN-2025-103847,30-03-2025,04-04-2025,Standard Class,CU-1349,Swathi Verma,Corporate,India,Nagpur,Maharashtra,West,OFF-BIN-131,Office Supplies,Binders,Binders model 131,3354.79,7,0.0,1441.36
IN-2023-101665,20-08-2023,24-08-2023,Standard Class,CU-1343,Swathi Menon,Consumer,India,New Delhi,Delhi,North,OFF-PAP-121,Office Supplies,Paper,Paper model 121,763.59,4,0.3,194.25
IN-2023-101524,28-06-2023,01-07-2023,Second Class,CU-1470,Rohit Joshi,Consumer,India,Surat,Gujarat,West,TEC-PHO-115,Technology,Phones,Phones model 115,30443.08,2,0.05,8540.68
IN-2023-101416,24-05-2023,25-05-2023,First Class,CU-1168,Deepak Sharma,Corporate,India,Hyderabad,Telangana,South,OFF-PAP-121,Office Supplies,Paper,Paper model 121,312.22,1,0.0,145.33
IN-2023-101470,11-06-2023,13-06-2023,Second Class,CU-1180,Divya Das,Corporate,India,Ahmedabad,Gujarat,West,TEC-ACC-126,Technology,Accessories,Accessories model 126,2178.84,2,0.05,836.65
IN-2022-100792,14-11-2022,19-11-2022,Standard Class,CU-1515,Neha Verma,Consumer,India,Jaipur,Rajasthan,West,OFF-LAB-120,Office Supplies,Labels,Labels model 120,832.76,7,0.1,331.64
IN-2022-100531,16-08-2022,16-08-2022,Same Day,CU-1538,Manoj Pillai,Consumer,India,Salem,Tamil Nadu,South,FUR-TAB-116,Furniture,Tables,Tables model 116,38558.51,5,0.15,-715.27
IN-2022-100898,10-12-2022,10-12-2022,Same Day,CU-1273,Pooja Iyer,Consumer,India,Jaipur,Rajasthan,West,TEC-COP-105,Technology,Copiers,Copiers model 105,157457.32,7,0.4,3399.53
IN-2024-102355,27-02-2024,04-03-2024,Standard Class,CU-1032,Manoj Gupta,,India,Surat,Gujarat,West,FUR-TAB-131,Furniture,Tables,Tables model 131,29375.55,3,0.05,40.9
IN-2024-103290,14-11-2024,18-11-2024,Second Class,CU-1462,Neha Menon,Corporate,India,Ludhiana,Punjab,North,TEC-MAC-118,Technology,Machines,Machines model 118,71617.24,5,0.4,-14772.42
IN-2025-104783,17-11-2025,19-11-2025,Second Class,CU-1218,Priya Kumar,Consumer,India,Mumbai,Maharashtra,West,OFF-LAB-103,Office Supplies,Labels,Labels model 103,395.71,3,0.05,193.84
IN-2025-104618,16-10-2025,23-10-2025,Standard Class,CU-1580,Aditya Nair,Corporate,India,Madurai,Tamil Nadu,South,OFF-LAB-109,Office Supplies,Labels,Labels model 109,115.38,1,0.15,47.02
IN-2022-100966,28-12-2022,01-01-2023,Standard Class,CU-1408,Ravi Sharma,Home Office,India,Surat,Gujarat,West,TEC-PHO-113,Technology,Phones,Phones model 113,42148.44,3,0.05,7556.18
IN-2024-102515,13-04-2024,17-04-2024,Standard Class,CU-1471,Ravi Reddy,Home Office,India,Bhubaneswar,Odisha,East,TEC-ACC-118,Technology,Accessories,Accessories model 118,2238.9,2,0.1,728.39
IN-2022-100834,23-11-2022,30-11-2022,Standard Class,CU-1457,Isha Joshi,Home Office,India,Patna,Bihar,East,OFF-BIN-128,Office Supplies,Binders,Binders model 128,804.4,3,0.35,93.87
IN-2025-103550,10-01-2025,12-01-2025,First Class,CU-1339,Divya Joshi,Consumer,India,Kolkata,West Bengal,East,FUR-BOO-135,Furniture,Bookcases,Bookcases model 135,5299.09,1,0.2,208.79
IN-2023-101396,19-05-2023,23-05-2023,Second Class,CU-1072,Priya Shah,Corporate,India,Hyderabad,Telangana,South,OFF-PAP-138,Office Supplies,Paper,Paper model 138,548.45,2,0.0,281.04
IN-2025-103923,17-04-2025,20-04-2025,First Class,CU-1444,Ravi Singh,Consumer,India,New Delhi,Delhi,North,OFF-STO-103,Office Supplies,Storage,Storage model 103,4038.51,2,0.0,1181.29
IN-2023-101434,28-05-2023,03-06-2023,Standard Class,CU-1146,Aditya Pillai,Consumer,India,Salem,Tamil Nadu,South,OFF-LAB-127,Office Supplies,Labels,Labels model 127,134.27,1,0.05,60.38
IN-2022-100791,14-11-2022,21-11-2022,Standard Class,CU-1014,Ravi Das,Consumer,India,Patna,Bihar,East,FUR-CHA-114,Furniture,Chairs,Chairs model 114,19340.11,5,0.25,1310.18
IN-2023-101785,01-10-2023,02-10-2023,First Class,CU-1196,Manoj Menon,Consumer,India,Thiruvananthapuram,Kerala,South,OFF-STO-105,Office Supplies,Storage,Storage model 105,3660.85,2,0.0,1000.19
IN-2024-102599,04-05-2024,08-05-2024,Standard Class,CU-1520,Priya Nair,Consumer,India,Ludhiana,Punjab,North,OFF-ART-100,Office Supplies,Art,Art model 100,622.92,3,0.1,224.51
IN-2022-100781,12-11-2022,16-11-2022,Second Class,CU-1243,Nisha Kumar,Consumer,India,Jaipur,Rajasthan,West,FUR-CHA-130,Furniture,Chairs,Chairs model 130,7859.21,2,0.2,652.29
IN-2025-103725,02-03-2025,07-03-2025,Standard Class,CU-1142,Deepak Reddy,Consumer,India,Jaipur,Rajasthan,West,OFF-LAB-126,Office Supplies,Labels,Labels model 126,268.7,2,0.0,123.07
IN-2023-101180,07-03-2023,08-03-2023,First Class,CU-1129,Manoj Pillai,Consumer,India,Pune,Maharashtra,West,OFF-ART-129,Office Supplies,Art,Art model 129,967.7,4,0.05,328.59
IN-2023-101109,15-02-2023,22-02-2023,Standard Class,CU-1036,Swathi Reddy,Consumer,India,New Delhi,Delhi,North,OFF-ART-125,Office Supplies,Art,Art model 125,468.12,2,0.0,180.58
IN-2024-102200,15-01-2024,19-01-2024,Standard Class,CU-1562,Lakshmi Pillai,Consumer,India,Ludhiana,Punjab,North,OFF-BIN-105,Office Supplies,Binders,Binders model 105,2391.35,5,0.05,933.77
IN-2024-102852,19-07-2024,21-07-2024,Second Class,CU-1263,Pooja Sharma,Consumer,India,Jaipur,Rajasthan,West,OFF-ART-134,Office Supplies,Art,Art model 134,909.65,4,0.1,327.07
IN-2024-103515,31-12-2024,04-01-2025,Standard Class,CU-1017,Ananya Patel,Consumer,India,Bengaluru,Karnataka,South,OFF-ART-108,Office Supplies,Art,Art model 108,448.93,2,0.0,179.39
IN-2023-101145,26-02-2023,28-02-2023,Second Class,CU-1364,Vivaan Reddy,Consumer,India,Jaipur,Rajasthan,West,TEC-PHO-104,Technology,Phones,Phones model 104,57445.72,4,0.1,7017.41
IN-2025-103626,03-02-2025,06-02-2025,First Class,CU-1221,Aditya Pillai,Consumer,India,Kochi,Kerala,South,OFF-ART-111,Office Supplies,Art,Art model 111,413.36,2,0.1,132.62
IN-2022-100133,07-03-2022,14-03-2022,Standard Class,CU-1125,Aditya Singh,Consumer,India,Surat,Gujarat,West,FUR-CHA-102,Furniture,Chairs,Chairs model 102,17684.8,4,0.05,3457.78
IN-2024-102477,31-03-2024,06-04-2024,Standard Class,CU-1199,Neha Pillai,Consumer,India,New Delhi,Delhi,North,TEC-ACC-129,Technology,Accessories,Accessories model 129,3506.24,3,0.0,1550.04
IN-2024-102436,21-03-2024,28-03-2024,Standard Class,CU-1518,Vikram Nair,Corporate,India,Surat,Gujarat,West,TEC-MAC-138,Technology,Machines,Machines model 138,16319.77,1,0.15,966.1
IN-2025-104942,22-12-2025,28-12-2025,Standard Class,CU-1028,Priya Rao,Corporate,India,Hyderabad,Telangana,South,OFF-STO-110,Office Supplies,Storage,Storage model 110,2770.94,2,0.1,725.53
IN-2024-102914,06-08-2024,10-08-2024,Standard Class,CU-1281,Aarav Sharma,Consumer,India,Surat,Gujarat,West,FUR-FUR-119,Furniture,Furnishings,Furnishings model 119,3583.45,3,0.2,517.01
IN-2025-104207,04-07-2025,08-07-2025,Standard Class,CU-1492,Rahul Verma,Consumer,India,Nagpur,Maharashtra,West,OFF-LAB-104,Office Supplies,Labels,Labels model 104,920.84,7,0.15,338.36
IN-2023-101973,18-11-2023,24-11-2023,Standard Class,CU-1374,AARAV PATEL,Consumer,India,Kolkata,West Bengal,East,TEC-COP-100,Technology,Copiers,Copiers model 100,193805.39,6,0.15,57374.84
IN-2024-102418,17-03-2024,20-03-2024,First Class,CU-1038,Rahul Kumar,Consumer,India,Madurai,Tamil Nadu,South,TEC-MAC-134,Technology,Machines,Machines model 134,59320.34,3,0.2,1373.14
IN-2022-100608,22-09-2022,26-09-2022,Standard Class,CU-1353,Aarav Patel,Corporate,India,New Delhi,Delhi,North,OFF-ART-115,Office Supplies,Art,Art model 115,916.29,4,0.1,280.29
IN-2025-103867,03-04-2025,04-04-2025,First Class,CU-1294,Ravi Iyer,Consumer,India,Noida,Uttar Pradesh,North,FUR-CHA-106,Furniture,Chairs,Chairs model 106,23327.16,5,0.0,5232.14
IN-2024-102868,26-07-2024,01-08-2024,Standard Class,CU-1165,Isha Menon,,India,Hyderabad,Telangana,South,OFF-LAB-129,Office Supplies,Labels,Labels model 129,457.93,3,0.0,233.34
IN-2024-102320,16-02-2024,22-02-2024,Standard Class,CU-1158,Divya Singh,Consumer,India,Jaipur,Rajasthan,West,FUR-FUR-125,Furniture,Furnishings,Furnishings model 125,7058.44,6,0.1,1589.77
IN-2025-104973,27-12-2025,02-01-2026,Standard Class,CU-1302,Pooja Joshi,Corporate,India,Amritsar,Punjab,North,OFF-ART-128,Office Supplies,Art,Art model 128,594.63,3,0.2,170.53
IN-2024-102881,29-07-2024,02-08-2024,Standard Class,CU-1528,Suresh Patel,Corporate,India,Patna,Bihar,East,TEC-MAC-124,Technology,Machines,Machines model 124,38974.86,2,0.05,2873.64
IN-2025-104447,03-09-2025,10-09-2025,Standard Class,CU-1087,Deepak Reddy,Home Office,India,Jaipur,Rajasthan,West,OFF-LAB-117,Office Supplies,Labels,Labels model 117,459.42,3,0.0,238.59
IN-2022-100620,30-09-2022,30-09-2022,Same Day,CU-1132,Suresh Patel,Consumer,India,Amritsar,Punjab,North,TEC-COP-107,Technology,Copiers,Copiers model 107,39586.69,1,0.0,16055.05
IN-2023-101016,09-01-2023,11-01-2023,First Class,CU-1378,Manoj Rao,Consumer,India,Jaipur,Rajasthan,West,OFF-LAB-133,Office Supplies,Labels,Labels model 133,263.12,2,0.1,120.87
IN-2023-102014,28-11-2023,03-12-2023,Standard Class,CU-1580,Aditya Nair,Corporate,India,Bengaluru,Karnataka,South,TEC-MAC-100,Technology,Machines,Machines model 100,21465.72,1,0.0,3766.55
IN-2024-103448,17-12-2024,19-12-2024,Second Class,CU-1159,Ananya Singh,Corporate,India,Mysuru,Karnataka,South,TEC-PHO-127,Technology,Phones,Phones model 127,80357.89,5,0.0,24927.0
IN-2022-100703,23-10-2022,27-10-2022,Standard Class,CU-1103,Nisha Kumar,Consumer,India,Jaipur,Rajasthan,West,TEC-COP-110,Technology,Copiers,Copiers model 110,30187.14,1,0.1,9624.53
IN-2023-101552,10-07-2023,14-07-2023,Standard Class,CU-1518,Vikram Nair,Corporate,India,Jaipur,Rajasthan,West,FUR-CHA-112,Furniture,Chairs,Chairs model 112,10497.5,3,0.2,923.24
IN-2023-101297,13-04-2023,17-04-2023,Second Class,CU-1533,Vivaan Patel,Home Office,India,Ahmedabad,Gujarat,West,OFF-ART-133,Office Supplies,Art,Art model 133,186.86,1,0.3,29.87
IN-2023-101953,11-11-2023,18-11-2023,Standard Class,CU-1328,Ananya Pillai,Consumer,India,Bengaluru,Karnataka,South,OFF-STO-137,Office Supplies,Storage,Storage model 137,8717.64,5,0.05,2585.31
IN-2024-102828,14-07-2024,16-07-2024,Second Class,CU-1490,Kavya Das,Consumer,India,Surat,Gujarat,West,OFF-LAB-127,Office Supplies,Labels,Labels model 127,493.1,3,0.0,232.91
IN-2024-102724,10-06-2024,11-06-2024,First Class,CU-1030,Aarav Iyer,Consumer,India,Kolkata,West Bengal,East,OFF-STO-135,Office Supplies,Storage,Storage model 135,5364.36,3,0.1,1510.58
IN-2022-100422,29-06-2022,03-07-2022,Second Class,CU-1543,Nisha Shah,Corporate,India,Amritsar,Punjab,North,OFF-LAB-109,Office Supplies,Labels,Labels model 109,262.31,2,0.2,95.7
IN-2024-102364,01-03-2024,07-03-2024,Standard Class,CU-1368,Isha Kumar,Corporate,India,Surat,Gujarat,West,TEC-COP-122,Technology,Copiers,Copiers model 122,119877.71,5,0.2,37485.49
IN-2025-103873,04-04-2025,08-04-2025,Standard Class,CU-1099,Ravi Gupta,Home Office,India,Patna,Bihar,East,OFF-BIN-102,Office Supplies,Binders,Binders model 102,763.21,2,0.05,311.67
IN-2025-104609,16-10-2025,18-10-2025,First Class,CU-1425,Priya Iyer,Home Office,India,Ahmedabad,Gujarat,West,TEC-PHO-117,Technology,Phones,Phones model 117,40958.55,3,0.05,9891.07
IN-2023-101488,18-06-2023,25-06-2023,Standard Class,CU-1067,Swathi Gupta,Consumer,India,Bengaluru,Karnataka,South,OFF-STO-115,Office Supplies,Storage,Storage model 115,1775.25,1,0.1,400.82
IN-2024-103066,26-09-2024,28-09-2024,Second Class,CU-1308,Arjun Patel,Corporate,India,Ahmedabad,Gujarat,West,OFF-PAP-120,Office Supplies,Paper,Paper model 120,1769.26,7,0.05,908.72
IN-2022-100611,24-09-2022,28-09-2022,Standard Class,CU-1086,Sneha Patel,Consumer,India,Bhubaneswar,Odisha,East,OFF-PAP-130,Office Supplies,Paper,Paper model 130,1032.26,4,0.05,502.18
IN-2024-103363,27-11-2024,03-12-2024,Standard Class,CU-1247,Meera Menon,Consumer,India,Nagpur,Maharashtra,West,OFF-PAP-128,Office Supplies,Paper,Paper model 128,1760.74,6,0.0,809.12
IN-2023-102086,18-12-2023,22-12-2023,Standard Class,CU-1075,Manoj Nair,Consumer,India,Jaipur,Rajasthan,West,OFF-PAP-137,Office Supplies,Paper,Paper model 137,901.19,3,0.1,378.75
IN-2022-100475,25-07-2022,28-07-2022,Second Class,CU-1176,Kavya Menon,Consumer,India,Patna,Bihar,East,FUR-CHA-129,Furniture,Chairs,Chairs model 129,3258.12,1,0.35,-152.16
IN-2022-100560,29-08-2022,05-09-2022,Standard Class,CU-1558,Suresh Shah,Consumer,India,Ahmedabad,Gujarat,West,OFF-LAB-116,Office Supplies,Labels,Labels model 116,134.24,1,0.0,63.95
IN-2025-104414,27-08-2025,31-08-2025,Standard Class,CU-1117,Aarav Shah,Corporate,India,Mumbai,Maharashtra,West,OFF-LAB-112,Office Supplies,Labels,Labels model 112,562.25,4,0.0,287.3
IN-2025-104116,11-06-2025,15-06-2025,Second Class,CU-1477,Vikram Reddy,Consumer,India,Bhubaneswar,Odisha,East,TEC-MAC-137,Technology,Machines,Machines model 137,42020.39,2,0.05,3837.51
IN-2025-103967,01-05-2025,02-05-2025,First Class,CU-1053,Ashok Verma,Corporate,India,Patna,Bihar,East,TEC-ACC-106,Technology,Accessories,Accessories model 106,10768.95,8,0.0,3876.06
IN-2023-101924,04-11-2023,08-11-2023,Standard Class,CU-1213,Rahul Menon,Corporate,India,Ludhiana,Punjab,North,FUR-CHA-109,Furniture,Chairs,Chairs model 109,18529.44,5,0.2,2681.74
IN-2024-103468,21-12-2024,23-12-2024,Second Class,CU-1179,Neha Verma,Corporate,India,Kochi,Kerala,South,TEC-ACC-130,Technology,Accessories,Accessories model 130,2445.11,2,0.05,907.81
IN-2023-101981,19-11-2023,21-11-2023,Second Class,CU-1470,Rohit Joshi,Consumer,India,Mysuru,Karnataka,South,OFF-LAB-103,Office Supplies,Labels,Labels model 103,587.62,5,0.15,245.05
IN-2023-101580,19-07-2023,26-07-2023,Standard Class,CU-1146,Aditya Pillai,Consumer,India,Patna,Bihar,East,OFF-ART-121,Office Supplies,Art,Art model 121,186.69,1,0.25,40.35
IN-2024-102682,29-05-2024,31-05-2024,Second Class,CU-1158,Divya Singh,Consumer,India,Thiruvananthapuram,Kerala,South,OFF-PAP-126,Office Supplies,Paper,Paper model 126,819.79,3,0.05,412.64
IN-2023-101988,21-11-2023,25-11-2023,Standard Class,CU-1258,Meera Singh,Consumer,India,Noida,Uttar Pradesh,North,OFF-BIN-124,Office Supplies,Binders,Binders model 124,668.42,2,0.3,143.26
IN-2024-102193,13-01-2024,15-01-2024,Second Class,CU-1005,Divya Sharma,Consumer,India,Ludhiana,Punjab,North,FUR-FUR-101,Furniture,Furnishings,Furnishings model 101,2630.9,2,0.1,633.5
IN-2025-104170,24-06-2025,01-07-2025,Standard Class,CU-1591,Pooja Verma,Consumer,India,Kolkata,West Bengal,East,OFF-STO-112,Office Supplies,Storage,Storage model 112,6822.64,4,0.05,1769.81
IN-2022-100509,08-08-2022,11-08-2022,First Class,CU-1460,Nisha Patel,Corporate,India,Thiruvananthapuram,Kerala,South,TEC-ACC-119,Technology,Accessories,Accessories model 119,1880.69,2,0.1,569.33
IN-2025-104503,20-09-2025,24-09-2025,Second Class,CU-1585,Priya Pillai,Consumer,India,Bhubaneswar,Odisha,East,TEC-PHO-106,Technology,Phones,Phones model 106,81747.41,5,0.05,19407.22
IN-2025-103824,25-03-2025,01-04-2025,Standard Class,CU-1300,Lakshmi Shah,Corporate,India,Kolkata,West Bengal,East,TEC-COP-110,Technology,Copiers,Copiers model 110,180973.3,7,0.2,45720.93
IN-2024-102431,20-03-2024,23-03-2024,Second Class,CU-1274,Manoj Singh,Consumer,India,Patna,Bihar,East,FUR-TAB-136,Furniture,Tables,Tables model 136,19735.19,3,0.25,-2317.31
IN-2025-104582,11-10-2025,15-10-2025,Standard Class,CU-1003,Rohit Sharma,Home Office,India,Kolkata,West Bengal,East,OFF-PAP-117,Office Supplies,Paper,Paper model 117,249.19,1,0.05,101.9
IN-2024-103192,21-10-2024,24-10-2024,Second Class,CU-1154,Isha Singh,Corporate,India,Jaipur,Rajasthan,West,TEC-COP-112,Technology,Copiers,Copiers model 112,72290.02,3,0.2,15109.05
IN-2023-101500,20-06-2023,25-06-2023,Standard Class,CU-1312,Manoj Shah,Consumer,India,Noida,Uttar Pradesh,North,TEC-COP-136,Technology,Copiers,Copiers model 136,88538.3,4,0.3,13553.23
IN-2024-102907,06-08-2024,11-08-2024,Standard Class,CU-1338,Neha Gupta,Consumer,India,Kolkata,West Bengal,East,OFF-STO-124,Office Supplies,Storage,Storage model 124,8567.5,5,0.0,3201.86
IN-2023-101140,24-02-2023,03-03-2023,Standard Class,CU-1038,Rahul Kumar,Consumer,India,New Delhi,Delhi,North,OFF-PAP-139,Office Supplies,Paper,Paper model 139,665.99,2,0.0,307.38
IN-2025-104445,03-09-2025,06-09-2025,First Class,CU-1489,Vivaan Nair,Consumer,India,Salem,Tamil Nadu,South,OFF-ART-107,Office Supplies,Art,Art model 107,320.21,2,0.3,58.94
IN-2025-104321,04-08-2025,08-08-2025,Second Class,CU-1371,Arjun Kumar,Consumer,India,Amritsar,Punjab,North,OFF-STO-111,Office Supplies,Storage,Storage model 111,4990.39,3,,1549.54
IN-2024-102802,08-07-2024,11-07-2024,Second Class,CU-1002,Ananya Pillai,Corporate,India,Bhubaneswar,Odisha,East,FUR-TAB-105,Furniture,Tables,Tables model 105,21188.26,3,0.1,361.8
IN-2023-101306,15-04-2023,17-04-2023,First Class,CU-1530,Swathi Gupta,Corporate,India,Thiruvananthapuram,Kerala,South,TEC-ACC-137,Technology,Accessories,Accessories model 137,1358.62,1,0.0,507.62
IN-2024-103199,23-10-2024,27-10-2024,Standard Class,CU-1011,Karthik Verma,Consumer,India,Bhubaneswar,Odisha,East,FUR-CHA-134,Furniture,Chairs,Chairs model 134,8673.98,2,0.1,1663.11
IN-2023-101928,05-11-2023,09-11-2023,Second Class,CU-1142,Deepak Reddy,Consumer,India,Coimbatore,Tamil Nadu,South,FUR-CHA-113,Furniture,Chairs,Chairs model 113,5055.27,1,0.0,1047.26
IN-2023-101458,06-06-2023,10-06-2023,Second Class,CU-1485,Ravi Gupta,Consumer,India,Ahmedabad,Gujarat,West,FUR-TAB-129,Furniture,Tables,Tables model 129,9378.63,1,0.05,375.49
IN-2022-100770,10-11-2022,16-11-2022,Standard Class,CU-1006,Divya Singh,Home Office,India,Kolkata,West Bengal,East,OFF-LAB-103,Office Supplies,Labels,Labels model 103,133.11,1,0.05,61.57
IN-2023-101991,22-11-2023,28-11-2023,Standard Class,CU-1416,Sneha Menon,Corporate,India,Mumbai,Maharashtra,West,OFF-PAP-131,Office Supplies,Paper,Paper model 131,452.76,2,0.15,147.17
IN-2024-102346,23-02-2024,29-02-2024,Standard Class,CU-1264,Divya Shah,Home Office,India,Bengaluru,Karnataka,South,TEC-PHO-113,Technology,Phones,Phones model 113,45750.99,3,0.05,12914.83
IN-2023-101303,14-04-2023,21-04-2023,Standard Class,CU-1510,Meera Kumar,Consumer,India,Ludhiana,Punjab,North,TEC-ACC-102,Technology,Accessories,Accessories model 102,939.92,1,0.2,254.94
IN-2024-103307,17-11-2024,21-11-2024,Second Class,CU-1381,Manoj Rao,Consumer,India,Amritsar,Punjab,North,OFF-LAB-118,Office Supplies,Labels,Labels model 118,835.84,5,0.0,413.63
IN-2022-100219,06-04-2022,12-04-2022,Standard Class,CU-1045,LAKSHMI IYER,Consumer,India,Chennai,Tamil Nadu,South,FUR-FUR-114,Furniture,Furnishings,Furnishings model 114,1635.68,2,0.4,-120.96
IN-2023-101134,23-02-2023,25-02-2023,First Class,CU-1170,Meera Sharma,Home Office,India,Ahmedabad,Gujarat,West,TEC-PHO-114,Technology,Phones,Phones model 114,33338.24,2,0.0,10958.03
IN-2022-100005,02-01-2022,09-01-2022,Standard Class,CU-1540,Priya Menon,Consumer,India,Pune,Maharashtra,West,FUR-BOO-109,Furniture,Bookcases,Bookcases model 109,12138.94,2,0.1,1181.68
IN-2022-100439,08-07-2022,12-07-2022,Second Class,CU-1585,Priya Pillai,Consumer,India,Hyderabad,Telangana,South,OFF-LAB-104,Office Supplies,Labels,Labels model 104,566.82,4,0.0,265.77
IN-2023-101670,22-08-2023,26-08-2023,Second Class,CU-1034,Aditya Gupta,Consumer,India,Lucknow,Uttar Pradesh,North,OFF-BIN-116,Office Supplies,Binders,Binders model 116,982.2,2,0.05,378.75
IN-2022-100250,17-04-2022,23-04-2022,Standard Class,CU-1242,Nisha Gupta,Consumer,India,Noida,Uttar Pradesh,North,FUR-FUR-108,Furniture,Furnishings,Furnishings model 108,1487.24,1,0.05,451.01
IN-2024-103228,30-10-2024,03-11-2024,Standard Class,CU-1214,Swathi Reddy,Home Office,India,Jaipur,Rajasthan,West,FUR-TAB-132,Furniture,Tables,Tables model 132,7735.74,1,0.15,-60.37
IN-2024-103191,21-10-2024,26-10-2024,Standard Class,CU-1376,Kavya Reddy,Consumer,India,Kochi,Kerala,South,TEC-PHO-101,Technology,Phones,Phones model 101,28843.82,2,0.1,7516.77
IN-2025-104553,05-10-2025,11-10-2025,Standard Class,CU-1471,Ravi Reddy,Home Office,India,Thiruvananthapuram,Kerala,South,OFF-PAP-135,Office Supplies,Paper,Paper model 135,587.28,2,0.0,255.99
IN-2022-100102,22-02-2022,28-02-2022,Standard Class,CU-1077,Kavya Iyer,Corporate,India,Jaipur,Rajasthan,West,OFF-PAP-130,Office Supplies,Paper,Paper model 130,1711.33,5,0.0,824.96
IN-2024-102485,02-04-2024,05-04-2024,First Class,CU-1591,Pooja Verma,Consumer,India,Surat,Gujarat,West,OFF-ART-118,Office Supplies,Art,Art model 118,320.29,2,0.3,50.67
IN-2024-103140,12-10-2024,15-10-2024,First Class,CU-1485,Ravi Gupta,Consumer,India,Ludhiana,Punjab,North,FUR-BOO-100,Furniture,Bookcases,Bookcases model 100,6286.58,1,0.15,793.26
IN-2022-100610,23-09-2022,30-09-2022,Standard Class,CU-1582,Neha Pillai,Consumer,India,Jaipur,Rajasthan,West,FUR-TAB-113,Furniture,Tables,Tables model 113,62295.0,7,0.1,-418.66
IN-2025-103572,19-01-2025,23-01-2025,Second Class,CU-1518,Vikram Nair,Corporate,India,Thiruvananthapuram,Kerala,South,OFF-STO-115,Office Supplies,Storage,Storage model 115,3314.69,2,0.0,898.04
IN-2023-101310,17-04-2023,22-04-2023,Standard Class,CU-1385,Arjun Sharma,Corporate,India,Hyderabad,Telangana,South,OFF-BIN-139,Office Supplies,Binders,Binders model 139,822.95,2,0.1,283.93
IN-2023-101155,01-03-2023,03-03-2023,First Class,CU-1127,Ashok Nair,Consumer,India,Kolkata,West Bengal,East,TEC-COP-116,Technology,Copiers,Copiers model 116,35775.89,1,0.0,13889.41
IN-2025-104625,19-10-2025,24-10-2025,Standard Class,CU-1188,Suresh Iyer,Consumer,India,Kolkata,West Bengal,East,OFF-LAB-103,Office Supplies,Labels,Labels model 103,910.62,6,0.05,374.32
IN-2023-101489,18-06-2023,25-06-2023,Standard Class,CU-1557,Ananya Menon,Home Office,India,New Delhi,Delhi,North,FUR-BOO-111,Furniture,Bookcases,Bookcases model 111,24834.82,4,0.0,4273.66
IN-2025-103627,03-02-2025,05-02-2025,Second Class,CU-1197,Priya Gupta,Corporate,India,Bhubaneswar,Odisha,East,TEC-MAC-114,Technology,Machines,Machines model 114,17001.21,1,0.15,540.66
IN-2022-100735,01-11-2022,07-11-2022,Standard Class,CU-1254,Ashok Patel,Home Office,India,Thiruvananthapuram,Kerala,South,FUR-BOO-122,Furniture,Bookcases,Bookcases model 122,10092.91,2,0.25,-274.3
IN-2024-102968,26-08-2024,28-08-2024,First Class,CU-1281,Aarav Sharma,Consumer,India,Bengaluru,Karnataka,South,OFF-PAP-108,Office Supplies,Paper,Paper model 108,307.73,1,0.05,144.11
IN-2023-101782,30-09-2023,03-10-2023,First Class,CU-1056,Arjun Nair,Consumer,India,Ludhiana,Punjab,North,TEC-ACC-117,Technology,Accessories,Accessories model 117,1871.44,2,0.1,586.64
IN-2025-103686,18-02-2025,23-02-2025,Standard Class,CU-1464,Priya Iyer,Home Office,India,Jaipur,Rajasthan,West,TEC-ACC-127,Technology,Accessories,Accessories model 127,4023.15,4,0.05,1439.38
IN-2022-100468,22-07-2022,28-07-2022,Standard Class,CU-1540,Priya Menon,Consumer,India,Hyderabad,Telangana,South,OFF-LAB-137,Office Supplies,Labels,Labels model 137,340.38,3,0.15,138.02
IN-2025-103668,13-02-2025,14-02-2025,First Class,CU-1582,Neha Pillai,Consumer,India,Kolkata,West Bengal,East,FUR-TAB-129,Furniture,Tables,Tables model 129,6241.62,1,0.25,-559.26
IN-2024-103064,25-09-2024,30-09-2024,Standard Class,CU-1090,Arjun Joshi,Corporate,India,Jaipur,Rajasthan,West,OFF-BIN-114,Office Supplies,Binders,Binders model 114,305.4,1,0.3,71.62
IN-2025-104118,12-06-2025,15-06-2025,Second Class,CU-1182,Isha Sharma,Consumer,India,Bhubaneswar,Odisha,East,OFF-STO-131,Office Supplies,Storage,Storage model 131,1346.04,1,0.2,282.01
IN-2025-104471,09-09-2025,16-09-2025,Standard Class,CU-1572,Lakshmi Pillai,Home Office,India,Jaipur,Rajasthan,West,FUR-CHA-101,Furniture,Chairs,Chairs model 101,6143.23,2,0.3,160.34
IN-2025-104429,30-08-2025,05-09-2025,Standard Class,CU-1312,Manoj Shah,Consumer,India,Surat,Gujarat,west,FUR-FUR-133,Furniture,Furnishings,Furnishings model 133,6513.3,6,0.2,1239.22
IN-2023-101111,15-02-2023,19-02-2023,Standard Class,CU-1176,Kavya Menon,Consumer,India,Mysuru,Karnataka,South,TEC-COP-103,Technology,Copiers,Copiers model 103,34749.05,1,0.0,14173.15
IN-2023-102018,28-11-2023,02-12-2023,Second Class,CU-1158,Divya Singh,Consumer,India,Noida,Uttar Pradesh,North,TEC-PHO-139,Technology,Phones,Phones model 139,15702.77,1,0.05,4733.1
IN-2022-100586,12-09-2022,16-09-2022,Standard Class,CU-1086,Sneha Patel,Consumer,India,Ahmedabad,Gujarat,West,FUR-BOO-135,Furniture,Bookcases,Bookcases model 135,17517.47,3,0.15,1951.52
IN-2025-104943,22-12-2025,24-12-2025,First Class,CU-1562,Lakshmi Pillai,Consumer,India,Bhubaneswar,Odisha,East,TEC-COP-103,Technology,Copiers,Copiers model 103,121988.17,4,0.15,38008.56
IN-2024-103294,15-11-2024,22-11-2024,Standard Class,CU-1407,Kavya Shah,Corporate,India,Chennai,Tamil Nadu,South,TEC-COP-138,Technology,Copiers,Copiers model 138,32875.1,1,0.0,11701.89
IN-2024-102719,09-06-2024,09-06-2024,Same Day,CU-1033,Meera Menon,Corporate,India,New Delhi,Delhi,North,OFF-PAP-127,Office Supplies,Paper,Paper model 127,618.03,2,0.0,265.64
IN-2023-101806,04-10-2023,05-10-2023,First Class,CU-1599,Sneha Reddy,Corporate,India,Salem,Tamil Nadu,South,TEC-MAC-138,Technology,Machines,Machines model 138,65766.37,3,0.0,9739.29
IN-2024-103186,20-10-2024,25-10-2024,Standard Class,CU-1287,Vikram Das,Corporate,India,New Delhi,Delhi,North,FUR-BOO-111,Furniture,Bookcases,Bookcases model 111,21808.17,4,0.1,2530.24
IN-2025-104972,27-12-2025,01-01-2026,Standard Class,CU-1207,Sneha Sharma,Home Office,India,Jaipur,Rajasthan,West,OFF-STO-110,Office Supplies,Storage,Storage model 110,11957.38,6,0.0,4485.39
IN-2024-103270,09-11-2024,10-11-2024,First Class,CU-1013,Pooja Verma,Consumer,India,Jaipur,Rajasthan,West,TEC-COP-120,Technology,Copiers,Copiers model 120,79119.53,2,0.0,32453.82
IN-2024-103055,22-09-2024,29-09-2024,Standard Class,CU-1425,Priya Iyer,Home Office,India,Mysuru,Karnataka,South,OFF-STO-119,Office Supplies,Storage,Storage model 119,10336.89,5,0.0,3228.51
IN-2025-104117,11-06-2025,14-06-2025,Second Class,CU-1170,Meera Sharma,Home Office,India,Jaipur,Rajasthan,West,FUR-BOO-131,Furniture,Bookcases,Bookcases model 131,16072.5,3,0.1,1655.26
IN-2024-103298,16-11-2024,16-11-2024,Same Day,CU-1497,Sneha Verma,Consumer,India,Patna,Bihar,East,OFF-PAP-117,Office Supplies,Paper,Paper model 117,307.87,1,0.1,133.76
IN-2022-100757,06-11-2022,13-11-2022,Standard Class,CU-1091,Manoj Joshi,Home Office,India,Thiruvananthapuram,Kerala,South,TEC-MAC-116,Technology,Machines,Machines model 116,22080.04,1,0.05,2016.75
IN-2024-102750,19-06-2024,20-06-2024,First Class,CU-1408,Ravi Sharma,Home Office,India,Thiruvananthapuram,Kerala,South,TEC-PHO-114,Technology,Phones,Phones model 114,42806.15,3,0.1,5893.32
IN-2022-100285,30-04-2022,04-05-2022,Standard Class,CU-1176,Kavya Menon,Consumer,India,Kolkata,West Bengal,East,OFF-ART-119,Office Supplies,Art,Art model 119,716.62,4,0.2,149.42
IN-2024-102164,05-01-2024,08-01-2024,First Class,CU-1446,Vivaan Singh,Home Office,India,Coimbatore,Tamil Nadu,South,TEC-ACC-113,Technology,Accessories,Accessories model 113,1011.74,1,0.05,332.75
IN-2025-103690,19-02-2025,23-02-2025,Standard Class,CU-1518,Vikram Nair,Corporate,India,Ludhiana,Punjab,North,TEC-COP-121,Technology,Copiers,Copiers model 121,58194.93,2,0.2,17666.03
IN-2022-100043,18-01-2022,22-01-2022,Standard Class,CU-1188,Suresh Iyer,Consumer,India,Jaipur,Rajasthan,West,OFF-PAP-132,Office Supplies,Paper,Paper model 132,250.42,1,0.15,100.27
IN-2024-103235,01-11-2024,03-11-2024,First Class,CU-1073,Kavya Das,Consumer,India,Salem,Tamil Nadu,South,FUR-BOO-111,Furniture,Bookcases,Bookcases model 111,15626.62,3,0.25,32.15
IN-2022-100636,05-10-2022,09-10-2022,Second Class,CU-1515,Neha Verma,Consumer,India,Noida,Uttar Pradesh,North,FUR-TAB-130,Furniture,Tables,Tables model 130,13219.93,2,0.2,-328.07
IN-2025-104070,31-05-2025,07-06-2025,Standard Class,CU-1084,Suresh Pillai,Corporate,India,New Delhi,Delhi,North,FUR-CHA-108,Furniture,Chairs,Chairs model 108,3652.04,1,0.25,257.3
IN-2022-100081,11-02-2022,18-02-2022,Standard Class,CU-1435,Divya Sharma,Consumer,India,Bengaluru,Karnataka,South,FUR-TAB-132,Furniture,Tables,Tables model 132,72766.21,8,0.05,4139.16
IN-2024-102314,15-02-2024,15-02-2024,Same Day,CU-1377,Meera Reddy,Consumer,India,Mumbai,Maharashtra,West,TEC-MAC-102,Technology,Machines,Machines model 102,41588.69,2,0.1,3116.16
IN-2025-104468,09-09-2025,13-09-2025,Standard Class,CU-1438,Rahul Rao,Home Office,India,Madurai,Tamil Nadu,South,OFF-ART-121,Office Supplies,Art,Art model 121,593.85,3,0.15,203.14
IN-2025-104621,17-10-2025,20-10-2025,First Class,CU-1103,Nisha Kumar,Consumer,India,Patna,Bihar,East,OFF-BIN-135,Office Supplies,Binders,Binders model 135,1312.8,3,0.0,517.5
IN-2022-100194,29-03-2022,29-03-2022,Same Day,CU-1274,Manoj Singh,Consumer,India,Ahmedabad,Gujarat,West,TEC-MAC-100,Technology,Machines,Machines model 100,57591.72,3,0.2,1226.68
IN-2025-104236,12-07-2025,14-07-2025,First Class,CU-1237,Arjun Sharma,Consumer,India,New Delhi,Delhi,North,FUR-BOO-117,Furniture,Bookcases,Bookcases model 117,17698.28,3,0.05,2175.8
IN-2024-102884,30-07-2024,03-08-2024,Second Class,CU-1199,Neha Pillai,Consumer,India,Hyderabad,Telangana,South,OFF-ART-106,Office Supplies,Art,Art model 106,391.75,2,0.1,124.36
IN-2022-100783,12-11-2022,19-11-2022,Standard Class,CU-1495,Nisha Singh,Corporate,India,Ahmedabad,Gujarat,West,OFF-BIN-109,Office Supplies,Binders,Binders model 109,398.82,1,0.2,119.93
IN-2025-103710,24-02-2025,25-02-2025,First Class,CU-1160,Rohit Patel,Home Office,India,Thiruvananthapuram,Kerala,South,OFF-BIN-125,Office Supplies,Binders,Binders model 125,258.43,1,0.4,21.21
IN-2024-103175,18-10-2024,22-10-2024,Second Class,CU-1306,Pooja Gupta,Corporate,India,Jaipur,Rajasthan,West,FUR-CHA-130,Furniture,Chairs,Chairs model 130,7879.48,2,0.15,562.12
IN-2022-100138,10-03-2022,15-03-2022,Standard Class,CU-1416,Sneha Menon,Corporate,India,Jaipur,Rajasthan,West,OFF-LAB-135,Office Supplies,Labels,Labels model 135,182.59,2,0.3,55.85
IN-2025-104485,13-09-2025,15-09-2025,First Class,CU-1208,Manoj Kumar,Consumer,India,Lucknow,Uttar Pradesh,North,FUR-FUR-136,Furniture,Furnishings,Furnishings model 136,4214.39,3,0.1,783.18
IN-2022-100734,31-10-2022,04-11-2022,Standard Class,CU-1210,Rahul Iyer,Home Office,India,Patna,Bihar,East,FUR-FUR-124,Furniture,Furnishings,Furnishings model 124,3874.14,4,0.35,-52.57
IN-2024-102690,01-06-2024,08-06-2024,Standard Class,CU-1361,Isha Das,Consumer,India,Mysuru,Karnataka,South,OFF-STO-128,Office Supplies,Storage,Storage model 128,7852.78,4,0.0,2777.76
IN-2024-102760,21-06-2024,26-06-2024,Standard Class,CU-1088,Karthik Iyer,Consumer,India,Noida,Uttar Pradesh,North,OFF-LAB-130,Office Supplies,Labels,Labels model 130,350.38,3,0.3,99.29
IN-2022-100947,23-12-2022,28-12-2022,Standard Class,CU-1483,Karthik Shah,Consumer,India,Surat,Gujarat,West,OFF-BIN-120,Office Supplies,Binders,Binders model 120,277.27,1,0.3,62.66
IN-2022-100736,01-11-2022,03-11-2022,First Class,CU-1493,Rahul Iyer,Home Office,India,Amritsar,Punjab,North,TEC-COP-120,Technology,Copiers,Copiers model 120,55131.03,2,0.3,11646.07
IN-2024-102860,21-07-2024,25-07-2024,Second Class,CU-1244,Priya Das,Consumer,India,Mumbai,Maharashtra,West,OFF-ART-139,Office Supplies,Art,Art model 139,1643.73,8,0.2,400.9
IN-2024-102676,27-05-2024,03-06-2024,Standard Class,CU-1598,Nisha Joshi,Consumer,India,Jaipur,Rajasthan,West,OFF-BIN-111,Office Supplies,Binders,Binders model 111,1138.27,3,0.1,497.42
IN-2024-103479,23-12-2024,26-12-2024,First Class,CU-1008,Kavya Nair,Consumer,India,Jaipur,Rajasthan,West,OFF-BIN-139,Office Supplies,Binders,Binders model 139,810.92,2,0.0,368.22
IN-2024-103299,16-11-2024,23-11-2024,Standard Class,CU-1572,Lakshmi Pillai,Home Office,India,Jaipur,Rajasthan,West,FUR-TAB-132,Furniture,Tables,Tables model 132,39536.43,4,0.0,3237.68
IN-2024-102171,07-01-2024,08-01-2024,First Class,CU-1310,Aarav Sharma,Consumer,India,Salem,Tamil Nadu,South,TEC-ACC-119,Technology,Accessories,Accessories model 119,1311.33,1,0.0,520.47
IN-2023-101694,29-08-2023,02-09-2023,Standard Class,CU-1417,Kavya Singh,Corporate,India,Patna,Bihar,East,OFF-BIN-118,Office Supplies,Binders,Binders model 118,683.83,2,0.3,169.45
IN-2024-102859,21-07-2024,26-07-2024,Standard Class,CU-1198,Kavya Kumar,Consumer,India,Madurai,Tamil Nadu,South,OFF-ART-107,Office Supplies,Art,Art model 107,727.52,3,0.0,288.02
IN-2025-104369,16-08-2025,18-08-2025,First Class,CU-1103,Nisha Kumar,Consumer,India,Kochi,Kerala,South,OFF-STO-113,Office Supplies,Storage,Storage model 113,6374.31,4,0.0,1884.5
IN-2025-104335,07-08-2025,09-08-2025,Second Class,CU-1329,Isha Pillai,Consumer,India,Bhubaneswar,Odisha,East,FUR-CHA-134,Furniture,Chairs,Chairs model 134,13312.15,3,0.0,3160.1
IN-2025-104131,13-06-2025,17-06-2025,Standard Class,CU-1407,Kavya Shah,Corporate,India,Jaipur,Rajasthan,West,OFF-LAB-135,Office Supplies,Labels,Labels model 135,94.19,1,0.4,6.27
IN-2023-101406,22-05-2023,26-05-2023,Standard Class,CU-1149,Rohit Shah,Corporate,India,Mysuru,Karnataka,South,FUR-FUR-122,Furniture,Furnishings,Furnishings model 122,5357.16,4,0.05,1462.62
IN-2023-101754,18-09-2023,24-09-2023,Standard Class,CU-1362,Arjun Kumar,Home Office,India,Patna,Bihar,East,TEC-PHO-119,Technology,Phones,Phones model 119,15700.76,1,0.05,4112.94
IN-2023-101675,23-08-2023,28-08-2023,Standard Class,CU-1507,Vivaan Das,Home Office,India,Chennai,Tamil Nadu,South,FUR-BOO-119,Furniture,Bookcases,Bookcases model 119,7986.21,1,0.0,1291.15
IN-2024-103126,09-10-2024,13-10-2024,Standard Class,CU-1204,Lakshmi Patel,Home Office,India,New Delhi,Delhi,North,OFF-ART-136,Office Supplies,Art,Art model 136,186.6,1,0.3,29.84
IN-2023-101295,13-04-2023,16-04-2023,First Class,CU-1353,Aarav Patel,Corporate,India,Hyderabad,Telangana,South,TEC-MAC-104,Technology,Machines,Machines model 104,25165.54,1,0.0,2997.0
IN-2025-103777,16-03-2025,17-03-2025,First Class,CU-1001,Aditya Verma,Consumer,India,Ahmedabad,Gujarat,West,TEC-COP-118,Technology,Copiers,Copiers model 118,272346.64,7,0.0,89273.68
IN-2025-104524,27-09-2025,02-10-2025,Standard Class,CU-1027,Isha Verma,Corporate,India,Lucknow,Uttar Pradesh,North,TEC-PHO-120,Technology,Phones,Phones model 120,12330.77,1,0.2,1556.52
IN-2022-100106,24-02-2022,03-03-2022,Standard Class,CU-1044,Isha Rao,Consumer,India,Bengaluru,Karnataka,South,OFF-STO-108,Office Supplies,Storage,Storage model 108,1568.2,1,0.05,392.15
IN-2024-103488,25-12-2024,27-12-2024,Second Class,CU-1260,Deepak Kumar,Home Office,India,Pune,Maharashtra,West,OFF-PAP-126,Office Supplies,Paper,Paper model 126,1024.96,5,0.3,200.96
IN-2024-102230,22-01-2024,24-01-2024,Second Class,CU-1187,Isha Singh,Consumer,India,New Delhi,Delhi,North,TEC-ACC-136,Technology,Accessories,Accessories model 136,960.36,1,0.1,312.17
IN-2025-104269,22-07-2025,23-07-2025,First Class,CU-1141,Kavya Kumar,Consumer,India,Kolkata,West Bengal,East,OFF-ART-105,Office Supplies,Art,Art model 105,742.24,4,0.35,88.67
IN-2022-100875,04-12-2022,08-12-2022,Standard Class,CU-1070,Priya Verma,Consumer,India,Hyderabad,Telangana,South,TEC-COP-130,Technology,Copiers,Copiers model 130,96766.51,3,0.15,27609.51
IN-2025-104855,04-12-2025,06-12-2025,First Class,CU-1568,Aditya Shah,Consumer,India,Patna,Bihar,East,OFF-STO-113,Office Supplies,Storage,Storage model 113,5844.34,3,0.0,1754.98
IN-2024-102174,08-01-2024,11-01-2024,First Class,CU-1027,Isha Verma,Corporate,India,Mysuru,Karnataka,South,OFF-STO-135,Office Supplies,Storage,Storage model 135,7722.74,4,0.0,2862.81
IN-2024-103331,21-11-2024,28-11-2024,Standard Class,CU-1169,Sneha Sharma,Corporate,India,Thiruvananthapuram,Kerala,South,OFF-STO-133,Office Supplies,Storage,Storage model 133,7307.89,5,0.15,1685.72
IN-2025-104746,10-11-2025,12-11-2025,Second Class,CU-1494,Lakshmi Singh,Consumer,India,Mysuru,Karnataka,South,OFF-PAP-116,Office Supplies,Paper,Paper model 116,262.81,1,0.05,117.07
IN-2024-102915,07-08-2024,13-08-2024,Standard Class,CU-1429,Manoj Verma,Home Office,India,Bhubaneswar,Odisha,East,OFF-STO-112,Office Supplies,Storage,Storage model 112,5944.52,3,0.0,2072.16
IN-2023-101899,28-10-2023,01-11-2023,Standard Class,CU-1190,Neha Singh,Corporate,India,New Delhi,Delhi,North,FUR-CHA-114,Furniture,Chairs,Chairs model 114,3173.82,1,0.2,224.53
IN-2023-101837,12-10-2023,19-10-2023,Standard Class,CU-1590,Ananya Reddy,Consumer,India,Jaipur,Rajasthan,West,TEC-PHO-103,Technology,Phones,Phones model 103,79451.33,7,0.2,11119.4
IN-2025-104398,25-08-2025,31-08-2025,Standard Class,CU-1082,Swathi Reddy,Consumer,India,Surat,Gujarat,West,TEC-COP-130,Technology,Copiers,Copiers model 130,29511.93,1,0.2,8233.08
IN-2023-101078,01-02-2023,08-02-2023,Standard Class,CU-1297,Ananya Patel,Corporate,India,New Delhi,Delhi,North,OFF-BIN-108,Office Supplies,Binders,Binders model 108,2054.99,4,0.0,863.78
IN-2024-102791,05-07-2024,05-07-2024,Same Day,CU-1093,Aarav Verma,Corporate,India,Surat,Gujarat,West,OFF-STO-137,Office Supplies,Storage,Storage model 137,1595.95,1,0.15,440.85
IN-2025-104953,24-12-2025,30-12-2025,Standard Class,CU-1103,Nisha Kumar,Consumer,India,Amritsar,Punjab,North,OFF-PAP-119,Office Supplies,Paper,Paper model 119,1063.03,5,0.2,364.24
IN-2024-102728,11-06-2024,15-06-2024,Standard Class,CU-1220,Kavya Verma,Corporate,India,Nagpur,Maharashtra,West,OFF-STO-109,Office Supplies,Storage,Storage model 109,10785.25,6,0.0,2851.09
IN-2022-100680,16-10-2022,18-10-2022,Second Class,CU-1374,Aarav Patel,Consumer,India,Noida,Uttar Pradesh,North,FUR-TAB-106,Furniture,Tables,Tables model 106,53867.34,7,0.05,2235.84
IN-2025-103672,13-02-2025,20-02-2025,Standard Class,CU-1286,Deepak Singh,Home Office,India,Hyderabad,Telangana,South,FUR-BOO-100,Furniture,Bookcases,Bookcases model 100,6683.33,1,0.05,696.06
IN-2024-103202,24-10-2024,27-10-2024,First Class,CU-1055,Vivaan Sharma,Home Office,India,Bengaluru,Karnataka,South,TEC-COP-112,Technology,Copiers,Copiers model 112,34793.04,1,0.0,13260.28
IN-2022-100960,26-12-2022,30-12-2022,Second Class,CU-1440,Vikram Menon,Corporate,India,Salem,Tamil Nadu,South,OFF-BIN-132,Office Supplies,Binders,Binders model 132,2378.54,5,0.05,1003.46
IN-2022-100471,23-07-2022,25-07-2022,First Class,CU-1078,Suresh Sharma,Corporate,India,Mumbai,Maharashtra,West,OFF-LAB-116,Office Supplies,Labels,Labels model 116,125.17,1,0.15,48.36
IN-2022-100622,01-10-2022,02-10-2022,First Class,CU-1089,Suresh Nair,Home Office,India,Mumbai,Maharashtra,West,OFF-LAB-110,Office Supplies,Labels,Labels model 110,147.91,1,0.0,72.11
IN-2024-102697,03-06-2024,06-06-2024,First Class,CU-1393,Deepak Shah,Consumer,India,Surat,Gujarat,West,FUR-FUR-106,Furniture,Furnishings,Furnishings model 106,7146.13,5,0.15,1686.42
IN-2023-101718,06-09-2023,08-09-2023,Second Class,CU-1182,Isha Sharma,Consumer,India,Thiruvananthapuram,Kerala,South,OFF-LAB-130,Office Supplies,Labels,Labels model 130,409.47,3,0.1,178.75
IN-2023-102142,29-12-2023,01-01-2024,Second Class,CU-1125,Aditya Singh,Consumer,India,Chennai,Tamil Nadu,South,TEC-PHO-103,Technology,Phones,Phones model 103,63308.84,4,0.0,17740.79
IN-2024-103365,28-11-2024,28-11-2024,Same Day,CU-1407,Kavya Shah,Corporate,India,Lucknow,Uttar Pradesh,North,TEC-ACC-105,Technology,Accessories,Accessories model 105,6658.0,6,0.1,1982.41
IN-2024-103012,09-09-2024,12-09-2024,Second Class,CU-1263,Pooja Sharma,Consumer,India,Ludhiana,Punjab,North,OFF-STO-133,Office Supplies,Storage,Storage model 133,5536.47,4,0.15,1170.29
IN-2023-101522,28-06-2023,03-07-2023,Standard Class,CU-1342,Kavya Kumar,Consumer,India,Mysuru,Karnataka,South,OFF-ART-102,Office Supplies,Art,Art model 102,450.26,2,0.1,142.78
IN-2023-101428,27-05-2023,31-05-2023,Standard Class,CU-1264,Divya Shah,Home Office,India,Surat,Gujarat,West,FUR-FUR-106,Furniture,Furnishings,Furnishings model 106,2844.29,2,0.05,711.32
IN-2025-104732,07-11-2025,14-11-2025,Standard Class,CU-1434,Lakshmi Pillai,Corporate,India,Bhubaneswar,Odisha,East,OFF-ART-100,Office Supplies,Art,Art model 100,511.25,2,0.05,177.33
IN-2022-100272,25-04-2022,27-04-2022,Second Class,CU-1479,Aarav Verma,Consumer,India,Ahmedabad,Gujarat,West,OFF-STO-126,Office Supplies,Storage,Storage model 126,6807.73,4,0.05,1770.55
IN-2022-100100,21-02-2022,28-02-2022,Standard Class,CU-1491,Rahul Shah,Corporate,India,Chennai,Tamil Nadu,South,OFF-BIN-104,Office Supplies,Binders,Binders model 104,1507.66,4,0.1,552.98
IN-2024-102218,18-01-2024,22-01-2024,Standard Class,CU-1383,Aarav Joshi,Consumer,India,Ahmedabad,Gujarat,West,OFF-PAP-116,Office Supplies,Paper,Paper model 116,263.51,1,0.0,119.44
IN-2024-102967,26-08-2024,30-08-2024,Second Class,CU-1330,Lakshmi Gupta,Consumer,India,Hyderabad,Telangana,South,TEC-COP-138,Technology,Copiers,Copiers model 138,61887.33,2,0.0,26126.91
IN-2023-101853,16-10-2023,21-10-2023,Standard Class,CU-1383,Aarav Joshi,Consumer,India,Nagpur,Maharashtra,West,FUR-FUR-124,Furniture,Furnishings,Furnishings model 124,967.93,1,0.25,114.22
IN-2025-103966,01-05-2025,05-05-2025,Second Class,CU-1336,Kavya Iyer,Corporate,India,Coimbatore,Tamil Nadu,South,FUR-TAB-134,Furniture,Tables,Tables model 134,29042.1,3,0.05,1952.93
IN-2023-101569,15-07-2023,17-07-2023,First Class,CU-1162,Isha Patel,Corporate,India,Amritsar,Punjab,North,TEC-PHO-122,Technology,Phones,Phones model 122,40863.42,3,0.0,11103.52
IN-2023-101734,10-09-2023,17-09-2023,Standard Class,CU-1392,Kavya Nair,Corporate,India,Nagpur,Maharashtra,West,FUR-BOO-101,Furniture,Bookcases,Bookcases model 101,5705.71,1,0.15,667.74
IN-2025-104085,03-06-2025,07-06-2025,Second Class,CU-1491,Rahul Shah,Corporate,India,Noida,Uttar Pradesh,North,FUR-TAB-115,Furniture,Tables,Tables model 115,19607.27,2,0.0,1210.96
IN-2024-103102,04-10-2024,06-10-2024,First Class,CU-1177,Arjun Gupta,Corporate,India,Mumbai,Maharashtra,West,TEC-COP-139,Technology,Copiers,Copiers model 139,64822.96,2,0.0,22762.18
IN-2024-103376,29-11-2024,04-12-2024,Standard Class,CU-1013,Pooja Verma,Consumer,India,Pune,Maharashtra,West,FUR-BOO-134,Furniture,Bookcases,Bookcases model 134,23287.74,4,0.05,4261.83
IN-2023-101666,21-08-2023,21-08-2023,Same Day,CU-1411,Neha Kumar,Corporate,India,Amritsar,Punjab,North,FUR-CHA-104,Furniture,Chairs,Chairs model 104,10950.16,3,0.2,1470.28
IN-2023-101996,23-11-2023,27-11-2023,Second Class,CU-1561,Rohit Menon,Consumer,India,Chennai,Tamil Nadu,South,TEC-COP-128,Technology,Copiers,Copiers model 128,55509.32,2,0.2,13497.35
IN-2023-101583,19-07-2023,23-07-2023,Second Class,CU-1145,Nisha Das,Consumer,India,Patna,Bihar,East,FUR-FUR-139,Furniture,Furnishings,Furnishings model 139,2475.1,2,0.1,596.9
IN-2024-102717,08-06-2024,08-06-2024,Same Day,CU-1069,Arjun Shah,Consumer,India,Coimbatore,Tamil Nadu,South,OFF-STO-136,Office Supplies,Storage,Storage model 136,5887.41,4,0.25,447.31
IN-2024-102558,23-04-2024,26-04-2024,Second Class,CU-1328,Ananya Pillai,Consumer,India,Bhubaneswar,Odisha,East,FUR-BOO-125,Furniture,Bookcases,Bookcases model 125,11013.98,2,0.1,1208.72
IN-2025-104616,16-10-2025,20-10-2025,Standard Class,CU-1222,Rahul Verma,Consumer,India,Ahmedabad,Gujarat,West,FUR-CHA-139,Furniture,Chairs,Chairs model 139,3993.96,1,0.15,584.63
IN-2022-100248,16-04-2022,21-04-2022,Standard Class,CU-1481,Ravi Gupta,Consumer,India,Bhubaneswar,Odisha,East,FUR-CHA-108,Furniture,Chairs,Chairs model 108,4395.19,1,0.05,804.85
IN-2022-100746,04-11-2022,06-11-2022,First Class,CU-1401,Suresh Verma,Consumer,India,Patna,Bihar,East,OFF-BIN-120,Office Supplies,Binders,Binders model 120,221.0,1,0.45,-8.77
IN-2024-102748,19-06-2024,25-06-2024,Standard Class,CU-1028,Priya Rao,Corporate,India,Ludhiana,Punjab,North,TEC-ACC-126,Technology,Accessories,Accessories model 126,2688.74,2,0.0,1062.65
IN-2023-101765,24-09-2023,30-09-2023,Standard Class,CU-1255,Ravi Das,Consumer,India,Thiruvananthapuram,Kerala,South,OFF-ART-124,Office Supplies,Art,Art model 124,1016.58,5,0.05,387.05
IN-2022-100428,04-07-2022,08-07-2022,Standard Class,CU-1503,Isha Menon,Consumer,India,Jaipur,Rajasthan,West,FUR-CHA-108,Furniture,Chairs,Chairs model 108,4547.4,1,0.1,611.66
IN-2025-104393,24-08-2025,29-08-2025,Standard Class,CU-1084,Suresh Pillai,Corporate,India,Kolkata,West Bengal,East,OFF-STO-118,Office Supplies,Storage,Storage model 118,12554.15,7,0.0,4312.72
IN-2025-104192,29-06-2025,01-07-2025,Second Class,CU-1360,Ananya Menon,Home Office,India,Kolkata,West Bengal,East,OFF-PAP-117,Office Supplies,Paper,Paper model 117,703.62,3,0.2,229.33
IN-2023-101508,22-06-2023,22-06-2023,Same Day,CU-1342,Kavya Kumar,Consumer,India,Jaipur,Rajasthan,West,OFF-STO-112,Office Supplies,Storage,Storage model 112,4126.95,3,0.15,1024.83
IN-2022-100154,15-03-2022,22-03-2022,Standard Class,CU-1303,Suresh Shah,Corporate,India,New Delhi,Delhi,North,OFF-LAB-124,Office Supplies,Labels,Labels model 124,133.15,1,0.2,48.97
IN-2025-104681,28-10-2025,01-11-2025,Standard Class,CU-1500,Kavya Shah,Consumer,India,Nagpur,Maharashtra,West,TEC-PHO-125,Technology,Phones,Phones model 125,31314.58,2,,11006.26
IN-2025-103933,21-04-2025,27-04-2025,Standard Class,CU-1168,Deepak Sharma,Corporate,India,Pune,Maharashtra,West,FUR-TAB-117,Furniture,Tables,Tables model 117,16922.86,2,0.15,-445.38
IN-2024-102408,13-03-2024,15-03-2024,Second Class,CU-1175,Neha Gupta,Consumer,India,Patna,Bihar,East,TEC-MAC-124,Technology,Machines,Machines model 124,73448.32,4,0.15,3724.03
IN-2022-100011,04-01-2022,10-01-2022,Standard Class,CU-1520,Priya Nair,Consumer,India,Lucknow,Uttar Pradesh,North,OFF-PAP-117,Office Supplies,Paper,Paper model 117,1446.49,6,0.1,574.04
IN-2023-102045,04-12-2023,06-12-2023,First Class,CU-1174,Nisha Shah,Consumer,India,Jaipur,Rajasthan,West,OFF-PAP-132,Office Supplies,Paper,Paper model 132,1541.09,5,0.05,709.67
IN-2025-104558,06-10-2025,12-10-2025,Standard Class,CU-1163,Swathi Pillai,Corporate,India,Ahmedabad,Gujarat,West,OFF-LAB-134,Office Supplies,Labels,Labels model 134,147.9,1,0.1,65.85
IN-2022-100826,21-11-2022,28-11-2022,Standard Class,CU-1258,Meera Singh,Consumer,India,New Delhi,Delhi,North,TEC-PHO-133,Technology,Phones,Phones model 133,53306.86,4,0.15,7874.56
IN-2023-101364,06-05-2023,10-05-2023,Standard Class,CU-1167,Meera Rao,Home Office,India,Mumbai,Maharashtra,West,OFF-ART-129,Office Supplies,Art,Art model 129,269.49,1,0.0,115.95
IN-2022-100808,16-11-2022,21-11-2022,Standard Class,CU-1054,Isha Nair,Consumer,India,Bengaluru,Karnataka,South,FUR-CHA-128,Furniture,Chairs,Chairs model 128,9345.39,2,0.05,1928.33
IN-2024-103025,13-09-2024,15-09-2024,Second Class,CU-1092,Aditya Das,Consumer,India,Patna,Bihar,East,FUR-FUR-102,Furniture,Furnishings,Furnishings model 102,9377.66,6,0.05,3002.65
IN-2025-103945,26-04-2025,03-05-2025,Standard Class,CU-1111,Swathi Patel,Consumer,India,Mumbai,Maharashtra,West,FUR-BOO-134,Furniture,Bookcases,Bookcases model 134,15085.18,2,0.05,1606.03
IN-2025-104576,10-10-2025,14-10-2025,Second Class,CU-1039,Deepak Patel,Corporate,India,Amritsar,Punjab,North,TEC-PHO-129,Technology,Phones,Phones model 129,28295.29,2,0.0,6118.42
IN-2022-100922,17-12-2022,21-12-2022,Standard Class,CU-1114,Divya Kumar,Corporate,India,Mysuru,Karnataka,South,OFF-PAP-100,Office Supplies,Paper,Paper model 100,1056.26,4,0.2,328.85
IN-2025-104068,31-05-2025,05-06-2025,Standard Class,CU-1002,Ananya Pillai,Corporate,India,Mysuru,Karnataka,South,TEC-COP-122,Technology,Copiers,Copiers model 122,27038.98,1,0.1,9692.54
IN-2022-100830,22-11-2022,29-11-2022,Standard Class,CU-1059,Aarav Verma,Corporate,India,Nagpur,Maharashtra,West,OFF-BIN-139,Office Supplies,Binders,Binders model 139,976.88,2,0.0,365.93
IN-2025-104254,18-07-2025,22-07-2025,Standard Class,CU-1488,Aarav Patel,Corporate,India,Patna,Bihar,East,OFF-ART-132,Office Supplies,Art,Art model 132,252.73,2,0.45,-26.18
IN-2025-103549,10-01-2025,14-01-2025,Standard Class,CU-1187,Isha Singh,Consumer,India,Ludhiana,Punjab,North,TEC-ACC-125,Technology,Accessories,Accessories model 125,7903.15,8,0.1,2483.5
IN-2025-103524,02-01-2025,06-01-2025,Second Class,CU-1044,Isha Rao,Consumer,India,New Delhi,Delhi,North,FUR-CHA-134,Furniture,Chairs,Chairs model 134,4453.61,1,0.05,657.91
IN-2022-100946,23-12-2022,28-12-2022,Standard Class,CU-1089,Suresh Nair,Home Office,India,Coimbatore,Tamil Nadu,South,TEC-ACC-138,Technology,Accessories,Accessories model 138,2366.71,2,,922.84
IN-2023-101573,17-07-2023,21-07-2023,Standard Class,CU-1296,Sneha Joshi,Consumer,India,Kolkata,West Bengal,East,OFF-LAB-124,Office Supplies,Labels,Labels model 124,152.66,1,0.0,73.97
IN-2024-102341,22-02-2024,23-02-2024,First Class,CU-1291,Meera Das,Corporate,India,Mysuru,Karnataka,South,OFF-LAB-105,Office Supplies,Labels,Labels model 105,890.23,6,0.0,422.55
IN-2022-100963,27-12-2022,30-12-2022,First Class,CU-1400,Pooja Rao,Corporate,India,Jaipur,Rajasthan,West,TEC-MAC-104,Technology,Machines,Machines model 104,84912.69,5,0.1,7862.41
IN-2023-101258,04-04-2023,08-04-2023,Second Class,CU-1284,Isha Verma,Consumer,India,Noida,Uttar Pradesh,North,OFF-ART-131,Office Supplies,Art,Art model 131,652.88,3,0.1,245.54
IN-2023-101637,10-08-2023,13-08-2023,First Class,CU-1090,Arjun Joshi,Corporate,India,New Delhi,Delhi,North,OFF-STO-132,Office Supplies,Storage,Storage model 132,3184.87,2,0.0,1023.0
IN-2022-100844,26-11-2022,28-11-2022,Second Class,CU-1031,Ananya Rao,Consumer,India,Chennai,Tamil Nadu,South,TEC-ACC-124,Technology,Accessories,Accessories model 124,2717.59,2,0.0,1115.23
IN-2024-103378,29-11-2024,05-12-2024,Standard Class,CU-1141,Kavya Kumar,Consumer,India,Kochi,Kerala,South,OFF-PAP-136,Office Supplies,Paper,Paper model 136,648.58,2,0.05,308.73
IN-2022-100421,28-06-2022,03-07-2022,Standard Class,CU-1292,Divya Sharma,Consumer,India,New Delhi,Delhi,North,TEC-MAC-116,Technology,Machines,Machines model 116,23690.22,1,0.0,5064.28
IN-2023-101712,04-09-2023,11-09-2023,Standard Class,CU-1490,Kavya Das,Consumer,India,Amritsar,Punjab,North,OFF-PAP-112,Office Supplies,Paper,Paper model 112,343.35,1,0.0,162.54
IN-2024-102547,21-04-2024,24-04-2024,Second Class,CU-1014,Ravi Das,,India,Bengaluru,Karnataka,South,OFF-ART-105,Office Supplies,Art,Art model 105,1384.49,7,0.15,475.4
IN-2024-102465,28-03-2024,01-04-2024,Standard Class,CU-1136,Lakshmi Kumar,Consumer,India,Coimbatore,Tamil Nadu,South,OFF-BIN-106,Office Supplies,Binders,Binders model 106,899.18,2,0.1,345.76
IN-2024-102669,26-05-2024,31-05-2024,Standard Class,CU-1412,Arjun Patel,Corporate,India,Kochi,Kerala,South,OFF-ART-126,Office Supplies,Art,Art model 126,153.28,1,0.3,32.81
IN-2023-101180,07-03-2023,08-03-2023,First Class,CU-1129,Manoj Pillai,Consumer,India,Pune,Maharashtra,West,OFF-ART-129,Office Supplies,Art,Art model 129,967.7,4,0.05,328.59
IN-2025-103980,05-05-2025,10-05-2025,Standard Class,CU-1020,Vikram Reddy,Corporate,India,Chennai,Tamil Nadu,South,TEC-ACC-138,Technology,Accessories,Accessories model 138,1073.72,1,0.0,392.02
IN-2025-103808,23-03-2025,27-03-2025,Standard Class,CU-1222,Rahul Verma,Consumer,India,Ludhiana,Punjab,North,FUR-FUR-102,Furniture,Furnishings,Furnishings model 102,3674.15,4,0.4,-199.24
IN-2022-100361,31-05-2022,04-06-2022,Standard Class,CU-1054,Isha Nair,Consumer,India,Jaipur,Rajasthan,West,OFF-ART-125,Office Supplies,Art,Art model 125,523.03,3,0.3,104.9
IN-2023-101532,02-07-2023,09-07-2023,Standard Class,CU-1120,Manoj Kumar,Consumer,India,Salem,Tamil Nadu,South,OFF-STO-131,Office Supplies,Storage,Storage model 131,5232.52,3,0.1,1396.98
IN-2024-103062,24-09-2024,29-09-2024,Standard Class,CU-1232,Ashok Shah,Consumer,India,Hyderabad,Telangana,South,OFF-PAP-137,Office Supplies,Paper,Paper model 137,249.01,1,0.1,98.48
IN-2022-100847,27-11-2022,03-12-2022,Standard Class,CU-1264,Divya Shah,Home Office,India,Hyderabad,Telangana,South,FUR-CHA-136,Furniture,Chairs,Chairs model 136,12171.85,3,0.2,1124.24
IN-2022-100942,22-12-2022,24-12-2022,Second Class,CU-1075,Manoj Nair,Consumer,India,New Delhi,Delhi,North,FUR-FUR-106,Furniture,Furnishings,Furnishings model 106,1345.98,1,0.0,408.48
IN-2025-103992,08-05-2025,15-05-2025,Standard Class,CU-1481,Ravi Gupta,Consumer,India,Kolkata,West Bengal,East,OFF-STO-120,Office Supplies,Storage,Storage model 120,3865.91,2,0.05,1068.8
IN-2022-100254,19-04-2022,24-04-2022,Standard Class,CU-1197,Priya Gupta,Corporate,India,Jaipur,Rajasthan,West,OFF-STO-134,Office Supplies,Storage,Storage model 134,3156.68,2,0.15,899.57
IN-2023-101893,28-10-2023,03-11-2023,Standard Class,CU-1257,Rahul Kumar,Consumer,India,Thiruvananthapuram,Kerala,South,FUR-FUR-129,Furniture,Furnishings,Furnishings model 129,1345.01,1,0.05,356.71
IN-2025-104458,06-09-2025,09-09-2025,Second Class,CU-1235,Arjun Iyer,Consumer,India,Madurai,Tamil Nadu,South,TEC-MAC-130,Technology,Machines,Machines model 130,17504.48,1,0.2,88.13
IN-2022-100469,22-07-2022,22-07-2022,Same Day,CU-1567,Aditya Sharma,Corporate,India,Coimbatore,Tamil Nadu,South,TEC-MAC-114,Technology,Machines,Machines model 114,123613.44,6,0.0,14967.79
IN-2025-103578,19-01-2025,25-01-2025,Standard Class,CU-1285,Neha Singh,Corporate,India,Bhubaneswar,Odisha,East,TEC-PHO-115,Technology,Phones,Phones model 115,65358.45,6,0.15,11893.86
IN-2025-104957,25-12-2025,01-01-2026,Standard Class,CU-1233,Ananya Gupta,Corporate,India,New Delhi,Delhi,North,OFF-BIN-100,Office Supplies,Binders,Binders model 100,845.03,2,0.15,260.06
IN-2024-102186,11-01-2024,15-01-2024,Standard Class,CU-1298,Meera Kumar,Consumer,India,Ludhiana,Punjab,North,OFF-STO-107,Office Supplies,Storage,Storage model 107,2688.39,2,0.15,635.3
IN-2024-103494,26-12-2024,01-01-2025,Standard Class,CU-1042,Ananya Pillai,Consumer,India,Amritsar,Punjab,North,OFF-LAB-102,Office Supplies,Labels,Labels model 102,610.5,4,0.0,281.2
IN-2024-103514,31-12-2024,07-01-2025,Standard Class,CU-1406,Ashok Kumar,Consumer,India,Salem,Tamil Nadu,South,FUR-TAB-125,Furniture,Tables,Tables model 125,35385.1,5,0.2,-1192.62
IN-2025-104381,18-08-2025,18-08-2025,Same Day,CU-1522,Arjun Menon,Corporate,India,New Delhi,Delhi,North,TEC-ACC-122,Technology,Accessories,Accessories model 122,6492.6,5,0.0,2151.51
IN-2024-102889,30-07-2024,01-08-2024,Second Class,CU-1418,Kavya Rao,Corporate,India,Kolkata,West Bengal,East,FUR-TAB-105,Furniture,Tables,Tables model 105,14483.97,2,0.25,-1785.99
IN-2023-101491,18-06-2023,20-06-2023,First Class,CU-1533,Vivaan Patel,Home Office,India,Ahmedabad,Gujarat,west,TEC-MAC-118,Technology,Machines,Machines model 118,33738.53,2,0.2,-539.52
IN-2025-103944,26-04-2025,02-05-2025,Standard Class,CU-1251,Rahul Verma,Home Office,India,Jaipur,Rajasthan,West,OFF-ART-123,Office Supplies,Art,Art model 123,812.02,3,0.0,353.95
IN-2023-101117,17-02-2023,21-02-2023,Standard Class,CU-1009,Aditya Gupta,Consumer,India,Nagpur,Maharashtra,West,FUR-FUR-128,Furniture,Furnishings,Furnishings model 128,4129.02,3,0.05,865.63
IN-2023-101900,28-10-2023,29-10-2023,First Class,CU-1473,Vivaan Nair,Consumer,India,Mysuru,Karnataka,South,TEC-ACC-130,Technology,Accessories,Accessories model 130,2181.38,2,0.15,575.23
IN-2024-103123,09-10-2024,12-10-2024,First Class,CU-1417,Kavya Singh,Corporate,India,Madurai,Tamil Nadu,South,OFF-ART-121,Office Supplies,Art,Art model 121,491.36,2,0.0,189.65
IN-2025-104182,26-06-2025,27-06-2025,First Class,CU-1124,Neha Menon,Consumer,India,Patna,Bihar,East,FUR-CHA-107,Furniture,Chairs,Chairs model 107,26380.86,6,0.1,4867.94
IN-2025-104816,25-11-2025,30-11-2025,Standard Class,CU-1386,Priya Reddy,Corporate,India,Kochi,Kerala,SOUTH ,TEC-ACC-135,Technology,Accessories,Accessories model 135,2560.04,2,0.05,961.5
IN-2025-104663,26-10-2025,31-10-2025,Standard Class,CU-1009,Aditya Gupta,Consumer,India,Madurai,Tamil Nadu,South,FUR-TAB-101,Furniture,Tables,Tables model 101,26506.53,4,0.15,-1359.04
IN-2024-103440,15-12-2024,15-12-2024,Same Day,CU-1142,Deepak Reddy,Consumer,India,Jaipur,Rajasthan,West,OFF-LAB-126,Office Supplies,Labels,Labels model 126,405.82,3,0.0,211.9
IN-2023-101839,12-10-2023,17-10-2023,Standard Class,CU-1352,Karthik Iyer,Home Office,India,Jaipur,Rajasthan,West,TEC-MAC-139,Technology,Machines,Machines model 139,128713.91,6,0.05,12983.75
IN-2023-101845,14-10-2023,18-10-2023,Standard Class,CU-1355,SNEHA NAIR,Consumer,India,Patna,Bihar,East,OFF-STO-108,Office Supplies,Storage,Storage model 108,1652.71,1,0.0,571.84
IN-2024-103339,22-11-2024,26-11-2024,Second Class,CU-1349,Swathi Verma,Corporate,India,Amritsar,Punjab,North,OFF-ART-102,Office Supplies,Art,Art model 102,375.3,2,0.15,101.94
IN-2025-103621,01-02-2025,05-02-2025,Second Class,CU-1566,Aarav Shah,Consumer,India,Hyderabad,Telangana,South,OFF-BIN-112,Office Supplies,Binders,Binders model 112,1974.12,5,0.15,787.69
IN-2023-102019,29-11-2023,03-12-2023,Second Class,CU-1284,Isha Verma,Consumer,India,Kolkata,West Bengal,East,TEC-COP-100,Technology,Copiers,Copiers model 100,116611.41,4,0.15,37393.22
IN-2024-102273,04-02-2024,09-02-2024,Standard Class,CU-1249,KARTHIK NAIR,Corporate,India,Bengaluru,Karnataka,South,FUR-BOO-133,Furniture,Bookcases,Bookcases model 133,26809.61,5,0.1,3133.0
IN-2023-101617,02-08-2023,06-08-2023,Standard Class,CU-1019,Priya Sharma,Consumer,India,Ahmedabad,Gujarat,West,TEC-COP-119,Technology,Copiers,Copiers model 119,28004.58,1,0.3,4528.88
IN-2023-101190,10-03-2023,16-03-2023,Standard Class,CU-1543,Nisha Shah,Corporate,India,Bhubaneswar,Odisha,East,OFF-ART-118,Office Supplies,Art,Art model 118,419.58,2,0.2,108.78
IN-2023-101889,26-10-2023,31-10-2023,Standard Class,CU-1313,Vikram Shah,Consumer,India,Pune,Maharashtra,West,OFF-LAB-121,Office Supplies,Labels,Labels model 121,261.09,2,0.0,121.18
IN-2022-100346,25-05-2022,29-05-2022,Standard Class,CU-1095,Neha Verma,Consumer,India,Jaipur,Rajasthan,West,FUR-CHA-117,Furniture,Chairs,Chairs model 117,17457.86,4,0.1,3046.94
IN-2023-101646,14-08-2023,19-08-2023,Standard Class,CU-1544,Swathi Verma,Corporate,India,Ahmedabad,Gujarat,West,OFF-STO-116,Office Supplies,Storage,Storage model 116,1785.12,1,0.0,636.78
IN-2024-103105,05-10-2024,11-10-2024,Standard Class,CU-1244,Priya Das,Consumer,India,Jaipur,Rajasthan,West,OFF-BIN-132,Office Supplies,Binders,Binders model 132,362.33,1,0.1,131.02
IN-2023-101989,21-11-2023,27-11-2023,Standard Class,CU-1294,Ravi Iyer,Consumer,India,Kolkata,West Bengal,East,TEC-MAC-138,Technology,Machines,Machines model 138,45446.53,2,0.05,5823.91
IN-2023-101574,17-07-2023,21-07-2023,Standard Class,CU-1118,Karthik Joshi,Corporate,India,Jaipur,Rajasthan,West,TEC-MAC-117,Technology,Machines,Machines model 117,23616.23,1,0.0,3310.65
IN-2023-101459,06-06-2023,11-06-2023,Standard Class,CU-1050,Vikram Sharma,Home Office,India,Thiruvananthapuram,Kerala,South,OFF-PAP-134,Office Supplies,Paper,Paper model 134,155.41,1,0.4,14.64
IN-2023-100996,04-01-2023,08-01-2023,Standard Class,CU-1370,Divya Singh,Consumer,India,Hyderabad,Telangana,South,OFF-ART-110,Office Supplies,Art,Art model 110,308.58,2,0.3,39.81
IN-2025-103769,14-03-2025,20-03-2025,Standard Class,CU-1459,Meera Sharma,Consumer,India,Mumbai,Maharashtra,West,TEC-COP-109,Technology,Copiers,Copiers model 109,30841.39,1,0.1,10504.92
IN-2025-104073,01-06-2025,07-06-2025,Standard Class,CU-1290,Arjun Pillai,Consumer,India,Ahmedabad,Gujarat,West,OFF-BIN-127,Office Supplies,Binders,Binders model 127,1426.36,3,0.0,628.72
IN-2025-103820,25-03-2025,28-03-2025,Second Class,CU-1237,Arjun Sharma,Consumer,India,Coimbatore,Tamil Nadu,South,OFF-ART-126,Office Supplies,Art,Art model 126,820.5,3,0.0,323.21
IN-2024-103296,16-11-2024,22-11-2024,Standard Class,CU-1461,Ananya Sharma,Home Office,India,Coimbatore,Tamil Nadu,South,OFF-ART-109,Office Supplies,Art,Art model 109,536.5,3,0.3,84.64
IN-2023-102035,02-12-2023,04-12-2023,Second Class,CU-1210,Rahul Iyer,Home Office,India,Bhubaneswar,Odisha,East,FUR-CHA-101,Furniture,Chairs,Chairs model 101,7262.21,2,0.2,298.96
IN-2023-102129,27-12-2023,31-12-2023,Standard Class,CU-1341,Aditya Sharma,Consumer,India,Jaipur,Rajasthan,West,FUR-BOO-122,Furniture,Bookcases,Bookcases model 122,6585.58,1,0.1,571.09
IN-2024-103224,29-10-2024,31-10-2024,Second Class,CU-1329,Isha Pillai,Consumer,India,Lucknow,Uttar Pradesh,North,FUR-BOO-100,Furniture,Bookcases,Bookcases model 100,7606.3,1,0.05,1138.87
IN-2023-101895,28-10-2023,30-10-2023,Second Class,CU-1041,Swathi Menon,Consumer,India,Ahmedabad,Gujarat,West,OFF-ART-109,Office Supplies,Art,Art model 109,277.97,1,0.0,114.72
IN-2025-104648,23-10-2025,27-10-2025,Standard Class,CU-1258,Meera Singh,Consumer,India,New Delhi,Delhi,North,FUR-BOO-102,Furniture,Bookcases,Bookcases model 102,4200.77,1,0.35,-459.96
IN-2023-101929,06-11-2023,09-11-2023,Second Class,CU-1106,Nisha Rao,Corporate,India,New Delhi,Delhi,North,TEC-PHO-101,Technology,Phones,Phones model 101,26133.86,2,0.15,3474.42
IN-2023-101356,04-05-2023,08-05-2023,Standard Class,CU-1171,Neha Iyer,Home Office,India,Jaipur,Rajasthan,West,OFF-STO-117,Office Supplies,Storage,Storage model 117,8272.0,5,0.15,2106.63
IN-2023-101064,25-01-2023,31-01-2023,Standard Class,CU-1190,Neha Singh,Corporate,India,Coimbatore,Tamil Nadu,South,OFF-BIN-119,Office Supplies,Binders,Binders model 119,2468.8,8,0.2,720.72
IN-2025-104789,19-11-2025,24-11-2025,Standard Class,CU-1022,Sneha Rao,Consumer,India,Ludhiana,Punjab,North,TEC-MAC-127,Technology,Machines,Machines model 127,20997.47,1,0.15,672.85
IN-2024-103289,13-11-2024,19-11-2024,Standard Class,CU-1409,Aditya Joshi,Corporate,India,Noida,Uttar Pradesh,North,FUR-CHA-103,Furniture,Chairs,Chairs model 103,2737.12,1,0.35,-220.6
IN-2025-103729,03-03-2025,09-03-2025,Standard Class,CU-1329,Isha Pillai,Consumer,India,New Delhi,Delhi,North,OFF-STO-113,Office Supplies,Storage,Storage model 113,2928.64,2,0.05,848.73
IN-2025-103770,14-03-2025,20-03-2025,Standard Class,CU-1471,Ravi Reddy,Home Office,India,Hyderabad,Telangana,South,OFF-LAB-116,Office Supplies,Labels,Labels model 116,1183.74,8,0.05,594.29
IN-2023-101000,05-01-2023,12-01-2023,Standard Class,CU-1425,Priya Iyer,Home Office,India,New Delhi,Delhi,North,TEC-COP-121,Technology,Copiers,Copiers model 121,33883.33,1,0.0,12350.63
IN-2024-102386,08-03-2024,13-03-2024,Standard Class,CU-1527,Manoj Patel,Consumer,India,Bhubaneswar,Odisha,East,OFF-PAP-124,Office Supplies,Paper,Paper model 124,658.79,2,0.0,309.0
IN-2022-100096,18-02-2022,22-02-2022,Standard Class,CU-1019,Priya Sharma,Consumer,India,Thiruvananthapuram,Kerala,South,OFF-PAP-106,Office Supplies,Paper,Paper model 106,1288.15,5,0.1,572.39
IN-2023-101714,04-09-2023,07-09-2023,Second Class,CU-1581,Aditya Kumar,Corporate,India,Surat,Gujarat,West,TEC-PHO-106,Technology,Phones,Phones model 106,85890.28,7,0.05,20160.49
IN-2022-100805,16-11-2022,20-11-2022,Standard Class,CU-1403,Rohit Sharma,Consumer,India,Salem,Tamil Nadu,South,FUR-BOO-134,Furniture,Bookcases,Bookcases model 134,11052.78,2,0.25,-453.58
IN-2024-102183,11-01-2024,15-01-2024,Standard Class,CU-1567,ADITYA SHARMA,Corporate,India,Ludhiana,Punjab,North,TEC-COP-100,Technology,Copiers,Copiers model 100,34603.89,1,0.0,14613.86
IN-2022-100325,17-05-2022,19-05-2022,Second Class,CU-1426,Ashok Iyer,Consumer,India,Hyderabad,Telangana,South,OFF-ART-101,Office Supplies,Art,Art model 101,1710.85,8,0.15,578.24
IN-2025-104703,01-11-2025,02-11-2025,First Class,CU-1371,Arjun Kumar,Consumer,India,Mumbai,Maharashtra,WEST ,OFF-LAB-133,Office Supplies,Labels,Labels model 133,117.91,1,,48.95
IN-2023-101773,27-09-2023,27-09-2023,Same Day,CU-1249,Karthik Nair,Corporate,India,Nagpur,Maharashtra,West,TEC-COP-117,Technology,Copiers,Copiers model 117,36879.22,1,0.0,15101.89
IN-2024-102928,11-08-2024,13-08-2024,Second Class,CU-1257,RAHUL KUMAR,Consumer,India,Amritsar,Punjab,North,FUR-TAB-134,Furniture,Tables,Tables model 134,38643.58,5,0.1,433.33
IN-2023-101729,08-09-2023,09-09-2023,First Class,CU-1016,Nisha Verma,Home Office,India,Nagpur,Maharashtra,West,OFF-STO-136,Office Supplies,Storage,Storage model 136,2843.03,2,0.15,642.78
IN-2022-100914,14-12-2022,17-12-2022,Second Class,CU-1441,Ravi Nair,Corporate,India,Noida,Uttar Pradesh,North,OFF-ART-118,Office Supplies,Art,Art model 118,1131.39,5,0.15,348.35
IN-2023-101113,15-02-2023,21-02-2023,Standard Class,CU-1500,Kavya Shah,Consumer,India,Mysuru,Karnataka,South,TEC-PHO-101,Technology,Phones,Phones model 101,27191.21,2,0.2,2443.04
IN-2024-102648,21-05-2024,27-05-2024,Standard Class,CU-1377,Meera Reddy,Consumer,India,Mumbai,Maharashtra,West,OFF-PAP-134,Office Supplies,Paper,Paper model 134,544.42,2,0.05,258.97
IN-2024-103456,19-12-2024,25-12-2024,Standard Class,CU-1401,Suresh Verma,Consumer,India,Madurai,Tamil Nadu,South,OFF-STO-132,Office Supplies,Storage,Storage model 132,1624.87,1,0.1,398.76
IN-2022-100882,06-12-2022,07-12-2022,First Class,CU-1280,Swathi Gupta,Consumer,India,Kolkata,West Bengal,East,FUR-FUR-124,Furniture,Furnishings,Furnishings model 124,939.39,1,0.35,-3.42
IN-2023-101453,04-06-2023,08-06-2023,Second Class,CU-1283,Kavya Menon,Corporate,India,New Delhi,Delhi,North,OFF-BIN-119,Office Supplies,Binders,Binders model 119,817.85,2,0.15,285.87
IN-2024-102274,04-02-2024,04-02-2024,Same Day,CU-1531,Isha Shah,Corporate,India,Hyderabad,Telangana,South,TEC-ACC-100,Technology,Accessories,Accessories model 100,"₹1,866.27",2,0.2,524.24
IN-2025-103592,24-01-2025,30-01-2025,Standard Class,CU-1068,Sneha Gupta,Consumer,India,Mysuru,Karnataka,South,OFF-STO-123,Office Supplies,Storage,Storage model 123,4942.24,3,0.05,1415.13
IN-2023-101787,01-10-2023,05-10-2023,Second Class,CU-1320,Pooja Verma,Home Office,India,Ahmedabad,Gujarat,West,FUR-BOO-122,Furniture,Bookcases,Bookcases model 122,11860.35,2,0.05,2139.57
IN-2025-103751,11-03-2025,16-03-2025,Standard Class,CU-1320,Pooja Verma,Home Office,India,Noida,Uttar Pradesh,North,OFF-LAB-105,Office Supplies,Labels,Labels model 105,773.5,6,0.05,353.33
IN-2025-104511,22-09-2025,27-09-2025,Standard Class,CU-1249,Karthik Nair,Corporate,India,Bhubaneswar,Odisha,East,TEC-COP-134,Technology,Copiers,Copiers model 134,25719.92,1,0.35,1471.7
IN-2024-102990,02-09-2024,09-09-2024,Standard Class,CU-1418,Kavya Rao,Corporate,India,Salem,Tamil Nadu,South,FUR-CHA-131,Furniture,Chairs,Chairs model 131,26615.27,6,0.1,4082.61
IN-2023-101346,29-04-2023,06-05-2023,Standard Class,CU-1349,Swathi Verma,Corporate,India,Bhubaneswar,Odisha,East,OFF-LAB-104,Office Supplies,Labels,Labels model 104,738.52,6,0.05,411.44
IN-2022-100864,02-12-2022,06-12-2022,Second Class,CU-1292,Divya Sharma,Consumer,India,Hyderabad,Telangana,South,OFF-LAB-100,Office Supplies,Labels,Labels model 100,846.51,8,0.2,300.03
IN-2025-104741,09-11-2025,14-11-2025,Standard Class,CU-1454,Pooja Das,Consumer,India,Hyderabad,Telangana,South,TEC-PHO-119,Technology,Phones,Phones model 119,43174.22,4,0.3,777.43
IN-2024-102197,14-01-2024,17-01-2024,Second Class,CU-1476,Kavya Das,Consumer,India,Jaipur,Rajasthan,West,OFF-LAB-137,Office Supplies,Labels,Labels model 137,119.2,1,0.1,53.09
IN-2022-100093,17-02-2022,24-02-2022,Standard Class,CU-1076,Ravi Pillai,Home Office,India,Kochi,Kerala,South,OFF-LAB-119,Office Supplies,Labels,Labels model 119,160.45,1,0.0,88.16
IN-2025-104899,14-12-2025,18-12-2025,Standard Class,CU-1301,Manoj Das,Corporate,India,Pune,Maharashtra,West,FUR-BOO-101,Furniture,Bookcases,Bookcases model 101,3868.28,1,0.35,-568.49
IN-2022-100831,22-11-2022,26-11-2022,Standard Class,CU-1342,Kavya Kumar,Consumer,India,Kolkata,West Bengal,East,TEC-ACC-139,Technology,Accessories,Accessories model 139,6631.24,6,0.15,2080.93
IN-2024-103464,20-12-2024,24-12-2024,Standard Class,CU-1457,Isha Joshi,Home Office,India,Thiruvananthapuram,Kerala,South,TEC-PHO-121,Technology,Phones,Phones model 121,15580.98,1,0.0,4371.11
IN-2025-104280,24-07-2025,31-07-2025,Standard Class,CU-1551,Ravi Kumar,Consumer,India,Lucknow,Uttar Pradesh,North,OFF-BIN-118,Office Supplies,Binders,Binders model 118,1211.8,3,0.15,351.13
IN-2024-102979,29-08-2024,04-09-2024,Standard Class,CU-1413,Swathi Pillai,Consumer,India,Patna,Bihar,East,OFF-BIN-110,Office Supplies,Binders,Binders model 110,3593.71,8,0.05,1372.32
IN-2024-102407,13-03-2024,17-03-2024,Standard Class,CU-1566,Aarav Shah,Consumer,India,Bhubaneswar,Odisha,East,FUR-BOO-117,Furniture,Bookcases,Bookcases model 117,5054.48,1,0.2,358.9
IN-2025-104203,04-07-2025,11-07-2025,Standard Class,CU-1410,Karthik Menon,Consumer,India,Surat,Gujarat,West,OFF-ART-126,Office Supplies,Art,Art model 126,1368.8,5,0.0,497.15
IN-2025-103976,04-05-2025,09-05-2025,Standard Class,CU-1152,Rahul Gupta,Consumer,India,Lucknow,Uttar Pradesh,North,OFF-STO-117,Office Supplies,Storage,Storage model 117,3231.27,2,,829.87
IN-2025-104950,23-12-2025,29-12-2025,Standard Class,CU-1075,Manoj Nair,Consumer,India,Surat,Gujarat,West,OFF-BIN-113,Office Supplies,Binders,Binders model 113,846.08,2,0.0,387.23
IN-2023-101358,04-05-2023,11-05-2023,Standard Class,CU-1406,Ashok Kumar,Consumer,India,Amritsar,Punjab,North,TEC-PHO-125,Technology,Phones,Phones model 125,108501.15,7,0.0,38709.94
IN-2023-102139,29-12-2023,02-01-2024,Standard Class,CU-1071,Ashok Das,Consumer,India,New Delhi,Delhi,North,FUR-CHA-110,Furniture,Chairs,Chairs model 110,8741.61,2,0.15,1269.05
IN-2023-102068,12-12-2023,13-12-2023,First Class,CU-1240,Ananya Menon,Consumer,India,Mumbai,Maharashtra,West,OFF-STO-131,Office Supplies,Storage,Storage model 131,5111.2,3,0.15,1098.73
IN-2023-101386,14-05-2023,18-05-2023,Standard Class,CU-1405,Isha Das,Home Office,India,Amritsar,Punjab,North,FUR-FUR-105,Furniture,Furnishings,Furnishings model 105,5214.63,4,0.1,1204.96
IN-2022-100215,04-04-2022,09-04-2022,Standard Class,CU-1554,Sneha Sharma,Consumer,India,Kochi,Kerala,South,OFF-ART-131,Office Supplies,Art,Art model 131,537.63,2,0.0,230.22
IN-2025-104743,09-11-2025,16-11-2025,Standard Class,CU-1099,Ravi Gupta,Home Office,India,Surat,Gujarat,West,OFF-BIN-133,Office Supplies,Binders,Binders model 133,413.65,1,0.0,171.08
IN-2023-101067,26-01-2023,30-01-2023,Standard Class,CU-1582,Neha Pillai,Consumer,India,Kolkata,West Bengal,East,OFF-ART-102,Office Supplies,Art,Art model 102,255.14,1,0.05,89.11
IN-2025-104900,14-12-2025,20-12-2025,Standard Class,CU-1560,Ashok Patel,Home Office,India,Kochi,Kerala,South,FUR-CHA-129,Furniture,Chairs,Chairs model 129,30607.76,7,0.1,2698.2
IN-2025-104363,15-08-2025,17-08-2025,First Class,CU-1471,Ravi Reddy,Home Office,India,Hyderabad,Telangana,South,TEC-MAC-124,Technology,Machines,Machines model 124,103013.9,5,0.0,13086.91
IN-2025-104172,24-06-2025,28-06-2025,Second Class,CU-1381,Manoj Rao,Consumer,India,Noida,Uttar Pradesh,North,OFF-PAP-122,Office Supplies,Paper,Paper model 122,1847.21,6,0.0,775.13
IN-2024-102549,22-04-2024,26-04-2024,Standard Class,CU-1439,Sneha Singh,Consumer,India,Patna,Bihar,East,OFF-LAB-125,Office Supplies,Labels,Labels model 125,272.54,3,0.45,4.51
IN-2025-104211,05-07-2025,10-07-2025,Standard Class,CU-1366,Isha Patel,Consumer,India,Ahmedabad,Gujarat,West,OFF-PAP-127,Office Supplies,Paper,Paper model 127,967.02,3,0.0,447.17
IN-2022-100119,02-03-2022,06-03-2022,Standard Class,CU-1401,Suresh Verma,Consumer,India,Noida,Uttar Pradesh,North,TEC-PHO-138,Technology,Phones,Phones model 138,30209.72,2,0.1,4593.69
IN-2024-102554,23-04-2024,29-04-2024,Standard Class,CU-1124,Neha Menon,Consumer,India,Hyderabad,Telangana,South,TEC-ACC-136,Technology,Accessories,Accessories model 136,4501.7,4,0.15,1265.73
IN-2025-104911,17-12-2025,18-12-2025,First Class,CU-1461,Ananya Sharma,Home Office,India,Thiruvananthapuram,Kerala,South,TEC-COP-117,Technology,Copiers,Copiers model 117,43300.68,2,0.3,6121.4
IN-2025-104159,22-06-2025,28-06-2025,Standard Class,CU-1563,Arjun Nair,Corporate,India,Thiruvananthapuram,Kerala,South,TEC-COP-120,Technology,Copiers,Copiers model 120,52909.08,2,0.15,15173.74
IN-2025-104394,24-08-2025,29-08-2025,Standard Class,CU-1211,Suresh Menon,Consumer,India,Ahmedabad,Gujarat,West,OFF-LAB-113,Office Supplies,Labels,Labels model 113,218.78,2,0.3,60.56
IN-2024-102785,03-07-2024,07-07-2024,Second Class,CU-1579,Divya Kumar,Consumer,India,Kolkata,West Bengal,East,OFF-STO-116,Office Supplies,Storage,Storage model 116,1898.47,1,0.05,607.87
IN-2025-104502,19-09-2025,26-09-2025,Standard Class,CU-1235,Arjun Iyer,Consumer,India,Jaipur,Rajasthan,West,OFF-ART-109,Office Supplies,Art,Art model 109,451.5,2,0.05,189.21
IN-2024-103083,30-09-2024,04-10-2024,Second Class,CU-1509,Aditya Rao,Home Office,India,Ahmedabad,Gujarat,WEST ,FUR-TAB-112,Furniture,Tables,Tables model 112,6891.16,1,0.15,-359.77
IN-2022-100958,26-12-2022,26-12-2022,Same Day,CU-1242,Nisha Gupta,Consumer,India,Pune,Maharashtra,West,OFF-LAB-100,Office Supplies,Labels,Labels model 100,338.52,2,0.0,177.24
IN-2024-103024,13-09-2024,17-09-2024,Second Class,CU-1180,Divya Das,Corporate,India,Patna,Bihar,East,OFF-LAB-138,Office Supplies,Labels,Labels model 138,780.96,5,0.05,342.47
IN-2022-100166,21-03-2022,21-03-2022,Same Day,CU-1169,Sneha Sharma,Corporate,India,Nagpur,Maharashtra,West,OFF-ART-106,Office Supplies,Art,Art model 106,635.73,3,0.15,191.48
IN-2024-103498,27-12-2024,31-12-2024,Standard Class,CU-1133,Deepak Joshi,Consumer,India,Hyderabad,Telangana,South,OFF-BIN-138,Office Supplies,Binders,Binders model 138,922.3,2,0.0,388.12
IN-2022-100202,31-03-2022,05-04-2022,Standard Class,CU-1443,Vivaan Iyer,Consumer,India,Jaipur,Rajasthan,West,OFF-BIN-108,Office Supplies,Binders,Binders model 108,1311.41,3,0.05,501.94
IN-2025-104048,23-05-2025,30-05-2025,Standard Class,CU-1025,Rohit Rao,Consumer,India,Kolkata,West Bengal,East,TEC-MAC-121,Technology,Machines,Machines model 121,56565.17,3,0.15,3041.05
IN-2022-100239,12-04-2022,19-04-2022,Standard Class,CU-1345,Swathi Verma,Corporate,India,Hyderabad,Telangana,South,TEC-MAC-125,Technology,Machines,Machines model 125,56232.14,3,0.1,5438.52
IN-2023-101978,19-11-2023,20-11-2023,First Class,CU-1218,Priya Kumar,Consumer,India,Bengaluru,Karnataka,South,TEC-COP-132,Technology,Copiers,Copiers model 132,163675.68,5,0.0,69207.73
IN-2025-104908,15-12-2025,17-12-2025,Second Class,CU-1106,Nisha Rao,Corporate,India,New Delhi,Delhi,North,FUR-TAB-107,Furniture,Tables,Tables model 107,9674.32,1,0.05,553.44
IN-2022-100986,31-12-2022,05-01-2023,Standard Class,CU-1100,Vivaan Iyer,Consumer,India,Jaipur,Rajasthan,West,FUR-BOO-120,Furniture,Bookcases,Bookcases model 120,18226.66,3,,388.4
IN-2022-100553,27-08-2022,03-09-2022,Standard Class,CU-1123,Isha Menon,Home Office,India,Hyderabad,Telangana,South,FUR-FUR-123,Furniture,Furnishings,Furnishings model 123,1599.58,1,0.0,469.01
IN-2024-102714,07-06-2024,12-06-2024,Standard Class,CU-1271,Nisha Shah,Corporate,India,Kolkata,West Bengal,East,TEC-ACC-114,Technology,Accessories,Accessories model 114,1062.24,1,0.05,355.01
IN-2023-101992,22-11-2023,29-11-2023,Standard Class,CU-1289,Ananya Joshi,Corporate,India,Kolkata,West Bengal,East,TEC-ACC-108,Technology,Accessories,Accessories model 108,1014.78,1,0.1,313.81
IN-2022-100799,15-11-2022,17-11-2022,Second Class,CU-1490,Kavya Das,Consumer,India,New Delhi,Delhi,North,OFF-BIN-125,Office Supplies,Binders,Binders model 125,409.63,1,0.1,159.83
IN-2025-104557,06-10-2025,13-10-2025,Standard Class,CU-1056,Arjun Nair,Consumer,India,New Delhi,Delhi,North,OFF-LAB-107,Office Supplies,Labels,Labels model 107,261.84,2,0.0,122.62
IN-2025-104909,15-12-2025,17-12-2025,Second Class,CU-1258,Meera Singh,Consumer,India,Mumbai,Maharashtra,West,OFF-ART-108,Office Supplies,Art,Art model 108,435.24,2,0.0,187.48
IN-2025-104492,16-09-2025,22-09-2025,Standard Class,CU-1573,Nisha Nair,Consumer,India,Patna,Bihar,East,TEC-COP-114,Technology,Copiers,Copiers model 114,71183.66,3,0.35,4640.95
IN-2024-103470,21-12-2024,27-12-2024,Standard Class,CU-1594,Vivaan Singh,,India,Kochi,Kerala,South,OFF-LAB-106,Office Supplies,Labels,Labels model 106,267.75,2,0.15,97.88
IN-2023-101820,08-10-2023,15-10-2023,Standard Class,CU-1005,Divya Sharma,Consumer,India,Mysuru,Karnataka,SOUTH ,OFF-STO-122,Office Supplies,Storage,Storage model 122,4196.01,3,0.25,651.7
IN-2024-103038,17-09-2024,23-09-2024,Standard Class,CU-1330,Lakshmi Gupta,Consumer,India,Ludhiana,Punjab,North,TEC-PHO-128,Technology,Phones,Phones model 128,12155.02,1,0.1,3041.14
IN-2025-104959,26-12-2025,31-12-2025,Standard Class,CU-1226,Aarav Kumar,Home Office,India,Mysuru,Karnataka,South,OFF-ART-136,Office Supplies,Art,Art model 136,1851.81,7,0.0,778.8
IN-2023-101645,13-08-2023,19-08-2023,Standard Class,CU-1227,Priya Rao,Consumer,India,Ahmedabad,Gujarat,West,TEC-COP-122,Technology,Copiers,Copiers model 122,22203.95,1,0.4,1615.54
IN-2022-100933,19-12-2022,23-12-2022,Standard Class,CU-1408,Ravi Sharma,Home Office,India,New Delhi,Delhi,North,TEC-MAC-130,Technology,Machines,Machines model 130,15262.43,1,0.2,-410.57
IN-2023-101908,31-10-2023,01-11-2023,First Class,CU-1567,Aditya Sharma,Corporate,India,Pune,Maharashtra,West,OFF-ART-131,Office Supplies,Art,Art model 131,248.05,1,0.1,87.48
IN-2023-101281,09-04-2023,09-04-2023,Same Day,CU-1049,Sneha Singh,Consumer,India,New Delhi,Delhi,North,TEC-ACC-127,Technology,Accessories,Accessories model 127,4378.5,5,0.2,919.72
IN-2023-101400,20-05-2023,26-05-2023,Standard Class,CU-1526,Deepak Rao,Consumer,India,Ludhiana,Punjab,North,FUR-BOO-115,Furniture,Bookcases,Bookcases model 115,47496.35,6,0.0,8027.61
IN-2024-102672,27-05-2024,31-05-2024,Standard Class,CU-1496,Pooja Menon,Corporate,India,Hyderabad,Telangana,South,OFF-ART-127,Office Supplies,Art,Art model 127,261.84,1,0.0,104.52
IN-2023-102040,03-12-2023,09-12-2023,Standard Class,CU-1495,Nisha Singh,Corporate,India,Lucknow,Uttar Pradesh,North,OFF-BIN-115,Office Supplies,Binders,Binders model 115,1150.31,3,0.0,479.67
IN-2022-100049,24-01-2022,28-01-2022,Standard Class,CU-1514,Ravi Shah,Consumer,India,Noida,Uttar Pradesh,North,TEC-COP-121,Technology,Copiers,Copiers model 121,33046.06,1,0.0,12352.7
IN-2025-103959,29-04-2025,06-05-2025,Standard Class,CU-1115,Arjun Menon,Consumer,India,Patna,Bihar,East,FUR-CHA-104,Furniture,Chairs,Chairs model 104,20438.88,5,0.05,3554.02
IN-2023-101255,02-04-2023,08-04-2023,Standard Class,CU-1329,Isha Pillai,Consumer,India,Amritsar,Punjab,North,OFF-PAP-115,Office Supplies,Paper,Paper model 115,290.95,1,0.05,139.27
IN-2025-104831,28-11-2025,02-12-2025,Standard Class,CU-1344,Priya Nair,Home Office,India,Kolkata,West Bengal,East,TEC-MAC-106,Technology,Machines,Machines model 106,22002.64,1,0.05,1753.35
IN-2025-104890,12-12-2025,16-12-2025,Standard Class,CU-1355,Sneha Nair,Consumer,India,Amritsar,Punjab,North,TEC-MAC-132,Technology,Machines,Machines model 132,100197.45,6,0.15,7599.04
IN-2024-103264,08-11-2024,08-11-2024,Same Day,CU-1042,Ananya Pillai,Consumer,India,Kolkata,West Bengal,East,OFF-BIN-133,Office Supplies,Binders,Binders model 133,996.12,3,0.25,203.91
IN-2022-100367,02-06-2022,04-06-2022,Second Class,CU-1213,Rahul Menon,Corporate,India,Jaipur,Rajasthan,WEST ,FUR-BOO-135,Furniture,Bookcases,Bookcases model 135,20102.19,3,0.05,3449.27
IN-2024-102163,05-01-2024,08-01-2024,Second Class,CU-1133,Deepak Joshi,Consumer,India,Patna,Bihar,East,OFF-ART-100,Office Supplies,Art,Art model 100,497.91,2,0.1,190.53
IN-2025-103938,23-04-2025,25-04-2025,Second Class,CU-1168,Deepak Sharma,Corporate,India,Kolkata,West Bengal,East,FUR-FUR-138,Furniture,Furnishings,Furnishings model 138,1180.46,1,0.25,147.73
IN-2023-101379,10-05-2023,12-05-2023,Second Class,CU-1326,Neha Nair,Home Office,India,New Delhi,Delhi,North,FUR-FUR-126,Furniture,Furnishings,Furnishings model 126,8114.16,6,0.05,2222.67
IN-2024-102839,16-07-2024,18-07-2024,Second Class,CU-1556,Nisha Iyer,Consumer,India,Mysuru,Karnataka,South,OFF-PAP-138,Office Supplies,Paper,Paper model 138,612.16,2,0.05,283.9
IN-2024-102844,17-07-2024,21-07-2024,Standard Class,CU-1094,Ananya Singh,Consumer,India,Jaipur,Rajasthan,West,OFF-PAP-117,Office Supplies,Paper,Paper model 117,257.76,1,0.2,95.77
IN-2022-100741,03-11-2022,06-11-2022,Second Class,CU-1297,Ananya Patel,Corporate,India,Patna,Bihar,East,TEC-MAC-130,Technology,Machines,Machines model 130,17022.44,1,0.15,647.76
IN-2024-102945,16-08-2024,21-08-2024,Standard Class,CU-1063,Isha Kumar,Consumer,India,Mysuru,Karnataka,South,TEC-PHO-110,Technology,Phones,Phones model 110,32102.25,2,0.0,9265.53
IN-2024-103145,12-10-2024,18-10-2024,Standard Class,CU-1202,Neha Verma,Consumer,India,Hyderabad,Telangana,South,OFF-BIN-121,Office Supplies,Binders,Binders model 121,1939.5,5,,830.61
IN-2023-101920,03-11-2023,09-11-2023,Standard Class,CU-1341,Aditya Sharma,Consumer,India,Jaipur,Rajasthan,WEST ,TEC-COP-126,Technology,Copiers,Copiers model 126,32480.81,1,0.1,11311.19
IN-2024-103184,20-10-2024,20-10-2024,Same Day,CU-1007,Isha Menon,,India,Hyderabad,Telangana,South,TEC-ACC-113,Technology,Accessories,Accessories model 113,1949.49,2,0.15,553.31
IN-2024-103242,03-11-2024,07-11-2024,Standard Class,CU-1593,Karthik Iyer,Home Office,India,Jaipur,Rajasthan,West,OFF-BIN-125,Office Supplies,Binders,Binders model 125,905.79,3,0.3,160.13
IN-2024-102269,03-02-2024,05-02-2024,Second Class,CU-1118,Karthik Joshi,Corporate,India,Amritsar,Punjab,North,OFF-BIN-111,Office Supplies,Binders,Binders model 111,352.73,1,0.15,126.11
IN-2022-100515,10-08-2022,13-08-2022,First Class,CU-1138,Divya Rao,Consumer,India,Noida,Uttar Pradesh,North,TEC-ACC-121,Technology,Accessories,Accessories model 121,"₹1,169.94",1,0.0,529.16
IN-2024-102199,15-01-2024,19-01-2024,Standard Class,CU-1233,Ananya Gupta,Corporate,India,Lucknow,Uttar Pradesh,North,TEC-COP-122,Technology,Copiers,Copiers model 122,187876.67,6,0.1,73217.01
IN-2023-101740,11-09-2023,13-09-2023,Second Class,CU-1150,Meera Verma,Corporate,India,New Delhi,Delhi,North,OFF-ART-131,Office Supplies,Art,Art model 131,475.52,2,0.15,123.12
IN-2023-101432,28-05-2023,04-06-2023,Standard Class,CU-1591,Pooja Verma,Consumer,India,Hyderabad,Telangana,South,TEC-PHO-120,Technology,Phones,Phones model 120,23727.07,2,0.1,5015.98
IN-2024-102764,23-06-2024,27-06-2024,Standard Class,CU-1176,Kavya Menon,Consumer,India,Ahmedabad,Gujarat,West,FUR-TAB-105,Furniture,Tables,Tables model 105,29965.18,4,0.05,885.18
IN-2023-101700,31-08-2023,06-09-2023,Standard Class,CU-1536,Lakshmi Joshi,Corporate,India,Noida,Uttar Pradesh,North,OFF-PAP-103,Office Supplies,Paper,Paper model 103,1149.39,4,0.1,455.95
IN-2025-104702,01-11-2025,05-11-2025,Standard Class,CU-1311,Divya Verma,Consumer,India,Bhubaneswar,Odisha,East,OFF-BIN-111,Office Supplies,Binders,Binders model 111,375.88,1,0.1,141.08
IN-2025-104879,09-12-2025,13-12-2025,Second Class,CU-1579,Divya Kumar,Consumer,India,Bengaluru,Karnataka,South,TEC-COP-105,Technology,Copiers,Copiers model 105,75123.06,2,0.0,32724.06
IN-2023-101129,20-02-2023,26-02-2023,Standard Class,CU-1029,Kavya Nair,Corporate,India,Amritsar,Punjab,North,FUR-CHA-109,Furniture,Chairs,Chairs model 109,9131.82,2,0.1,1511.77
IN-2025-104119,12-06-2025,16-06-2025,Standard Class,CU-1558,Suresh Shah,Consumer,India,Nagpur,Maharashtra,West,TEC-MAC-119,Technology,Machines,Machines model 119,21030.7,1,0.05,2488.47
IN-2025-103949,26-04-2025,03-05-2025,Standard Class,CU-1473,Vivaan Nair,Consumer,India,Patna,Bihar,East,OFF-ART-106,Office Supplies,Art,Art model 106,654.92,3,0.05,224.01
IN-2024-103144,12-10-2024,13-10-2024,First Class,CU-1489,Vivaan Nair,Consumer,India,Surat,Gujarat,West,TEC-COP-106,Technology,Copiers,Copiers model 106,34899.52,1,0.0,14031.65
IN-2024-103002,07-09-2024,10-09-2024,Second Class,CU-1462,Neha Menon,Corporate,India,Nagpur,Maharashtra,West,OFF-ART-100,Office Supplies,Art,Art model 100,150.41,1,0.3,19.52
IN-2025-104265,21-07-2025,22-07-2025,First Class,CU-1245,Aditya Gupta,Corporate,India,Bhubaneswar,Odisha,East,OFF-BIN-121,Office Supplies,Binders,Binders model 121,₹817.33,2,0.2,267.85
IN-2024-102911,06-08-2024,07-08-2024,First Class,CU-1432,Kavya Verma,Corporate,India,Bhubaneswar,Odisha,East,TEC-PHO-122,Technology,Phones,Phones model 122,23881.26,2,0.15,3511.44
IN-2023-101634,08-08-2023,13-08-2023,Standard Class,CU-1135,Priya Sharma,Consumer,India,Patna,Bihar,East,FUR-BOO-112,Furniture,Bookcases,Bookcases model 112,11568.39,2,0.05,1928.48
IN-2023-101810,05-10-2023,08-10-2023,First Class,CU-1326,Neha Nair,Home Office,India,New Delhi,Delhi,North,OFF-LAB-127,Office Supplies,Labels,Labels model 127,292.2,2,,138.42
IN-2025-103916,16-04-2025,16-04-2025,Same Day,CU-1145,Nisha Das,Consumer,India,Kolkata,West Bengal,East,TEC-PHO-129,Technology,Phones,Phones model 129,27242.64,2,0.2,4210.4
IN-2022-100504,05-08-2022,12-08-2022,Standard Class,CU-1013,Pooja Verma,Consumer,India,New Delhi,Delhi,North,OFF-LAB-109,Office Supplies,Labels,Labels model 109,653.68,5,0.2,278.7
IN-2024-103495,26-12-2024,30-12-2024,Standard Class,CU-1357,Ashok Pillai,Home Office,India,Jaipur,Rajasthan,West,TEC-MAC-134,Technology,Machines,Machines model 134,122668.23,6,0.15,3010.06
IN-2023-101696,30-08-2023,04-09-2023,Standard Class,CU-1571,Isha Singh,Corporate,India,Ahmedabad,Gujarat,West,OFF-LAB-104,Office Supplies,Labels,Labels model 104,133.0,1,0.1,57.25
IN-2025-104025,17-05-2025,19-05-2025,Second Class,CU-1247,Meera Menon,Consumer,India,Thiruvananthapuram,Kerala,South,FUR-BOO-129,Furniture,Bookcases,Bookcases model 129,16633.86,4,0.4,-3606.49
IN-2024-102237,26-01-2024,29-01-2024,First Class,CU-1404,Pooja Rao,Consumer,India,Mumbai,Maharashtra,West,OFF-ART-109,Office Supplies,Art,Art model 109,1514.25,6,0.05,578.15
IN-2023-101554,11-07-2023,12-07-2023,First Class,CU-1462,Neha Menon,Corporate,India,New Delhi,Delhi,North,TEC-MAC-135,Technology,Machines,Machines model 135,39484.87,3,0.3,-2172.15
IN-2022-100924,17-12-2022,20-12-2022,Second Class,CU-1161,Pooja Joshi,Consumer,India,Mysuru,Karnataka,South,TEC-MAC-137,Technology,Machines,Machines model 137,19977.33,1,0.15,814.4
IN-2025-103782,17-03-2025,21-03-2025,Standard Class,CU-1123,Isha Menon,Home Office,India,Jaipur,Rajasthan,west,OFF-BIN-109,Office Supplies,Binders,Binders model 109,1886.11,5,0.05,728.96
IN-2024-102316,16-02-2024,23-02-2024,Standard Class,CU-1422,Vikram Das,Consumer,India,Noida,Uttar Pradesh,North,TEC-ACC-117,Technology,Accessories,Accessories model 117,6294.92,6,0.15,1949.82
IN-2025-104341,09-08-2025,13-08-2025,Standard Class,CU-1543,Nisha Shah,Corporate,India,Jaipur,Rajasthan,West,OFF-ART-117,Office Supplies,Art,Art model 117,452.58,2,0.15,112.42
IN-2025-104799,22-11-2025,26-11-2025,Standard Class,CU-1014,Ravi Das,Consumer,India,Surat,Gujarat,West,FUR-CHA-109,Furniture,Chairs,Chairs model 109,3739.39,1,0.2,223.23
IN-2024-103103,05-10-2024,08-10-2024,First Class,CU-1556,Nisha Iyer,Consumer,India,New Delhi,Delhi,North,TEC-PHO-123,Technology,Phones,Phones model 123,24045.52,2,0.3,87.65
IN-2022-100397,14-06-2022,21-06-2022,Standard Class,CU-1128,Ashok Reddy,Corporate,India,Kochi,Kerala,South,OFF-LAB-121,Office Supplies,Labels,Labels model 121,131.37,1,0.1,56.22
IN-2025-103716,26-02-2025,04-03-2025,Standard Class,CU-1353,Aarav Patel,Corporate,India,Jaipur,Rajasthan,West,FUR-TAB-116,Furniture,Tables,Tables model 116,26031.72,3,0.1,-1061.95
IN-2023-101658,19-08-2023,20-08-2023,First Class,CU-1342,Kavya Kumar,Consumer,India,Kochi,Kerala,South,OFF-ART-124,Office Supplies,Art,Art model 124,220.93,1,0.1,78.17
IN-2024-102416,17-03-2024,20-03-2024,Second Class,CU-1252,Arjun Joshi,Consumer,India,Ahmedabad,Gujarat,West,TEC-MAC-136,Technology,Machines,Machines model 136,92199.65,5,0.1,3705.58
IN-2025-104115,11-06-2025,15-06-2025,Standard Class,CU-1436,Ananya Verma,Consumer,India,Kochi,Kerala,South,TEC-MAC-104,Technology,Machines,Machines model 104,66908.01,3,0.1,8702.53
IN-2022-100269,24-04-2022,27-04-2022,First Class,CU-1329,Isha Pillai,Consumer,India,Patna,Bihar,East,FUR-BOO-119,Furniture,Bookcases,Bookcases model 119,41245.62,6,0.1,6834.61
IN-2024-102357,29-02-2024,04-03-2024,Standard Class,CU-1574,Rohit Verma,Corporate,India,Nagpur,Maharashtra,West,FUR-FUR-127,Furniture,Furnishings,Furnishings model 127,2569.57,2,0.2,410.08
IN-2024-103381,01-12-2024,08-12-2024,Standard Class,CU-1171,Neha Iyer,Home Office,India,New Delhi,Delhi,North,TEC-PHO-115,Technology,Phones,Phones model 115,13406.77,1,0.05,3250.77
IN-2025-104110,09-06-2025,15-06-2025,Standard Class,CU-1270,Lakshmi Iyer,Home Office,India,Bengaluru,Karnataka,South,FUR-BOO-110,Furniture,Bookcases,Bookcases model 110,8038.01,1,0.0,931.62
IN-2025-104951,23-12-2025,30-12-2025,Standard Class,CU-1145,Nisha Das,Consumer,India,Patna,Bihar,East,OFF-LAB-128,Office Supplies,Labels,Labels model 128,146.98,1,0.05,66.98
IN-2025-103932,21-04-2025,28-04-2025,Standard Class,CU-1296,Sneha Joshi,Consumer,India,Bhubaneswar,Odisha,East,TEC-ACC-115,Technology,Accessories,Accessories model 115,991.07,1,0.05,372.91
IN-2023-101243,30-03-2023,04-04-2023,Standard Class,CU-1083,Arjun Gupta,Consumer,India,Jaipur,Rajasthan,West,TEC-PHO-129,Technology,Phones,Phones model 129,28684.76,2,0.1,5237.27
IN-2023-101648,14-08-2023,19-08-2023,Standard Class,CU-1176,Kavya Menon,Consumer,India,Surat,Gujarat,West,FUR-FUR-101,Furniture,Furnishings,Furnishings model 101,1503.65,1,0.05,458.27
IN-2022-100979,30-12-2022,01-01-2023,Second Class,CU-1068,Sneha Gupta,Consumer,India,New Delhi,Delhi,North,FUR-FUR-110,Furniture,Furnishings,Furnishings model 110,3854.08,3,0.15,775.4
IN-2025-104036,19-05-2025,22-05-2025,Second Class,CU-1298,Meera Kumar,Consumer,India,Jaipur,Rajasthan,West,OFF-PAP-123,Office Supplies,Paper,Paper model 123,566.92,2,0.0,302.24
IN-2025-104560,07-10-2025,14-10-2025,Standard Class,CU-1022,Sneha Rao,Consumer,India,Ludhiana,Punjab,north,OFF-ART-104,Office Supplies,Art,Art model 104,1719.73,7,0.1,478.28
IN-2024-102870,26-07-2024,01-08-2024,Standard Class,CU-1395,Kavya Verma,Corporate,India,New Delhi,Delhi,North,OFF-BIN-111,Office Supplies,Binders,Binders model 111,740.79,2,0.1,283.01
IN-2024-102674,27-05-2024,29-05-2024,First Class,CU-1335,Sneha Patel,Consumer,India,Jaipur,Rajasthan,West,TEC-ACC-109,Technology,Accessories,Accessories model 109,748.98,1,0.3,87.55
IN-2022-100108,25-02-2022,27-02-2022,First Class,CU-1240,Ananya Menon,Consumer,India,Amritsar,Punjab,North,FUR-BOO-136,Furniture,Bookcases,Bookcases model 136,41220.99,6,0.1,3450.88
IN-2024-103207,25-10-2024,28-10-2024,First Class,CU-1433,Priya Sharma,Home Office,India,Kochi,Kerala,South,TEC-PHO-127,Technology,Phones,Phones model 127,18734.42,2,0.4,-2329.58
IN-2024-102753,20-06-2024,27-06-2024,Standard Class,CU-1124,Neha Menon,Consumer,India,Mumbai,Maharashtra,West,OFF-ART-105,Office Supplies,Art,Art model 105,1079.51,4,0.0,438.31
IN-2023-101938,09-11-2023,13-11-2023,Second Class,CU-1084,Suresh Pillai,Corporate,India,Kolkata,West Bengal,East,OFF-STO-119,Office Supplies,Storage,Storage model 119,5228.71,3,0.0,1607.12
IN-2023-101414,24-05-2023,26-05-2023,Second Class,CU-1201,Aarav Patel,Home Office,India,New Delhi,Delhi,North,OFF-STO-123,Office Supplies,Storage,Storage model 123,3274.21,2,0.1,824.58
IN-2023-101257,03-04-2023,06-04-2023,First Class,CU-1537,Ravi Nair,Home Office,India,Surat,Gujarat,West,OFF-BIN-100,Office Supplies,Binders,Binders model 100,1091.27,3,0.05,405.03
IN-2025-104403,25-08-2025,29-08-2025,Standard Class,CU-1141,Kavya Kumar,Consumer,India,Hyderabad,Telangana,South,TEC-MAC-135,Technology,Machines,Machines model 135,32115.82,2,0.2,-399.63
IN-2025-104739,09-11-2025,16-11-2025,Standard Class,CU-1167,Meera Rao,Home Office,India,Salem,Tamil Nadu,South,FUR-CHA-134,Furniture,Chairs,Chairs model 134,4991.6,2,0.45,-1342.48
IN-2025-104124,13-06-2025,14-06-2025,First Class,CU-1248,Ashok Verma,Corporate,India,Nagpur,Maharashtra,West,TEC-MAC-134,Technology,Machines,Machines model 134,31835.72,2,0.3,-1089.19
IN-2022-100458,16-07-2022,22-07-2022,Standard Class,CU-1096,Aarav Shah,Consumer,India,Mysuru,Karnataka,South,TEC-ACC-101,Technology,Accessories,Accessories model 101,2608.94,2,0.0,1118.72
IN-2024-103324,20-11-2024,23-11-2024,Second Class,CU-1055,Vivaan Sharma,Home Office,India,Mysuru,Karnataka,South,TEC-COP-136,Technology,Copiers,Copiers model 136,23848.81,1,0.4,650.26
IN-2025-104243,13-07-2025,17-07-2025,Standard Class,CU-1423,Nisha Sharma,Home Office,India,Kolkata,West Bengal,East,OFF-LAB-126,Office Supplies,Labels,Labels model 126,306.02,2,0.1,147.96
IN-2024-102755,20-06-2024,20-06-2024,Same Day,CU-1047,Divya Nair,Consumer,India,Surat,Gujarat,West,FUR-CHA-133,Furniture,Chairs,Chairs model 133,4073.95,1,0.05,610.71
IN-2022-100577,07-09-2022,10-09-2022,Second Class,CU-1369,Priya Reddy,Consumer,India,Mysuru,Karnataka,South,OFF-ART-115,Office Supplies,Art,Art model 115,453.42,2,0.0,192.73
IN-2025-104345,10-08-2025,14-08-2025,Standard Class,CU-1014,RAVI DAS,Consumer,India,New Delhi,Delhi,North,TEC-PHO-124,Technology,Phones,Phones model 124,31710.64,2,0.0,8547.89
IN-2024-103343,24-11-2024,26-11-2024,First Class,CU-1325,Ashok Rao,Consumer,India,Coimbatore,Tamil Nadu,South,OFF-ART-127,Office Supplies,Art,Art model 127,238.25,1,0.0,101.68
IN-2023-102141,29-12-2023,31-12-2023,First Class,CU-1225,Divya Kumar,Corporate,India,Ahmedabad,Gujarat,West,OFF-ART-110,Office Supplies,Art,Art model 110,662.23,3,0.0,228.2
IN-2022-100817,19-11-2022,21-11-2022,Second Class,CU-1165,Isha Menon,Consumer,India,Noida,Uttar Pradesh,North,TEC-ACC-103,Technology,Accessories,Accessories model 103,1677.55,2,0.3,244.47
IN-2025-104281,25-07-2025,26-07-2025,First Class,CU-1316,Ashok Joshi,Home Office,India,Hyderabad,Telangana,South,TEC-COP-136,Technology,Copiers,Copiers model 136,55415.55,3,0.4,1026.38
IN-2025-104926,19-12-2025,24-12-2025,Standard Class,CU-1316,Ashok Joshi,Home Office,India,Surat,Gujarat,West,OFF-ART-106,Office Supplies,Art,Art model 106,605.84,3,0.1,186.8
IN-2022-100856,30-11-2022,01-12-2022,First Class,CU-1411,Neha Kumar,Corporate,India,Lucknow,Uttar Pradesh,North,TEC-MAC-131,Technology,Machines,Machines model 131,56465.84,3,0.15,3651.54
IN-2024-102918,08-08-2024,13-08-2024,Standard Class,CU-1068,Sneha Gupta,Consumer,India,Pune,Maharashtra,West,OFF-LAB-109,Office Supplies,Labels,Labels model 109,338.77,3,0.15,134.84
IN-2023-101026,14-01-2023,19-01-2023,Standard Class,CU-1017,Ananya Patel,Consumer,India,Hyderabad,Telangana,South,FUR-BOO-128,Furniture,Bookcases,Bookcases model 128,11858.62,2,0.25,-723.7
IN-2022-100143,11-03-2022,15-03-2022,Second Class,CU-1520,Priya Nair,Consumer,India,Ludhiana,Punjab,North,FUR-CHA-106,Furniture,Chairs,Chairs model 106,9433.11,2,0.05,1892.39
IN-2024-102866,25-07-2024,29-07-2024,Standard Class,CU-1428,Ashok Reddy,Consumer,India,Kochi,Kerala,South,OFF-STO-106,Office Supplies,Storage,Storage model 106,3974.04,2,0.0,1360.51
IN-2025-103531,04-01-2025,05-01-2025,First Class,CU-1436,Ananya Verma,Consumer,India,Jaipur,Rajasthan,West,TEC-PHO-108,Technology,Phones,Phones model 108,34190.66,2,0.0,7591.83
IN-2023-102025,30-11-2023,07-12-2023,Standard Class,CU-1007,Isha Menon,Home Office,India,Hyderabad,Telangana,South,OFF-PAP-131,Office Supplies,Paper,Paper model 131,198.92,1,0.4,27.14
IN-2023-101474,13-06-2023,20-06-2023,Standard Class,CU-1180,Divya Das,Corporate,India,Amritsar,Punjab,North,OFF-ART-138,Office Supplies,Art,Art model 138,956.12,4,0.15,352.01
IN-2024-102211,17-01-2024,24-01-2024,Standard Class,CU-1179,Neha Verma,Corporate,India,Pune,Maharashtra,West,TEC-ACC-135,Technology,Accessories,Accessories model 135,2549.11,2,0.0,935.69
IN-2022-100334,22-05-2022,26-05-2022,Standard Class,CU-1188,Suresh Iyer,Consumer,India,Hyderabad,Telangana,south,FUR-CHA-101,Furniture,Chairs,Chairs model 101,5170.0,1,0.0,928.66
IN-2022-100862,01-12-2022,05-12-2022,Standard Class,CU-1207,Sneha Sharma,Home Office,India,Kolkata,West Bengal,East,TEC-ACC-103,Technology,Accessories,Accessories model 103,2592.96,4,0.4,-32.68
IN-2025-104595,13-10-2025,15-10-2025,First Class,CU-1554,Sneha Sharma,Consumer,India,Mysuru,Karnataka,South,FUR-FUR-131,Furniture,Furnishings,Furnishings model 131,6401.66,5,0.0,2071.97
IN-2022-100617,28-09-2022,04-10-2022,Standard Class,CU-1304,Priya Joshi,Consumer,India,Patna,Bihar,East,OFF-LAB-138,Office Supplies,Labels,Labels model 138,385.51,3,0.1,162.68
IN-2025-103837,27-03-2025,01-04-2025,Standard Class,CU-1297,Ananya Patel,Corporate,India,Patna,Bihar,East,TEC-ACC-112,Technology,Accessories,Accessories model 112,5767.48,5,0.15,1503.32
IN-2025-104516,23-09-2025,26-09-2025,Second Class,CU-1098,Deepak Iyer,Consumer,India,Salem,Tamil Nadu,South,OFF-LAB-130,Office Supplies,Labels,Labels model 130,131.83,1,0.0,70.32
IN-2025-103711,25-02-2025,27-02-2025,Second Class,CU-1388,Divya Kumar,Home Office,India,Ahmedabad,Gujarat,West,OFF-LAB-139,Office Supplies,Labels,Labels model 139,138.13,1,0.1,63.43
IN-2024-103499,27-12-2024,31-12-2024,Second Class,CU-1346,Swathi Patel,,India,Nagpur,Maharashtra,West,OFF-LAB-102,Office Supplies,Labels,Labels model 102,747.67,6,0.05,344.08
IN-2025-104486,14-09-2025,17-09-2025,Second Class,CU-1367,Manoj Sharma,Consumer,India,Ludhiana,Punjab,North,OFF-ART-113,Office Supplies,Art,Art model 113,1036.02,4,0.0,416.42
IN-2024-103355,25-11-2024,02-12-2024,Standard Class,CU-1431,Aditya Verma,Corporate,India,Ahmedabad,Gujarat,West,OFF-PAP-139,Office Supplies,Paper,Paper model 139,332.64,1,0.0,157.96
IN-2022-100571,03-09-2022,10-09-2022,Standard Class,CU-1151,Sneha Verma,Consumer,India,Bhubaneswar,Odisha,East,OFF-PAP-123,Office Supplies,Paper,Paper model 123,1577.0,6,0.15,545.37
IN-2024-102759,20-06-2024,26-06-2024,Standard Class,CU-1540,Priya Menon,Consumer,India,Jaipur,Rajasthan,West,OFF-BIN-111,Office Supplies,Binders,Binders model 111,1999.9,4,0.0,924.46
IN-2025-104284,25-07-2025,28-07-2025,Second Class,CU-1489,Vivaan Nair,Consumer,India,New Delhi,Delhi,North,OFF-BIN-100,Office Supplies,Binders,Binders model 100,1391.81,5,0.4,114.46
IN-2022-100932,19-12-2022,21-12-2022,Second Class,CU-1142,Deepak Reddy,Consumer,India,Lucknow,Uttar Pradesh,North,OFF-STO-132,Office Supplies,Storage,Storage model 132,1902.68,1,0.0,697.44
IN-2022-100328,18-05-2022,21-05-2022,Second Class,CU-1026,Rahul Iyer,Consumer,India,Ludhiana,Punjab,North,FUR-BOO-128,Furniture,Bookcases,Bookcases model 128,20588.06,4,0.2,261.54
IN-2023-101815,06-10-2023,06-10-2023,Same Day,CU-1492,Rahul Verma,Consumer,India,Coimbatore,Tamil Nadu,South,FUR-FUR-100,Furniture,Furnishings,Furnishings model 100,3040.77,3,0.25,395.08
IN-2023-101181,07-03-2023,12-03-2023,Standard Class,CU-1157,Sneha Reddy,Consumer,India,New Delhi,Delhi,North,OFF-PAP-133,Office Supplies,Paper,Paper model 133,258.25,1,0.1,106.04
IN-2024-102628,12-05-2024,19-05-2024,Standard Class,CU-1046,Nisha Iyer,Corporate,India,Ludhiana,Punjab,North,TEC-PHO-106,Technology,Phones,Phones model 106,11617.6,1,0.3,362.71
IN-2023-101402,20-05-2023,25-05-2023,Standard Class,CU-1205,Vivaan Sharma,Home Office,India,Kolkata,West Bengal,East,OFF-STO-111,Office Supplies,Storage,Storage model 111,3734.24,3,0.35,85.42
IN-2023-102006,27-11-2023,29-11-2023,First Class,CU-1535,Kavya Kumar,Consumer,India,Kolkata,West Bengal,East,TEC-ACC-104,Technology,Accessories,Accessories model 104,1044.58,1,0.2,282.6
IN-2023-101579,19-07-2023,25-07-2023,Standard Class,CU-1513,Neha Menon,Consumer,India,Nagpur,Maharashtra,West,FUR-BOO-106,Furniture,Bookcases,Bookcases model 106,5674.58,1,0.1,581.55
IN-2024-102906,05-08-2024,09-08-2024,Standard Class,CU-1197,Priya Gupta,Corporate,India,Bhubaneswar,Odisha,East,OFF-PAP-116,Office Supplies,Paper,Paper model 116,317.58,1,0.0,147.19
IN-2025-103582,21-01-2025,23-01-2025,Second Class,CU-1053,Ashok Verma,Corporate,India,Bhubaneswar,Odisha,East,TEC-MAC-108,Technology,Machines,Machines model 108,71889.34,4,0.05,10688.38
IN-2022-100926,18-12-2022,21-12-2022,Second Class,CU-1417,Kavya Singh,Corporate,India,Kochi,Kerala,South,FUR-CHA-102,Furniture,Chairs,Chairs model 102,23392.79,6,0.2,1029.8
IN-2024-103442,16-12-2024,23-12-2024,Standard Class,CU-1098,Deepak Iyer,Consumer,India,Ludhiana,Punjab,North,FUR-BOO-111,Furniture,Bookcases,Bookcases model 111,13887.48,2,0.05,1711.48
IN-2024-103050,20-09-2024,25-09-2024,Standard Class,CU-1219,Aditya Sharma,Consumer,India,Jaipur,Rajasthan,West,TEC-MAC-106,Technology,Machines,Machines model 106,63712.52,4,0.15,714.18
IN-2022-100952,25-12-2022,30-12-2022,Standard Class,CU-1422,Vikram Das,Consumer,India,Jaipur,Rajasthan,West,FUR-TAB-100,Furniture,Tables,Tables model 100,22100.01,3,0.2,-404.96
IN-2025-104113,10-06-2025,13-06-2025,Second Class,CU-1444,Ravi Singh,Consumer,India,Kochi,Kerala,South,OFF-ART-131,Office Supplies,Art,Art model 131,362.32,2,0.3,77.28
IN-2025-103783,17-03-2025,21-03-2025,Standard Class,CU-1215,Ashok Kumar,Corporate,India,Kochi,Kerala,South,OFF-LAB-112,Office Supplies,Labels,Labels model 112,110.4,1,0.2,41.75
IN-2025-103644,06-02-2025,12-02-2025,Standard Class,CU-1431,Aditya Verma,Corporate,India,Ahmedabad,Gujarat,West,OFF-BIN-116,Office Supplies,Binders,Binders model 116,789.66,2,0.1,325.29
IN-2024-102293,09-02-2024,13-02-2024,Standard Class,CU-1413,Swathi Pillai,Consumer,India,Mumbai,Maharashtra,West,OFF-STO-115,Office Supplies,Storage,Storage model 115,3465.88,2,0.05,852.71
IN-2024-102370,04-03-2024,06-03-2024,Second Class,CU-1324,Priya Kumar,Consumer,India,New Delhi,Delhi,North,FUR-CHA-118,Furniture,Chairs,Chairs model 118,7757.15,2,0.2,506.9
IN-2022-100788,13-11-2022,16-11-2022,Second Class,CU-1536,Lakshmi Joshi,Corporate,India,Bhubaneswar,Odisha,East,TEC-ACC-125,Technology,Accessories,Accessories model 125,4251.42,4,0.05,1412.6
IN-2022-100855,30-11-2022,05-12-2022,Standard Class,CU-1142,Deepak Reddy,Consumer,India,Kolkata,West Bengal,East,OFF-PAP-104,Office Supplies,Paper,Paper model 104,1947.55,6,0.05,901.73
IN-2025-103979,05-05-2025,07-05-2025,First Class,CU-1074,Nisha Patel,Corporate,India,Salem,Tamil Nadu,South,OFF-LAB-137,Office Supplies,Labels,Labels model 137,153.39,1,0.0,84.06
IN-2025-104851,03-12-2025,07-12-2025,Standard Class,CU-1569,Suresh Nair,Consumer,India,Lucknow,Uttar Pradesh,North,OFF-BIN-136,Office Supplies,Binders,Binders model 136,555.8,2,0.3,88.07
IN-2024-103180,19-10-2024,25-10-2024,Standard Class,CU-1414,Vivaan Gupta,Consumer,India,Surat,Gujarat,West,TEC-ACC-126,Technology,Accessories,Accessories model 126,3264.81,3,0.0,1429.88
IN-2024-103500,27-12-2024,03-01-2025,Standard Class,CU-1270,Lakshmi Iyer,Home Office,India,Hyderabad,Telangana,South,TEC-COP-127,Technology,Copiers,Copiers model 127,102544.97,4,0.15,31617.59
IN-2025-104689,29-10-2025,31-10-2025,First Class,CU-1020,Vikram Reddy,Corporate,India,Nagpur,Maharashtra,West,OFF-PAP-108,Office Supplies,Paper,Paper model 108,274.84,1,0.2,91.16
IN-2025-104525,27-09-2025,01-10-2025,Second Class,CU-1244,Priya Das,Consumer,India,Bhubaneswar,Odisha,East,OFF-BIN-119,Office Supplies,Binders,Binders model 119,2164.04,6,0.25,610.65
IN-2023-101833,11-10-2023,17-10-2023,Standard Class,CU-1264,Divya Shah,Home Office,India,Surat,Gujarat,West,TEC-MAC-112,Technology,Machines,Machines model 112,18843.91,1,0.15,214.99
IN-2022-100281,28-04-2022,28-04-2022,Same Day,CU-1279,Karthik Patel,Consumer,India,New Delhi,Delhi,North,OFF-BIN-101,Office Supplies,Binders,Binders model 101,2010.42,5,0.05,820.0
IN-2023-101125,18-02-2023,20-02-2023,Second Class,CU-1195,Ananya Sharma,Home Office,India,Madurai,Tamil Nadu,South,OFF-PAP-130,Office Supplies,Paper,Paper model 130,771.96,3,0.05,322.41
IN-2024-102930,11-08-2024,15-08-2024,Second Class,CU-1383,Aarav Joshi,Consumer,India,Noida,Uttar Pradesh,North,OFF-PAP-112,Office Supplies,Paper,Paper model 112,770.63,3,0.0,369.63
IN-2024-102696,03-06-2024,10-06-2024,Standard Class,CU-1427,Deepak Pillai,Home Office,India,Ahmedabad,Gujarat,West,OFF-STO-117,Office Supplies,Storage,Storage model 117,6836.7,4,0.15,1270.98
IN-2025-104779,16-11-2025,23-11-2025,Standard Class,CU-1415,Manoj Joshi,Consumer,India,Chennai,Tamil Nadu,South,FUR-FUR-108,Furniture,Furnishings,Furnishings model 108,3529.62,3,0.15,662.51
IN-2025-103680,16-02-2025,19-02-2025,First Class,CU-1074,Nisha Patel,Corporate,India,Bengaluru,Karnataka,South,FUR-BOO-115,Furniture,Bookcases,Bookcases model 115,7162.96,1,0.1,785.74
IN-2025-104204,04-07-2025,07-07-2025,Second Class,CU-1087,Deepak Reddy,Home Office,India,Kolkata,West Bengal,East,FUR-TAB-131,Furniture,Tables,Tables model 131,16268.24,2,0.05,433.45
IN-2025-103991,08-05-2025,12-05-2025,Second Class,CU-1337,Karthik Shah,Corporate,India,New Delhi,Delhi,North,TEC-MAC-134,Technology,Machines,Machines model 134,31873.53,2,0.15,89.42
IN-2023-101031,15-01-2023,17-01-2023,Second Class,CU-1518,Vikram Nair,Corporate,India,Patna,Bihar,East,FUR-BOO-116,Furniture,Bookcases,Bookcases model 116,6860.17,1,0.1,787.7
IN-2024-102234,25-01-2024,31-01-2024,Standard Class,CU-1324,Priya Kumar,Consumer,India,Ahmedabad,Gujarat,West,OFF-BIN-137,Office Supplies,Binders,Binders model 137,2350.22,5,0.0,1060.96
IN-2024-102933,12-08-2024,13-08-2024,First Class,CU-1547,Sneha Patel,Consumer,India,Patna,Bihar,East,FUR-TAB-134,Furniture,Tables,Tables model 134,7207.27,1,0.25,-460.75
IN-2023-101319,21-04-2023,25-04-2023,Second Class,CU-1490,Kavya Das,Consumer,India,Nagpur,Maharashtra,West,OFF-STO-117,Office Supplies,Storage,Storage model 117,3380.3,2,0.05,883.48
IN-2024-103155,14-10-2024,19-10-2024,Standard Class,CU-1217,Manoj Rao,Home Office,India,Bhubaneswar,Odisha,East,FUR-CHA-124,Furniture,Chairs,Chairs model 124,6680.01,2,0.2,365.8
IN-2022-100793,14-11-2022,18-11-2022,Standard Class,CU-1517,Meera Das,Home Office,India,Thiruvananthapuram,Kerala,South,OFF-ART-137,Office Supplies,Art,Art model 137,930.79,5,0.2,211.3
IN-2022-100057,29-01-2022,31-01-2022,Second Class,CU-1450,Swathi Iyer,Corporate,India,Patna,Bihar,East,FUR-CHA-123,Furniture,Chairs,Chairs model 123,3858.23,1,0.1,780.48
IN-2024-103200,24-10-2024,26-10-2024,First Class,CU-1307,Ananya Shah,Home Office,India,Ludhiana,Punjab,North,OFF-STO-101,Office Supplies,Storage,Storage model 101,7540.93,4,0.0,2214.71
IN-2022-100845,26-11-2022,27-11-2022,First Class,CU-1357,Ashok Pillai,Home Office,India,Kolkata,West Bengal,East,OFF-BIN-108,Office Supplies,Binders,Binders model 108,622.99,2,0.35,87.83
IN-2024-102331,19-02-2024,26-02-2024,Standard Class,CU-1557,Ananya Menon,,India,Hyderabad,Telangana,South,OFF-LAB-113,Office Supplies,Labels,Labels model 113,141.27,1,0.0,69.94
IN-2022-100190,28-03-2022,02-04-2022,Standard Class,CU-1145,Nisha Das,Consumer,India,Jaipur,Rajasthan,West,OFF-PAP-137,Office Supplies,Paper,Paper model 137,883.02,5,0.4,126.17
IN-2022-100772,11-11-2022,18-11-2022,Standard Class,CU-1539,Manoj Gupta,Consumer,India,Ahmedabad,Gujarat,West,OFF-ART-131,Office Supplies,Art,Art model 131,1177.57,5,0.0,519.4
IN-2024-102304,12-02-2024,14-02-2024,First Class,CU-1259,Neha Patel,Corporate,India,Ludhiana,Punjab,North,OFF-STO-122,Office Supplies,Storage,Storage model 122,1893.78,1,0.05,616.61
IN-2023-101354,03-05-2023,07-05-2023,Standard Class,CU-1428,Ashok Reddy,Consumer,India,Bengaluru,Karnataka,South,OFF-BIN-116,Office Supplies,Binders,Binders model 116,317.68,1,0.2,93.75
IN-2024-102284,07-02-2024,07-02-2024,Same Day,CU-1088,Karthik Iyer,Consumer,India,Patna,Bihar,East,FUR-BOO-134,Furniture,Bookcases,Bookcases model 134,20514.58,4,0.15,1124.72
IN-2025-104662,25-10-2025,27-10-2025,First Class,CU-1238,Nisha Patel,Consumer,India,Thiruvananthapuram,Kerala,South,OFF-LAB-116,Office Supplies,Labels,Labels model 116,255.47,2,0.05,121.84
IN-2025-103613,28-01-2025,04-02-2025,Standard Class,CU-1362,Arjun Kumar,Home Office,India,Patna,Bihar,East,OFF-BIN-135,Office Supplies,Binders,Binders model 135,456.17,1,0.0,181.12
IN-2023-101287,10-04-2023,14-04-2023,Second Class,CU-1520,Priya Nair,Consumer,India,Salem,Tamil Nadu,South,FUR-CHA-134,Furniture,Chairs,Chairs model 134,37286.24,8,0.05,7392.58
IN-2024-102392,09-03-2024,14-03-2024,Standard Class,CU-1497,Sneha Verma,Consumer,India,Nagpur,Maharashtra,West,FUR-FUR-130,Furniture,Furnishings,Furnishings model 130,1643.75,1,0.0,524.12
IN-2023-101812,06-10-2023,13-10-2023,Standard Class,CU-1264,Divya Shah,Home Office,India,Lucknow,Uttar Pradesh,north,OFF-STO-121,Office Supplies,Storage,Storage model 121,6510.92,4,0.1,1699.91
IN-2022-100339,23-05-2022,27-05-2022,Standard Class,CU-1173,Priya Verma,Corporate,India,New Delhi,Delhi,North,FUR-CHA-127,Furniture,Chairs,Chairs model 127,4278.94,1,0.1,851.26
IN-2025-104632,20-10-2025,26-10-2025,Standard Class,CU-1172,Karthik Pillai,Corporate,India,Bhubaneswar,Odisha,East,OFF-BIN-113,Office Supplies,Binders,Binders model 113,731.81,2,0.15,244.18
IN-2024-103039,17-09-2024,22-09-2024,Standard Class,CU-1141,Kavya Kumar,Consumer,India,Bhubaneswar,Odisha,East,OFF-LAB-133,Office Supplies,Labels,Labels model 133,372.56,3,0.1,145.42
IN-2023-101429,27-05-2023,01-06-2023,Standard Class,CU-1143,Pooja Gupta,Consumer,India,Kochi,Kerala,South,FUR-TAB-102,Furniture,Tables,Tables model 102,7532.4,1,0.1,267.81
IN-2025-104412,27-08-2025,29-08-2025,Second Class,CU-1490,Kavya Das,Consumer,India,Jaipur,Rajasthan,West,FUR-FUR-115,Furniture,Furnishings,Furnishings model 115,2491.83,2,0.1,717.71
IN-2025-104919,18-12-2025,24-12-2025,Standard Class,CU-1159,Ananya Singh,Corporate,India,Hyderabad,Telangana,South,OFF-LAB-119,Office Supplies,Labels,Labels model 119,808.19,5,0.0,385.65
IN-2022-100316,13-05-2022,20-05-2022,Standard Class,CU-1476,Kavya Das,Consumer,India,Hyderabad,Telangana,South,OFF-LAB-102,Office Supplies,Labels,Labels model 102,252.03,2,0.1,113.16
IN-2025-104303,31-07-2025,05-08-2025,Standard Class,CU-1013,Pooja Verma,Consumer,India,Amritsar,Punjab,North,OFF-BIN-114,Office Supplies,Binders,Binders model 114,430.55,1,0.0,197.08
IN-2024-103193,21-10-2024,25-10-2024,Standard Class,CU-1552,Priya Verma,Home Office,India,Amritsar,Punjab,North,FUR-BOO-111,Furniture,Bookcases,Bookcases model 111,13236.7,2,0.0,1916.91
IN-2024-103374,29-11-2024,30-11-2024,First Class,CU-1142,Deepak Reddy,Consumer,India,Jaipur,Rajasthan,West,OFF-ART-127,Office Supplies,Art,Art model 127,1631.38,7,0.0,666.14
IN-2022-100208,02-04-2022,07-04-2022,Standard Class,CU-1113,Kavya Patel,Home Office,India,Patna,Bihar,East,FUR-CHA-128,Furniture,Chairs,Chairs model 128,2814.87,1,0.45,-693.71
IN-2023-101443,01-06-2023,04-06-2023,Second Class,CU-1242,Nisha Gupta,Consumer,India,Salem,Tamil Nadu,South,TEC-MAC-102,Technology,Machines,Machines model 102,22970.89,1,0.0,2641.11
IN-2022-100369,02-06-2022,08-06-2022,Standard Class,CU-1354,Ashok Verma,Corporate,India,Noida,Uttar Pradesh,North,TEC-ACC-103,Technology,Accessories,Accessories model 103,2487.0,2,0.05,879.43
IN-2025-104811,24-11-2025,26-11-2025,Second Class,CU-1243,Nisha Kumar,Consumer,India,Nagpur,Maharashtra,West,FUR-CHA-136,Furniture,Chairs,Chairs model 136,9373.16,3,0.2,1028.33
IN-2024-102642,18-05-2024,23-05-2024,Standard Class,CU-1255,Ravi Das,Consumer,India,Kolkata,West Bengal,East,TEC-PHO-108,Technology,Phones,Phones model 108,100593.14,7,0.0,29785.82
IN-2025-104519,25-09-2025,29-09-2025,Standard Class,CU-1110,Meera Joshi,Consumer,India,New Delhi,Delhi,North,FUR-BOO-117,Furniture,Bookcases,Bookcases model 117,42596.42,7,0.05,6307.55
IN-2024-102705,06-06-2024,11-06-2024,Standard Class,CU-1165,Isha Menon,Consumer,India,Bhubaneswar,Odisha,East,TEC-ACC-118,Technology,Accessories,Accessories model 118,4037.57,5,0.3,786.4
IN-2023-101382,13-05-2023,20-05-2023,Standard Class,CU-1584,Ashok Pillai,Corporate,India,Jaipur,Rajasthan,West,OFF-LAB-138,Office Supplies,Labels,Labels model 138,327.74,2,0.0,169.84
IN-2023-101035,15-01-2023,16-01-2023,First Class,CU-1413,Swathi Pillai,Consumer,India,Hyderabad,Telangana,South,TEC-MAC-126,Technology,Machines,Machines model 126,84516.82,4,0.05,7037.08
IN-2025-103602,26-01-2025,02-02-2025,Standard Class,CU-1589,Lakshmi Nair,Consumer,India,Kolkata,West Bengal,East,TEC-PHO-100,Technology,Phones,Phones model 100,28681.68,2,0.0,9084.32
IN-2025-103682,17-02-2025,24-02-2025,Standard Class,CU-1597,Karthik Joshi,Home Office,India,Mysuru,Karnataka,South,TEC-MAC-138,Technology,Machines,Machines model 138,22636.06,1,0.0,2695.8
IN-2025-103609,27-01-2025,29-01-2025,Second Class,CU-1560,Ashok Patel,Home Office,India,Patna,Bihar,East,OFF-STO-136,Office Supplies,Storage,Storage model 136,5986.43,4,0.1,1633.67
IN-2024-102850,19-07-2024,22-07-2024,Second Class,CU-1335,Sneha Patel,Consumer,India,Nagpur,Maharashtra,West,OFF-ART-116,Office Supplies,Art,Art model 116,240.09,1,0.0,93.89
IN-2025-104253,18-07-2025,24-07-2025,Standard Class,CU-1049,Sneha Singh,Consumer,India,New Delhi,Delhi,North,TEC-PHO-104,Technology,Phones,Phones model 104,11558.97,1,0.2,844.83
IN-2022-100906,12-12-2022,16-12-2022,Standard Class,CU-1600,Nisha Patel,Corporate,India,Kolkata,West Bengal,East,FUR-CHA-119,Furniture,Chairs,Chairs model 119,3086.88,1,0.2,286.22
IN-2024-102845,17-07-2024,23-07-2024,Standard Class,CU-1370,Divya Singh,Consumer,India,Lucknow,Uttar Pradesh,North,FUR-FUR-100,Furniture,Furnishings,Furnishings model 100,1427.11,1,0.1,353.96
IN-2024-102723,10-06-2024,15-06-2024,Standard Class,CU-1017,Ananya Patel,Consumer,India,Thiruvananthapuram,Kerala,South,TEC-ACC-116,Technology,Accessories,Accessories model 116,3767.25,4,0.15,1052.87
IN-2022-100179,25-03-2022,31-03-2022,Standard Class,CU-1386,Priya Reddy,Corporate,India,Noida,Uttar Pradesh,North,FUR-CHA-137,Furniture,Chairs,Chairs model 137,20946.88,5,0.15,2133.76
IN-2023-101007,08-01-2023,14-01-2023,Standard Class,CU-1320,Pooja Verma,Home Office,India,New Delhi,Delhi,North,FUR-CHA-139,Furniture,Chairs,Chairs model 139,28992.43,7,0.05,4651.92
IN-2024-102584,01-05-2024,05-05-2024,Second Class,CU-1017,Ananya Patel,Consumer,India,Mumbai,Maharashtra,West,OFF-PAP-125,Office Supplies,Paper,Paper model 125,963.27,3,0.05,414.05
IN-2024-103492,26-12-2024,29-12-2024,Second Class,CU-1525,Nisha Pillai,Consumer,India,Kochi,Kerala,South,FUR-TAB-108,Furniture,Tables,Tables model 108,21078.35,3,0.15,-1339.16
IN-2022-100609,23-09-2022,28-09-2022,Standard Class,CU-1103,Nisha Kumar,Consumer,India,Amritsar,Punjab,North,OFF-BIN-113,Office Supplies,Binders,Binders model 113,484.56,1,0.05,191.76
IN-2025-103562,15-01-2025,21-01-2025,Standard Class,CU-1190,Neha Singh,Corporate,India,Surat,Gujarat,West,TEC-COP-129,Technology,Copiers,Copiers model 129,63889.15,2,0.0,23425.7
IN-2022-100002,01-01-2022,05-01-2022,Standard Class,CU-1196,Manoj Menon,Consumer,India,Hyderabad,Telangana,South,TEC-PHO-115,Technology,Phones,Phones model 115,70822.26,6,0.3,2167.43
IN-2024-102384,07-03-2024,12-03-2024,Standard Class,CU-1192,Ravi Verma,Consumer,India,Amritsar,Punjab,North,OFF-ART-121,Office Supplies,Art,Art model 121,835.89,4,0.05,286.94
IN-2024-103186,20-10-2024,25-10-2024,Standard Class,CU-1287,Vikram Das,Corporate,India,New Delhi,Delhi,North,FUR-BOO-111,Furniture,Bookcases,Bookcases model 111,21808.17,4,0.1,2530.24
IN-2025-104348,11-08-2025,18-08-2025,Standard Class,CU-1562,Lakshmi Pillai,Consumer,India,Noida,Uttar Pradesh,North,OFF-PAP-121,Office Supplies,Paper,Paper model 121,738.53,3,0.2,281.5
IN-2023-101641,11-08-2023,18-08-2023,Standard Class,CU-1400,Pooja Rao,Corporate,India,Ludhiana,Punjab,North,TEC-COP-112,Technology,Copiers,Copiers model 112,95893.78,3,0.05,36881.7
IN-2025-103942,25-04-2025,27-04-2025,Second Class,CU-1561,Rohit Menon,Consumer,India,Ludhiana,Punjab,North,TEC-ACC-126,Technology,Accessories,Accessories model 126,3494.46,3,0.0,1351.42
IN-2023-101423,25-05-2023,29-05-2023,Standard Class,CU-1167,MEERA RAO,Home Office,India,Ludhiana,Punjab,North,FUR-FUR-125,Furniture,Furnishings,Furnishings model 125,3786.91,3,0.2,680.62
IN-2024-103245,03-11-2024,09-11-2024,Standard Class,CU-1312,Manoj Shah,Consumer,India,Ahmedabad,Gujarat,West,OFF-LAB-123,Office Supplies,Labels,Labels model 123,271.96,2,0.0,151.41
IN-2022-100649,07-10-2022,10-10-2022,Second Class,CU-1058,Kavya Iyer,Home Office,India,Amritsar,Punjab,North,TEC-ACC-105,Technology,Accessories,Accessories model 105,2228.91,2,0.0,841.29
IN-2024-102608,06-05-2024,10-05-2024,Second Class,CU-1165,Isha Menon,Consumer,India,Kolkata,West Bengal,East,TEC-PHO-128,Technology,Phones,Phones model 128,117872.21,8,0.1,31078.31
IN-2025-104617,16-10-2025,20-10-2025,Standard Class,CU-1178,PRIYA NAIR,Corporate,India,Ludhiana,Punjab,North,OFF-BIN-111,Office Supplies,Binders,Binders model 111,845.9,2,0.05,337.91
IN-2023-101003,06-01-2023,11-01-2023,Standard Class,CU-1400,Pooja Rao,Corporate,India,Kochi,Kerala,South,OFF-ART-125,Office Supplies,Art,Art model 125,503.7,2,0.0,196.01
IN-2025-104337,08-08-2025,11-08-2025,Second Class,CU-1552,Priya Verma,Home Office,India,Noida,Uttar Pradesh,North,FUR-BOO-129,Furniture,Bookcases,Bookcases model 129,6777.63,1,0.1,388.87
IN-2022-100188,28-03-2022,31-03-2022,Second Class,CU-1324,Priya Kumar,Consumer,India,Amritsar,Punjab,North,TEC-MAC-132,Technology,Machines,Machines model 132,62996.52,3,0.1,9668.64
IN-2025-103928,19-04-2025,26-04-2025,Standard Class,CU-1225,Divya Kumar,Corporate,India,Ahmedabad,Gujarat,West,FUR-FUR-135,Furniture,Furnishings,Furnishings model 135,4613.14,3,0.05,1194.84
IN-2025-104894,13-12-2025,19-12-2025,Standard Class,CU-1109,Rahul Sharma,Consumer,India,Hyderabad,Telangana,South,OFF-STO-134,Office Supplies,Storage,Storage model 134,1301.93,1,0.15,255.03
IN-2024-102280,07-02-2024,13-02-2024,Standard Class,CU-1286,Deepak Singh,Home Office,India,Kolkata,West Bengal,East,OFF-BIN-105,Office Supplies,Binders,Binders model 105,1389.17,3,0.1,591.79
IN-2023-101311,17-04-2023,20-04-2023,Second Class,CU-1099,Ravi Gupta,Home Office,India,Jaipur,Rajasthan,West,OFF-STO-122,Office Supplies,Storage,Storage model 122,3667.18,3,0.4,-189.6
IN-2023-101133,22-02-2023,28-02-2023,Standard Class,CU-1272,Rohit Pillai,Home Office,India,Thiruvananthapuram,Kerala,South,TEC-COP-110,Technology,Copiers,Copiers model 110,31661.4,1,0.15,9872.25
IN-2023-101613,31-07-2023,04-08-2023,Second Class,CU-1457,Isha Joshi,Home Office,India,Thiruvananthapuram,Kerala,South,FUR-TAB-117,Furniture,Tables,Tables model 117,6902.8,1,0.1,376.11
IN-2022-100775,11-11-2022,15-11-2022,Standard Class,CU-1067,Swathi Gupta,Consumer,India,Bhubaneswar,Odisha,East,FUR-CHA-113,Furniture,Chairs,Chairs model 113,7508.0,3,0.45,-1780.64
IN-2023-101273,07-04-2023,14-04-2023,Standard Class,CU-1470,Rohit Joshi,Consumer,India,Bhubaneswar,Odisha,East,OFF-ART-138,Office Supplies,Art,Art model 138,1038.87,4,0.0,416.86
IN-2024-102848,18-07-2024,25-07-2024,Standard Class,CU-1276,Priya Das,Consumer,India,Kochi,Kerala,South,FUR-FUR-118,Furniture,Furnishings,Furnishings model 118,2256.31,2,0.25,211.02
IN-2025-103576,19-01-2025,25-01-2025,Standard Class,CU-1538,Manoj Pillai,Consumer,India,Bhubaneswar,Odisha,EAST ,OFF-ART-100,Office Supplies,Art,Art model 100,872.63,4,0.05,334.0
IN-2025-104707,02-11-2025,05-11-2025,First Class,CU-1056,Arjun Nair,Consumer,India,Surat,Gujarat,West,OFF-LAB-126,Office Supplies,Labels,Labels model 126,161.66,1,0.0,77.59
IN-2025-103673,14-02-2025,19-02-2025,Standard Class,CU-1496,Pooja Menon,Corporate,India,Ahmedabad,Gujarat,West,FUR-TAB-127,Furniture,Tables,Tables model 127,5368.35,1,0.3,-1085.56
IN-2024-102804,08-07-2024,15-07-2024,Standard Class,CU-1324,PRIYA KUMAR,Consumer,India,Hyderabad,Telangana,South,TEC-MAC-101,Technology,Machines,Machines model 101,38483.96,2,0.2,-174.57
IN-2023-101717,06-09-2023,09-09-2023,Second Class,CU-1131,Vikram Iyer,Home Office,India,Hyderabad,Telangana,South,TEC-MAC-111,Technology,Machines,Machines model 111,37574.67,2,0.15,1594.93
IN-2025-104108,08-06-2025,13-06-2025,Standard Class,CU-1183,Divya Menon,Consumer,India,Ludhiana,Punjab,North,OFF-BIN-135,Office Supplies,Binders,Binders model 135,327.79,1,0.2,90.23
IN-2023-102023,29-11-2023,02-12-2023,First Class,CU-1396,Suresh Reddy,Consumer,India,Lucknow,Uttar Pradesh,NORTH ,OFF-BIN-100,Office Supplies,Binders,Binders model 100,963.04,2,0.0,397.33
IN-2023-101250,31-03-2023,06-04-2023,Standard Class,CU-1384,Nisha Iyer,Consumer,India,Patna,Bihar,East,FUR-FUR-137,Furniture,Furnishings,Furnishings model 137,3018.22,5,0.55,-1167.37
IN-2024-102663,24-05-2024,28-05-2024,Standard Class,CU-1474,Manoj Rao,Home Office,India,New Delhi,Delhi,North,TEC-COP-103,Technology,Copiers,Copiers model 103,91522.68,3,,23985.49
IN-2025-103730,04-03-2025,11-03-2025,Standard Class,CU-1261,Lakshmi Pillai,,India,Hyderabad,Telangana,South,TEC-MAC-114,Technology,Machines,Machines model 114,19648.29,1,,1570.68
IN-2024-102763,23-06-2024,29-06-2024,Standard Class,CU-1065,Pooja Sharma,Corporate,India,Hyderabad,Telangana,South,OFF-ART-139,Office Supplies,Art,Art model 139,532.92,2,0.05,188.34
IN-2022-100353,28-05-2022,02-06-2022,Standard Class,CU-1455,Rohit Reddy,Consumer,India,Hyderabad,Telangana,South,OFF-ART-110,Office Supplies,Art,Art model 110,192.51,1,0.2,38.95
IN-2022-100565,31-08-2022,05-09-2022,Standard Class,CU-1443,Vivaan Iyer,Consumer,India,Noida,Uttar Pradesh,North,TEC-PHO-115,Technology,Phones,Phones model 115,26378.05,2,0.0,7509.18
IN-2022-100387,09-06-2022,11-06-2022,First Class,CU-1137,Rahul Kumar,Corporate,India,Jaipur,Rajasthan,West,OFF-PAP-137,Office Supplies,Paper,Paper model 137,940.19,4,0.2,311.75
IN-2024-102235,25-01-2024,31-01-2024,Standard Class,CU-1174,Nisha Shah,Consumer,India,Nagpur,Maharashtra,West,FUR-FUR-139,Furniture,Furnishings,Furnishings model 139,1399.49,1,0.1,360.96
IN-2025-104843,01-12-2025,05-12-2025,Standard Class,CU-1163,Swathi Pillai,,India,Kolkata,West Bengal,East,OFF-ART-100,Office Supplies,Art,Art model 100,1319.41,6,0.2,442.83
IN-2025-103656,10-02-2025,11-02-2025,First Class,CU-1573,Nisha Nair,Consumer,India,Amritsar,Punjab,North,OFF-BIN-100,Office Supplies,Binders,Binders model 100,1219.43,4,0.3,281.64
IN-2024-103387,02-12-2024,05-12-2024,First Class,CU-1285,Neha Singh,Corporate,India,Mysuru,Karnataka,South,FUR-TAB-127,Furniture,Tables,Tables model 127,6203.42,1,0.35,-1493.7
IN-2023-102028,01-12-2023,08-12-2023,Standard Class,CU-1236,Lakshmi Nair,Consumer,India,New Delhi,Delhi,North,FUR-TAB-111,Furniture,Tables,Tables model 111,15261.04,2,0.15,-101.68
IN-2023-101514,25-06-2023,02-07-2023,Standard Class,CU-1512,Ashok Shah,Corporate,India,Surat,Gujarat,West,FUR-CHA-123,Furniture,Chairs,Chairs model 123,7701.64,2,0.1,1087.79
IN-2025-104459,06-09-2025,10-09-2025,Standard Class,CU-1600,Nisha Patel,Corporate,India,Patna,Bihar,East,OFF-BIN-104,Office Supplies,Binders,Binders model 104,863.53,2,0.0,400.03
IN-2024-102310,13-02-2024,20-02-2024,Standard Class,CU-1163,Swathi Pillai,Corporate,India,Ahmedabad,Gujarat,West,TEC-PHO-121,Technology,Phones,Phones model 121,59345.47,4,0.0,15634.46
IN-2025-103728,03-03-2025,09-03-2025,Standard Class,CU-1510,Meera Kumar,Consumer,India,Bhubaneswar,Odisha,East,OFF-ART-103,Office Supplies,Art,Art model 103,1334.74,6,0.05,545.58
IN-2024-102953,19-08-2024,22-08-2024,Second Class,CU-1413,Swathi Pillai,Consumer,India,Kochi,Kerala,South,TEC-MAC-105,Technology,Machines,Machines model 105,19168.94,1,0.0,3163.16
IN-2022-100386,09-06-2022,13-06-2022,Second Class,CU-1391,Suresh Reddy,Home Office,India,Lucknow,Uttar Pradesh,North,FUR-BOO-137,Furniture,Bookcases,Bookcases model 137,27340.5,4,0.05,4485.91
IN-2024-102301,10-02-2024,14-02-2024,Standard Class,CU-1010,Manoj Pillai,Corporate,India,Bengaluru,Karnataka,South,OFF-BIN-124,Office Supplies,Binders,Binders model 124,1370.53,3,0.05,553.08
IN-2025-104388,22-08-2025,23-08-2025,First Class,CU-1499,Suresh Menon,Consumer,India,Ahmedabad,Gujarat,West,OFF-STO-107,Office Supplies,Storage,Storage model 107,3187.17,2,0.0,1052.07
IN-2023-101659,19-08-2023,26-08-2023,Standard Class,CU-1127,Ashok Nair,Consumer,India,Mumbai,Maharashtra,West,FUR-TAB-105,Furniture,Tables,Tables model 105,7292.21,1,,-143.32
IN-2022-100679,15-10-2022,17-10-2022,Second Class,CU-1387,Rohit Gupta,Home Office,India,Chennai,Tamil Nadu,South,TEC-MAC-111,Technology,Machines,Machines model 111,17549.76,1,0.3,-1815.79
IN-2022-100075,06-02-2022,08-02-2022,First Class,CU-1194,Aarav Rao,Home Office,India,Jaipur,Rajasthan,West,FUR-TAB-102,Furniture,Tables,Tables model 102,14656.76,3,0.45,-4959.29
IN-2022-100599,19-09-2022,23-09-2022,Second Class,CU-1393,Deepak Shah,Consumer,India,Hyderabad,Telangana,South,TEC-ACC-131,Technology,Accessories,Accessories model 131,1353.77,1,0.0,466.51
IN-2023-101726,08-09-2023,08-09-2023,Same Day,CU-1304,Priya Joshi,Consumer,India,Ludhiana,Punjab,North,OFF-ART-133,Office Supplies,Art,Art model 133,1202.12,5,0.1,375.29
IN-2022-100317,14-05-2022,16-05-2022,Second Class,CU-1085,Swathi Patel,Home Office,India,Bengaluru,Karnataka,South,FUR-TAB-110,Furniture,Tables,Tables model 110,24281.42,5,0.4,-7450.66
IN-2022-100938,21-12-2022,26-12-2022,Standard Class,CU-1164,Rohit Pillai,Corporate,India,Hyderabad,Telangana,South,OFF-PAP-116,Office Supplies,Paper,Paper model 116,835.71,3,,440.4
IN-2023-101469,11-06-2023,15-06-2023,Standard Class,CU-1088,Karthik Iyer,Consumer,India,Pune,Maharashtra,West,TEC-PHO-100,Technology,Phones,Phones model 100,54918.9,5,0.3,2886.44
IN-2023-101455,05-06-2023,12-06-2023,Standard Class,CU-1121,Suresh Pillai,Corporate,India,Hyderabad,Telangana,South,OFF-LAB-134,Office Supplies,Labels,Labels model 134,935.3,7,0.0,499.45
IN-2023-101148,27-02-2023,01-03-2023,Second Class,CU-1382,Sneha Kumar,Consumer,India,Hyderabad,Telangana,South,OFF-LAB-128,Office Supplies,Labels,Labels model 128,129.51,1,0.15,53.12
IN-2024-103088,01-10-2024,07-10-2024,Standard Class,CU-1494,Lakshmi Singh,Consumer,India,Mysuru,Karnataka,South,TEC-PHO-125,Technology,Phones,Phones model 125,14905.66,1,,4102.51
IN-2023-101307,15-04-2023,15-04-2023,Same Day,CU-1187,Isha Singh,Consumer,India,Ludhiana,Punjab,North,OFF-PAP-123,Office Supplies,Paper,Paper model 123,341.03,1,,167.47
IN-2025-103811,23-03-2025,25-03-2025,Second Class,CU-1433,Priya Sharma,Home Office,India,Mumbai,Maharashtra,West,FUR-TAB-113,Furniture,Tables,Tables model 113,62564.6,8,0.1,2413.29
IN-2025-103937,23-04-2025,30-04-2025,Standard Class,CU-1377,Meera Reddy,Consumer,India,Jaipur,Rajasthan,West,FUR-BOO-100,Furniture,Bookcases,Bookcases model 100,40441.01,6,0.1,4190.79
IN-2022-100424,30-06-2022,06-07-2022,Standard Class,CU-1237,Arjun Sharma,Consumer,India,Kochi,Kerala,South,OFF-BIN-131,Office Supplies,Binders,Binders model 131,317.66,1,0.2,92.57
IN-2024-102372,04-03-2024,05-03-2024,First Class,CU-1132,Suresh Patel,Consumer,India,Amritsar,Punjab,North,OFF-BIN-101,Office Supplies,Binders,Binders model 101,487.75,1,0.0,233.17
IN-2025-103590,23-01-2025,27-01-2025,Standard Class,CU-1528,Suresh Patel,Corporate,India,Hyderabad,Telangana,South,OFF-LAB-106,Office Supplies,Labels,Labels model 106,509.04,3,0.0,252.71
IN-2025-104667,26-10-2025,30-10-2025,Second Class,CU-1310,Aarav Sharma,Consumer,India,Jaipur,Rajasthan,West,OFF-ART-116,Office Supplies,Art,Art model 116,1344.04,6,0.1,502.53
IN-2025-104433,31-08-2025,02-09-2025,Second Class,CU-1424,Pooja Singh,Corporate,India,New Delhi,Delhi,North,OFF-BIN-112,Office Supplies,Binders,Binders model 112,1491.35,3,0.0,724.43
IN-2024-102684,30-05-2024,03-06-2024,Second Class,CU-1433,Priya Sharma,Home Office,India,Noida,Uttar Pradesh,North,TEC-MAC-124,Technology,Machines,Machines model 124,40911.86,2,0.15,2829.87
IN-2024-103165,16-10-2024,16-10-2024,Same Day,CU-1390,Deepak Verma,Home Office,India,Ludhiana,Punjab,NORTH ,FUR-TAB-113,Furniture,Tables,Tables model 113,15857.4,3,0.35,-3496.82
IN-2023-101846,15-10-2023,20-10-2023,Standard Class,CU-1421,Nisha Kumar,Corporate,India,New Delhi,Delhi,North,OFF-ART-132,Office Supplies,Art,Art model 132,226.51,1,0.0,92.7
IN-2023-101268,06-04-2023,11-04-2023,Standard Class,CU-1205,Vivaan Sharma,Home Office,India,Kochi,Kerala,South,FUR-BOO-106,Furniture,Bookcases,Bookcases model 106,12023.75,2,0.05,1445.61
IN-2023-101286,10-04-2023,14-04-2023,Standard Class,CU-1554,Sneha Sharma,Consumer,India,Jaipur,Rajasthan,West,TEC-ACC-104,Technology,Accessories,Accessories model 104,6239.09,6,0.15,1913.54
IN-2023-101473,12-06-2023,18-06-2023,Standard Class,CU-1025,Rohit Rao,Consumer,India,Bhubaneswar,Odisha,East,FUR-TAB-133,Furniture,Tables,Tables model 133,64202.99,8,0.2,-1912.93
IN-2024-103047,19-09-2024,22-09-2024,Second Class,CU-1122,Priya Reddy,Corporate,India,Noida,Uttar Pradesh,North,OFF-PAP-127,Office Supplies,Paper,Paper model 127,1290.02,5,0.15,419.68
IN-2023-101079,01-02-2023,06-02-2023,Standard Class,CU-1530,Swathi Gupta,Corporate,India,Jaipur,Rajasthan,West,TEC-ACC-126,Technology,Accessories,Accessories model 126,3507.06,3,0.0,1613.6
IN-2024-103258,06-11-2024,10-11-2024,Second Class,CU-1222,Rahul Verma,Consumer,India,Noida,Uttar Pradesh,North,TEC-PHO-124,Technology,Phones,Phones model 124,64018.56,5,0.0,20202.5
IN-2024-102433,20-03-2024,26-03-2024,Standard Class,CU-1049,Sneha Singh,Consumer,India,Noida,Uttar Pradesh,NORTH ,OFF-STO-106,Office Supplies,Storage,Storage model 106,3853.97,3,0.2,749.43
IN-2024-102792,05-07-2024,12-07-2024,Standard Class,CU-1248,Ashok Verma,Corporate,India,Jaipur,Rajasthan,West,OFF-PAP-130,Office Supplies,Paper,Paper model 130,232.09,1,0.15,91.56
IN-2025-103681,16-02-2025,23-02-2025,Standard Class,CU-1269,Neha Das,Consumer,India,Hyderabad,Telangana,South,OFF-LAB-134,Office Supplies,Labels,Labels model 134,136.33,1,0.05,63.33
IN-2022-100287,01-05-2022,07-05-2022,Standard Class,CU-1143,Pooja Gupta,Consumer,India,Chennai,Tamil Nadu,South,FUR-TAB-105,Furniture,Tables,Tables model 105,57385.02,7,0.0,2950.42
IN-2022-100956,26-12-2022,30-12-2022,Standard Class,CU-1371,Arjun Kumar,Consumer,India,Patna,Bihar,East,OFF-STO-121,Office Supplies,Storage,Storage model 121,3424.1,2,0.1,856.12
IN-2022-100153,15-03-2022,22-03-2022,Standard Class,CU-1435,Divya Sharma,Consumer,India,Ludhiana,Punjab,North,OFF-LAB-112,Office Supplies,Labels,Labels model 112,129.97,1,0.2,46.52
IN-2024-102838,16-07-2024,19-07-2024,Second Class,CU-1165,Isha Menon,Consumer,India,New Delhi,Delhi,north,TEC-COP-116,Technology,Copiers,Copiers model 116,"₹78,259.86",2,0.0,33040.6
IN-2023-101017,09-01-2023,16-01-2023,Standard Class,CU-1475,Meera Joshi,Consumer,India,Mumbai,Maharashtra,West,FUR-FUR-107,Furniture,Furnishings,Furnishings model 107,1181.48,1,0.1,291.55
IN-2022-100762,07-11-2022,12-11-2022,Standard Class,CU-1083,Arjun Gupta,Consumer,India,Thiruvananthapuram,Kerala,South,TEC-MAC-115,Technology,Machines,Machines model 115,94425.26,4,0.0,11827.28
IN-2022-100478,25-07-2022,28-07-2022,First Class,CU-1005,Divya Sharma,Consumer,India,Mysuru,Karnataka,South,OFF-PAP-139,Office Supplies,Paper,Paper model 139,636.09,2,0.0,315.91
IN-2022-100985,31-12-2022,06-01-2023,Standard Class,CU-1413,Swathi Pillai,Consumer,India,Nagpur,Maharashtra,West,FUR-TAB-118,Furniture,Tables,Tables model 118,34240.66,4,0.1,151.95
IN-2024-102796,07-07-2024,11-07-2024,Second Class,CU-1362,Arjun Kumar,Home Office,India,Ludhiana,Punjab,North,OFF-ART-106,Office Supplies,Art,Art model 106,249.69,1,0.0,99.94
IN-2025-103860,02-04-2025,06-04-2025,Standard Class,CU-1447,Neha Reddy,Consumer,India,Mysuru,Karnataka,South,OFF-BIN-136,Office Supplies,Binders,Binders model 136,847.68,2,0.0,364.83
IN-2022-100263,22-04-2022,23-04-2022,First Class,CU-1227,Priya Rao,Consumer,India,New Delhi,Delhi,North,OFF-LAB-124,Office Supplies,Labels,Labels model 124,86.52,1,0.4,10.83
IN-2024-103130,10-10-2024,14-10-2024,Standard Class,CU-1528,Suresh Patel,Corporate,India,New Delhi,Delhi,North,FUR-BOO-133,Furniture,Bookcases,Bookcases model 133,11720.34,2,0.2,853.58
IN-2022-100430,04-07-2022,11-07-2022,Standard Class,CU-1280,Swathi Gupta,Consumer,India,Patna,Bihar,East,FUR-FUR-137,Furniture,Furnishings,Furnishings model 137,2970.72,2,0.05,681.72
IN-2023-102015,28-11-2023,02-12-2023,Standard Class,CU-1248,Ashok Verma,Corporate,India,New Delhi,Delhi,North,TEC-MAC-124,Technology,Machines,Machines model 124,74027.23,5,0.3,-5502.78
IN-2024-102298,10-02-2024,15-02-2024,Standard Class,CU-1218,Priya Kumar,Consumer,India,Kochi,Kerala,South,OFF-BIN-120,Office Supplies,Binders,Binders model 120,300.5,1,0.4,17.24
IN-2023-101565,15-07-2023,21-07-2023,Standard Class,CU-1079,Aditya Patel,Corporate,India,Hyderabad,Telangana,South,OFF-LAB-112,Office Supplies,Labels,Labels model 112,399.73,3,0.15,182.14
IN-2023-101793,02-10-2023,07-10-2023,Standard Class,CU-1495,Nisha Singh,Corporate,India,New Delhi,Delhi,North,TEC-ACC-105,Technology,Accessories,Accessories model 105,2143.88,2,0.15,551.49
IN-2022-100020,10-01-2022,11-01-2022,First Class,CU-1135,Priya Sharma,Consumer,India,Ludhiana,Punjab,North,OFF-STO-104,Office Supplies,Storage,Storage model 104,1145.58,1,0.3,141.33
IN-2025-104910,16-12-2025,20-12-2025,Standard Class,CU-1245,Aditya Gupta,Corporate,India,Bhubaneswar,Odisha,East,OFF-PAP-131,Office Supplies,Paper,Paper model 131,217.8,1,0.2,76.98
IN-2025-104047,23-05-2025,30-05-2025,Standard Class,CU-1173,Priya Verma,Corporate,India,Ludhiana,Punjab,North,TEC-MAC-139,Technology,Machines,Machines model 139,13247.81,1,0.3,-1451.13
IN-2025-104664,26-10-2025,02-11-2025,Standard Class,CU-1586,Ananya Singh,Corporate,India,Chennai,Tamil Nadu,South,TEC-PHO-107,Technology,Phones,Phones model 107,11061.14,1,0.3,-278.57
IN-2024-102225,21-01-2024,23-01-2024,First Class,CU-1263,Pooja Sharma,Consumer,India,Kolkata,West Bengal,East,FUR-BOO-116,Furniture,Bookcases,Bookcases model 116,6298.93,1,0.05,856.33
IN-2024-102597,04-05-2024,08-05-2024,Standard Class,CU-1101,Swathi Verma,Home Office,India,New Delhi,Delhi,North,OFF-LAB-126,Office Supplies,Labels,Labels model 126,402.9,4,0.4,58.85
IN-2022-100807,16-11-2022,20-11-2022,Standard Class,CU-1333,Pooja Singh,Corporate,India,Madurai,Tamil Nadu,South,FUR-TAB-112,Furniture,Tables,Tables model 112,25893.97,4,0.2,-1890.1
IN-2023-101510,23-06-2023,27-06-2023,Standard Class,CU-1218,Priya Kumar,Consumer,India,Ahmedabad,Gujarat,West,OFF-ART-117,Office Supplies,Art,Art model 117,225.54,1,0.1,94.2
IN-2024-102772,28-06-2024,30-06-2024,First Class,CU-1461,Ananya Sharma,Home Office,India,New Delhi,Delhi,North,OFF-LAB-121,Office Supplies,Labels,Labels model 121,436.11,3,0.15,191.33
IN-2024-102970,27-08-2024,02-09-2024,Standard Class,CU-1557,Ananya Menon,Home Office,India,Amritsar,Punjab,North,OFF-PAP-127,Office Supplies,Paper,Paper model 127,584.43,2,0.0,268.77
IN-2024-102867,26-07-2024,30-07-2024,Standard Class,CU-1185,Neha Singh,Home Office,India,Coimbatore,Tamil Nadu,South,TEC-COP-126,Technology,Copiers,Copiers model 126,73012.91,2,0.0,29538.53
IN-2024-103475,22-12-2024,28-12-2024,Standard Class,CU-1213,Rahul Menon,Corporate,India,Salem,Tamil Nadu,South,TEC-ACC-129,Technology,Accessories,Accessories model 129,1127.13,1,0.05,304.23
IN-2023-102036,02-12-2023,08-12-2023,Standard Class,CU-1268,Vikram Kumar,Consumer,India,Jaipur,Rajasthan,West,OFF-BIN-138,Office Supplies,Binders,Binders model 138,300.33,1,0.35,44.8
IN-2022-100343,24-05-2022,31-05-2022,Standard Class,CU-1202,Neha Verma,Consumer,India,Salem,Tamil Nadu,South,TEC-PHO-129,Technology,Phones,Phones model 129,10761.99,1,0.2,1232.84
IN-2022-100354,28-05-2022,31-05-2022,Second Class,CU-1276,Priya Das,Consumer,India,Kochi,Kerala,South,TEC-ACC-112,Technology,Accessories,Accessories model 112,2197.71,2,0.15,572.71
IN-2025-103975,04-05-2025,08-05-2025,Second Class,CU-1353,Aarav Patel,Corporate,India,Jaipur,Rajasthan,West,TEC-COP-100,Technology,Copiers,Copiers model 100,175389.64,6,0.15,64860.87
IN-2024-102569,27-04-2024,02-05-2024,Standard Class,CU-1292,Divya Sharma,Consumer,India,Mysuru,Karnataka,South,OFF-PAP-129,Office Supplies,Paper,Paper model 129,970.38,5,0.3,234.89
IN-2024-102726,11-06-2024,14-06-2024,Second Class,CU-1035,Sneha Kumar,Consumer,India,Lucknow,Uttar Pradesh,North,OFF-PAP-129,Office Supplies,Paper,Paper model 129,216.07,1,0.2,71.24
IN-2022-100016,08-01-2022,10-01-2022,First Class,CU-1181,Arjun Joshi,Consumer,India,Thiruvananthapuram,Kerala,South,FUR-TAB-110,Furniture,Tables,Tables model 110,31391.65,4,0.1,-881.42
IN-2025-104774,16-11-2025,23-11-2025,Standard Class,CU-1432,Kavya Verma,Corporate,India,Bhubaneswar,Odisha,East,FUR-CHA-106,Furniture,Chairs,Chairs model 106,3861.91,1,0.2,208.36
IN-2025-104776,16-11-2025,18-11-2025,Second Class,CU-1417,Kavya Singh,Corporate,India,Madurai,Tamil Nadu,South,OFF-ART-120,Office Supplies,Art,Art model 120,298.28,2,0.4,12.85
IN-2022-100843,26-11-2022,01-12-2022,Standard Class,CU-1058,Kavya Iyer,Home Office,India,Bengaluru,Karnataka,South,OFF-BIN-133,Office Supplies,Binders,Binders model 133,405.41,1,0.0,178.34
IN-2024-102613,09-05-2024,12-05-2024,Second Class,CU-1143,Pooja Gupta,Consumer,India,Kolkata,West Bengal,East,FUR-FUR-120,Furniture,Furnishings,Furnishings model 120,4940.75,3,0.0,1418.54
IN-2022-100810,17-11-2022,23-11-2022,Standard Class,CU-1369,Priya Reddy,Consumer,India,Ludhiana,Punjab,North,FUR-FUR-128,Furniture,Furnishings,Furnishings model 128,1375.4,1,0.1,323.32
IN-2022-100338,23-05-2022,27-05-2022,Standard Class,CU-1467,Rahul Nair,Corporate,India,Thiruvananthapuram,Kerala,SOUTH ,OFF-ART-124,Office Supplies,Art,Art model 124,344.15,2,0.4,1.05
IN-2022-100052,26-01-2022,27-01-2022,First Class,CU-1052,Priya Reddy,Home Office,India,Surat,Gujarat,West,OFF-ART-131,Office Supplies,Art,Art model 131,213.08,1,0.1,60.31
IN-2025-104083,02-06-2025,09-06-2025,Standard Class,CU-1046,Nisha Iyer,Corporate,India,Surat,Gujarat,West,OFF-PAP-129,Office Supplies,Paper,Paper model 129,1967.38,7,0.0,816.33
IN-2025-104180,25-06-2025,28-06-2025,Second Class,CU-1090,Arjun Joshi,Corporate,India,Lucknow,Uttar Pradesh,North,FUR-CHA-131,Furniture,Chairs,Chairs model 131,34221.09,7,0.0,7821.93
IN-2024-103133,11-10-2024,17-10-2024,Standard Class,CU-1412,Arjun Patel,Corporate,India,Bhubaneswar,Odisha,East,TEC-MAC-136,Technology,Machines,Machines model 136,36507.4,2,0.05,2706.41
IN-2025-103968,01-05-2025,06-05-2025,Standard Class,CU-1313,Vikram Shah,Consumer,India,Surat,Gujarat,West,OFF-BIN-119,Office Supplies,Binders,Binders model 119,"₹1,952.93",5,0.05,747.56
IN-2024-102842,17-07-2024,23-07-2024,Standard Class,CU-1020,Vikram Reddy,Corporate,India,Bhubaneswar,Odisha,East,TEC-ACC-124,Technology,Accessories,Accessories model 124,"₹3,022.21",3,0.15,894.64
IN-2025-103643,06-02-2025,13-02-2025,Standard Class,CU-1341,Aditya Sharma,Consumer,India,Hyderabad,Telangana,South,FUR-TAB-107,Furniture,Tables,Tables model 107,6914.49,1,0.15,-35.9
IN-2023-101498,20-06-2023,26-06-2023,Standard Class,CU-1505,Ananya Rao,Consumer,India,Kolkata,West Bengal,East,OFF-LAB-102,Office Supplies,Labels,Labels model 102,118.13,1,0.15,45.97
IN-2024-102443,22-03-2024,25-03-2024,Second Class,CU-1014,Ravi Das,Consumer,India,Lucknow,Uttar Pradesh,North,TEC-COP-133,Technology,Copiers,Copiers model 133,36041.19,1,0.0,15785.55
IN-2024-103082,29-09-2024,03-10-2024,Standard Class,CU-1152,Rahul Gupta,Consumer,India,Madurai,Tamil Nadu,South,FUR-FUR-109,Furniture,Furnishings,Furnishings model 109,1489.22,1,0.05,411.25
IN-2022-100832,22-11-2022,28-11-2022,Standard Class,CU-1278,Nisha Kumar,Consumer,India,Surat,Gujarat,West,OFF-BIN-135,Office Supplies,Binders,Binders model 135,756.44,2,0.05,338.05
IN-2024-102496,06-04-2024,08-04-2024,Second Class,CU-1311,Divya Verma,Consumer,India,Thiruvananthapuram,Kerala,South,OFF-ART-103,Office Supplies,Art,Art model 103,516.64,2,0.0,237.23
IN-2023-101324,23-04-2023,29-04-2023,Standard Class,CU-1033,Meera Menon,Corporate,India,Surat,Gujarat,West,TEC-MAC-107,Technology,Machines,Machines model 107,18877.06,1,0.05,1484.21
IN-2024-103020,12-09-2024,19-09-2024,Standard Class,CU-1226,Aarav Kumar,Home Office,India,Mumbai,Maharashtra,West,TEC-PHO-116,Technology,Phones,Phones model 116,109255.12,8,,18227.85
IN-2022-100561,30-08-2022,02-09-2022,Second Class,CU-1569,Suresh Nair,Consumer,India,Salem,Tamil Nadu,South,OFF-PAP-104,Office Supplies,Paper,Paper model 104,878.88,3,,407.26
IN-2024-102240,26-01-2024,31-01-2024,Standard Class,CU-1104,Ashok Sharma,Corporate,India,Patna,Bihar,East,FUR-BOO-116,Furniture,Bookcases,Bookcases model 116,32332.01,5,0.05,4591.12
IN-2023-101856,17-10-2023,20-10-2023,First Class,CU-1486,Karthik Reddy,Consumer,India,Coimbatore,Tamil Nadu,South,TEC-COP-102,Technology,Copiers,Copiers model 102,110726.73,3,0.0,47054.68
IN-2023-102091,19-12-2023,24-12-2023,Standard Class,CU-1125,Aditya Singh,Consumer,India,Bengaluru,Karnataka,South,TEC-COP-108,Technology,Copiers,Copiers model 108,22984.4,1,0.4,1472.38
IN-2022-100293,04-05-2022,08-05-2022,Standard Class,CU-1057,Neha Patel,Corporate,India,Chennai,Tamil Nadu,South,TEC-ACC-102,Technology,Accessories,Accessories model 102,1116.28,1,0.1,327.16
IN-2023-101906,30-10-2023,04-11-2023,Standard Class,CU-1316,Ashok Joshi,Home Office,India,Jaipur,Rajasthan,West,OFF-LAB-136,Office Supplies,Labels,Labels model 136,461.82,3,0.1,205.13
IN-2024-103436,14-12-2024,17-12-2024,First Class,CU-1125,Aditya Singh,Consumer,India,Lucknow,Uttar Pradesh,North,TEC-COP-136,Technology,Copiers,Copiers model 136,31761.48,1,0.2,9485.32
IN-2023-101759,22-09-2023,22-09-2023,Same Day,CU-1538,Manoj Pillai,Consumer,India,Thiruvananthapuram,Kerala,South,OFF-LAB-101,Office Supplies,Labels,Labels model 101,575.21,4,0.15,235.0
IN-2023-101384,13-05-2023,15-05-2023,First Class,CU-1417,Kavya Singh,Corporate,India,Lucknow,Uttar Pradesh,North,FUR-FUR-123,Furniture,Furnishings,Furnishings model 123,3515.82,3,0.15,704.23
IN-2024-103425,11-12-2024,14-12-2024,Second Class,CU-1579,Divya Kumar,Consumer,India,Jaipur,Rajasthan,West,OFF-PAP-125,Office Supplies,Paper,Paper model 125,796.28,3,0.15,318.31
IN-2023-102032,02-12-2023,05-12-2023,First Class,CU-1033,Meera Menon,Corporate,India,Hyderabad,Telangana,South,OFF-PAP-115,Office Supplies,Paper,Paper model 115,383.47,2,0.3,90.63
IN-2022-100327,17-05-2022,23-05-2022,Standard Class,CU-1402,Arjun Joshi,Corporate,India,Pune,Maharashtra,West,OFF-ART-125,Office Supplies,Art,Art model 125,248.65,1,0.05,84.81
IN-2022-100431,04-07-2022,04-07-2022,Same Day,CU-1004,Neha Verma,Corporate,India,Hyderabad,Telangana,South,TEC-MAC-130,Technology,Machines,Machines model 130,18534.45,1,0.15,1067.6
IN-2022-100076,07-02-2022,12-02-2022,Standard Class,CU-1519,Ananya Singh,Consumer,India,Kolkata,West Bengal,East,OFF-BIN-108,Office Supplies,Binders,Binders model 108,1501.33,5,0.4,93.23
IN-2024-103300,16-11-2024,20-11-2024,Standard Class,CU-1592,Neha Sharma,Consumer,India,Lucknow,Uttar Pradesh,North,OFF-BIN-116,Office Supplies,Binders,Binders model 116,970.41,2,0.0,446.01
IN-2022-100639,06-10-2022,12-10-2022,Standard Class,CU-1089,Suresh Nair,Home Office,India,Nagpur,Maharashtra,West,TEC-PHO-113,Technology,Phones,Phones model 113,15361.08,1,0.0,3702.37
IN-2025-104135,15-06-2025,17-06-2025,Second Class,CU-1389,Kavya Menon,Consumer,India,Noida,Uttar Pradesh,North,OFF-LAB-132,Office Supplies,Labels,Labels model 132,587.51,4,0.0,276.69
IN-2023-102096,21-12-2023,27-12-2023,Standard Class,CU-1506,Suresh Menon,Corporate,India,Ludhiana,Punjab,North,FUR-FUR-116,Furniture,Furnishings,Furnishings model 116,3038.39,2,0.05,608.11
IN-2022-100156,15-03-2022,19-03-2022,Standard Class,CU-1557,Ananya Menon,Home Office,India,Jaipur,Rajasthan,West,TEC-MAC-131,Technology,Machines,Machines model 131,17434.28,1,0.15,29.52
IN-2025-104228,10-07-2025,15-07-2025,Standard Class,CU-1178,Priya Nair,Corporate,India,Bhubaneswar,Odisha,East,OFF-LAB-127,Office Supplies,Labels,Labels model 127,293.44,3,0.25,97.06
IN-2024-103225,29-10-2024,04-11-2024,Standard Class,CU-1388,Divya Kumar,Home Office,India,Ahmedabad,Gujarat,West,TEC-COP-124,Technology,Copiers,Copiers model 124,137394.39,5,0.3,24273.84
IN-2025-104041,20-05-2025,27-05-2025,Standard Class,CU-1453,Aditya Shah,Corporate,India,Amritsar,Punjab,North,FUR-TAB-119,Furniture,Tables,Tables model 119,59603.63,7,0.1,2339.01
IN-2024-102401,11-03-2024,16-03-2024,Standard Class,CU-1320,Pooja Verma,Home Office,India,Amritsar,Punjab,North,TEC-COP-111,Technology,Copiers,Copiers model 111,263698.9,8,0.0,107316.04
IN-2025-104817,25-11-2025,30-11-2025,Standard Class,CU-1305,Divya Rao,Consumer,India,Ludhiana,Punjab,North,OFF-BIN-126,Office Supplies,Binders,Binders model 126,799.73,3,0.4,66.36
IN-2024-102975,28-08-2024,01-09-2024,Standard Class,CU-1471,Ravi Reddy,Home Office,India,Jaipur,Rajasthan,West,FUR-TAB-117,Furniture,Tables,Tables model 117,18154.04,3,0.25,-958.37
IN-2024-103420,10-12-2024,17-12-2024,Standard Class,CU-1535,Kavya Kumar,Consumer,India,Patna,Bihar,East,FUR-TAB-111,Furniture,Tables,Tables model 111,9688.25,1,0.05,269.71
IN-2023-101868,20-10-2023,24-10-2023,Second Class,CU-1035,Sneha Kumar,Consumer,India,Hyderabad,Telangana,South,TEC-ACC-120,Technology,Accessories,Accessories model 120,5501.49,5,0.0,2124.26
IN-2023-102043,04-12-2023,05-12-2023,First Class,CU-1037,Swathi Pillai,Consumer,India,Ludhiana,Punjab,North,FUR-CHA-103,Furniture,Chairs,Chairs model 103,28480.6,8,0.2,3650.76
IN-2025-103910,15-04-2025,22-04-2025,Standard Class,CU-1338,Neha Gupta,Consumer,India,Jaipur,Rajasthan,West,FUR-CHA-118,Furniture,Chairs,Chairs model 118,6186.76,2,0.2,437.74
IN-2022-100695,21-10-2022,25-10-2022,Second Class,CU-1065,Pooja Sharma,Corporate,India,Patna,Bihar,East,OFF-PAP-114,Office Supplies,Paper,Paper model 114,853.49,5,0.4,124.4
IN-2025-103547,09-01-2025,16-01-2025,Standard Class,CU-1545,Aditya Das,Consumer,India,Ahmedabad,Gujarat,West,OFF-BIN-120,Office Supplies,Binders,Binders model 120,433.11,1,0.15,166.87
IN-2022-100814,18-11-2022,25-11-2022,Standard Class,CU-1032,Manoj Gupta,Corporate,India,Noida,Uttar Pradesh,North,TEC-COP-109,Technology,Copiers,Copiers model 109,25770.05,1,0.2,6191.75
IN-2025-103546,09-01-2025,14-01-2025,Standard Class,CU-1343,Swathi Menon,Consumer,India,Nagpur,Maharashtra,West,TEC-COP-100,Technology,Copiers,Copiers model 100,53156.34,2,0.15,17578.06
IN-2024-103027,13-09-2024,18-09-2024,Standard Class,CU-1211,Suresh Menon,Consumer,India,Pune,Maharashtra,West,OFF-BIN-121,Office Supplies,Binders,Binders model 121,1326.85,3,0.05,544.34
IN-2025-103842,29-03-2025,02-04-2025,Standard Class,CU-1568,Aditya Shah,Consumer,India,New Delhi,Delhi,North,OFF-LAB-114,Office Supplies,Labels,Labels model 114,266.27,2,0.0,123.04
IN-2024-102168,07-01-2024,09-01-2024,First Class,CU-1589,Lakshmi Nair,Consumer,India,Jaipur,Rajasthan,West,OFF-PAP-131,Office Supplies,Paper,Paper model 131,1083.59,4,0.15,475.1
IN-2025-104736,09-11-2025,15-11-2025,Standard Class,CU-1258,Meera Singh,Consumer,India,New Delhi,Delhi,North,OFF-ART-102,Office Supplies,Art,Art model 102,456.56,2,0.15,152.21
IN-2025-104107,08-06-2025,10-06-2025,First Class,CU-1469,Sneha Shah,Consumer,India,Hyderabad,Telangana,South,TEC-PHO-102,Technology,Phones,Phones model 102,14945.81,1,0.05,4063.09
IN-2022-100159,17-03-2022,21-03-2022,Standard Class,CU-1361,Isha Das,Consumer,India,Coimbatore,Tamil Nadu,South,OFF-STO-136,Office Supplies,Storage,Storage model 136,1385.49,1,0.3,200.87
IN-2022-100747,04-11-2022,10-11-2022,Standard Class,CU-1398,Manoj Kumar,Consumer,India,Jaipur,Rajasthan,West,OFF-LAB-129,Office Supplies,Labels,Labels model 129,1119.49,8,0.15,346.7
IN-2024-103036,16-09-2024,23-09-2024,Standard Class,CU-1349,Swathi Verma,Corporate,India,New Delhi,Delhi,North,FUR-BOO-122,Furniture,Bookcases,Bookcases model 122,26361.14,5,0.15,963.5
IN-2022-100957,26-12-2022,30-12-2022,Standard Class,CU-1100,Vivaan Iyer,Consumer,India,Salem,Tamil Nadu,South,OFF-LAB-138,Office Supplies,Labels,Labels model 138,97.18,1,0.3,29.93
IN-2025-104482,12-09-2025,14-09-2025,Second Class,CU-1505,Ananya Rao,Consumer,India,Kochi,Kerala,South,TEC-COP-107,Technology,Copiers,Copiers model 107,119718.22,3,0.0,46503.01
IN-2022-100048,24-01-2022,29-01-2022,Standard Class,CU-1104,Ashok Sharma,Corporate,India,Madurai,Tamil Nadu,South,FUR-CHA-126,Furniture,Chairs,Chairs model 126,4449.15,1,0.1,761.21
IN-2023-101226,24-03-2023,29-03-2023,Standard Class,CU-1272,Rohit Pillai,Home Office,India,Ahmedabad,Gujarat,West,TEC-ACC-104,Technology,Accessories,Accessories model 104,3275.21,3,0.15,901.94
IN-2023-102007,27-11-2023,04-12-2023,Standard Class,CU-1070,Priya Verma,Consumer,India,Jaipur,Rajasthan,West,FUR-FUR-116,Furniture,Furnishings,Furnishings model 116,6715.03,4,0.0,2033.73
IN-2025-103963,30-04-2025,06-05-2025,Standard Class,CU-1540,Priya Menon,Consumer,India,Ludhiana,Punjab,North,TEC-COP-134,Technology,Copiers,Copiers model 134,61209.49,2,0.2,20183.57
IN-2022-100987,31-12-2022,07-01-2023,Standard Class,CU-1518,Vikram Nair,Corporate,India,Jaipur,Rajasthan,West,FUR-TAB-107,Furniture,Tables,Tables model 107,50268.18,8,0.25,-6346.18
IN-2022-100524,13-08-2022,19-08-2022,Standard Class,CU-1280,Swathi Gupta,Consumer,India,Bhubaneswar,Odisha,East,FUR-TAB-123,Furniture,Tables,Tables model 123,13097.76,2,0.3,-2039.32
IN-2022-100462,17-07-2022,22-07-2022,Standard Class,CU-1486,Karthik Reddy,Consumer,India,Jaipur,Rajasthan,West,FUR-TAB-114,Furniture,Tables,Tables model 114,8231.11,1,0.2,-351.41
IN-2024-103510,30-12-2024,30-12-2024,Same Day,CU-1543,Nisha Shah,Corporate,India,New Delhi,Delhi,North,OFF-ART-124,Office Supplies,Art,Art model 124,903.6,4,0.0,365.71
IN-2025-103665,13-02-2025,16-02-2025,First Class,CU-1004,Neha Verma,Corporate,India,Nagpur,Maharashtra,West,OFF-PAP-104,Office Supplies,Paper,Paper model 104,603.19,3,0.4,43.61
IN-2023-101215,22-03-2023,24-03-2023,First Class,CU-1591,Pooja Verma,Consumer,India,Ahmedabad,Gujarat,West,TEC-MAC-101,Technology,Machines,Machines model 101,22288.18,1,0.05,2728.14
IN-2023-101419,25-05-2023,29-05-2023,Standard Class,CU-1068,Sneha Gupta,Consumer,India,Jaipur,Rajasthan,West,OFF-PAP-138,Office Supplies,Paper,Paper model 138,282.86,1,0.05,116.63
IN-2025-104357,13-08-2025,17-08-2025,Standard Class,CU-1209,Priya Iyer,Corporate,India,Mumbai,Maharashtra,West,FUR-TAB-139,Furniture,Tables,Tables model 139,30747.08,4,0.05,2386.6
IN-2025-104031,18-05-2025,20-05-2025,Second Class,CU-1072,Priya Shah,Corporate,India,Hyderabad,Telangana,South,OFF-PAP-104,Office Supplies,Paper,Paper model 104,575.5,2,0.1,233.94
IN-2022-100064,01-02-2022,04-02-2022,First Class,CU-1600,Nisha Patel,Corporate,India,Amritsar,Punjab,North,OFF-PAP-125,Office Supplies,Paper,Paper model 125,906.51,3,0.05,451.08
IN-2024-102345,23-02-2024,24-02-2024,First Class,CU-1588,Rohit Das,Corporate,India,Mysuru,Karnataka,South,FUR-CHA-139,Furniture,Chairs,Chairs model 139,16539.05,4,,3619.68
IN-2025-104016,15-05-2025,18-05-2025,Second Class,CU-1412,Arjun Patel,Corporate,India,Kolkata,West Bengal,East,OFF-BIN-135,Office Supplies,Binders,Binders model 135,436.04,1,0.15,153.73
IN-2024-103147,12-10-2024,17-10-2024,Standard Class,CU-1362,Arjun Kumar,Home Office,India,Amritsar,Punjab,North,TEC-MAC-117,Technology,Machines,Machines model 117,53932.12,3,0.05,8532.33
IN-2022-100678,15-10-2022,19-10-2022,Second Class,CU-1320,Pooja Verma,Home Office,India,Ludhiana,Punjab,North,TEC-MAC-111,Technology,Machines,Machines model 111,23313.89,1,0.0,3774.14
IN-2024-102543,20-04-2024,27-04-2024,Standard Class,CU-1583,Aarav Iyer,Home Office,India,New Delhi,Delhi,North,TEC-PHO-108,Technology,Phones,Phones model 108,95628.96,6,0.0,28166.63
IN-2024-103215,26-10-2024,30-10-2024,Standard Class,CU-1169,Sneha Sharma,Corporate,India,Jaipur,Rajasthan,West,FUR-CHA-139,Furniture,Chairs,Chairs model 139,17710.49,5,0.15,1892.58
IN-2022-100443,10-07-2022,14-07-2022,Standard Class,CU-1166,Karthik Verma,Consumer,India,Jaipur,Rajasthan,West,OFF-LAB-134,Office Supplies,Labels,Labels model 134,948.62,6,0.0,472.12
IN-2023-101555,11-07-2023,18-07-2023,Standard Class,CU-1396,Suresh Reddy,Consumer,India,Bhubaneswar,Odisha,East,FUR-BOO-131,Furniture,Bookcases,Bookcases model 131,33594.87,6,0.25,711.97
IN-2023-102021,29-11-2023,06-12-2023,Standard Class,CU-1325,Ashok Rao,Consumer,India,Amritsar,Punjab,North,FUR-CHA-125,Furniture,Chairs,Chairs model 125,12006.21,3,0.2,1226.3
IN-2024-102212,17-01-2024,23-01-2024,Standard Class,CU-1446,Vivaan Singh,Home Office,India,Amritsar,Punjab,North,OFF-LAB-136,Office Supplies,Labels,Labels model 136,564.29,6,0.3,131.47
IN-2025-104839,30-11-2025,02-12-2025,Second Class,CU-1292,Divya Sharma,Consumer,India,Thiruvananthapuram,Kerala,South,TEC-PHO-113,Technology,Phones,Phones model 113,15564.82,1,0.05,3564.13
IN-2025-104411,27-08-2025,31-08-2025,Standard Class,CU-1156,Ananya Das,Consumer,India,New Delhi,Delhi,North,OFF-ART-130,Office Supplies,Art,Art model 130,745.99,3,0.0,297.39
IN-2024-103497,26-12-2024,29-12-2024,Second Class,CU-1477,Vikram Reddy,Consumer,India,Lucknow,Uttar Pradesh,North,TEC-ACC-137,Technology,Accessories,Accessories model 137,6406.97,6,0.15,1615.29
IN-2023-101220,23-03-2023,25-03-2023,First Class,CU-1302,Pooja Joshi,Corporate,India,Kolkata,West Bengal,East,OFF-STO-139,Office Supplies,Storage,Storage model 139,7214.04,5,0.1,1944.85
IN-2025-104323,05-08-2025,07-08-2025,First Class,CU-1257,Rahul Kumar,Consumer,India,Thiruvananthapuram,Kerala,South,TEC-ACC-114,Technology,Accessories,Accessories model 114,1093.96,1,0.15,324.68
IN-2025-103620,31-01-2025,02-02-2025,Second Class,CU-1379,Neha Patel,Home Office,India,Hyderabad,Telangana,South,TEC-MAC-132,Technology,Machines,Machines model 132,72618.06,5,0.4,-15208.96
IN-2025-104864,05-12-2025,09-12-2025,Second Class,CU-1591,Pooja Verma,Consumer,India,Pune,Maharashtra,West,FUR-CHA-137,Furniture,Chairs,Chairs model 137,11032.56,3,0.2,945.45
IN-2023-101609,30-07-2023,04-08-2023,Standard Class,CU-1327,Sneha Rao,Consumer,India,Thiruvananthapuram,Kerala,South,TEC-ACC-107,Technology,Accessories,Accessories model 107,1282.61,2,0.4,-13.01
IN-2024-103403,06-12-2024,10-12-2024,Standard Class,CU-1165,Isha Menon,Consumer,India,Jaipur,Rajasthan,West,TEC-COP-122,Technology,Copiers,Copiers model 122,103997.99,4,0.3,16028.17
IN-2022-100144,11-03-2022,14-03-2022,First Class,CU-1507,Vivaan Das,Home Office,India,Pune,Maharashtra,West,FUR-BOO-117,Furniture,Bookcases,Bookcases model 117,13688.95,2,0.1,1236.32
IN-2023-102081,17-12-2023,20-12-2023,First Class,CU-1508,Kavya Singh,Consumer,India,Surat,Gujarat,West,OFF-BIN-131,Office Supplies,Binders,Binders model 131,1336.0,3,0.0,487.74
IN-2024-102351,25-02-2024,28-02-2024,First Class,CU-1340,Vikram Iyer,Consumer,India,New Delhi,Delhi,North,OFF-STO-103,Office Supplies,Storage,Storage model 103,3685.99,2,0.05,1168.24
IN-2022-100454,15-07-2022,19-07-2022,Standard Class,CU-1223,Aarav Patel,Corporate,India,Kolkata,West Bengal,East,OFF-ART-131,Office Supplies,Art,Art model 131,875.26,4,0.1,296.5
IN-2024-103399,05-12-2024,11-12-2024,Standard Class,CU-1459,Meera Sharma,Consumer,India,Ludhiana,Punjab,North,FUR-BOO-129,Furniture,Bookcases,Bookcases model 129,19778.86,3,0.05,2692.35
IN-2022-100036,15-01-2022,21-01-2022,Standard Class,CU-1568,Aditya Shah,Consumer,India,Kolkata,West Bengal,East,OFF-ART-103,Office Supplies,Art,Art model 103,826.43,3,0.0,315.76
IN-2025-103727,03-03-2025,05-03-2025,Second Class,CU-1118,Karthik Joshi,Corporate,India,Kolkata,West Bengal,East,FUR-FUR-104,Furniture,Furnishings,Furnishings model 104,2024.48,2,0.4,-141.64
IN-2025-104079,02-06-2025,06-06-2025,Standard Class,CU-1161,Pooja Joshi,Consumer,India,Bhubaneswar,Odisha,East,TEC-COP-131,Technology,Copiers,Copiers model 131,197400.3,7,0.2,49782.59
IN-2022-100721,27-10-2022,29-10-2022,First Class,CU-1155,Ashok Reddy,Consumer,India,Jaipur,Rajasthan,West,TEC-PHO-123,Technology,Phones,Phones model 123,63651.55,5,0.15,11975.09
IN-2022-100920,15-12-2022,17-12-2022,First Class,CU-1477,Vikram Reddy,Consumer,India,Hyderabad,Telangana,South,OFF-STO-109,Office Supplies,Storage,Storage model 109,3233.07,2,0.2,578.82
IN-2023-101018,09-01-2023,15-01-2023,Standard Class,CU-1563,Arjun Nair,Corporate,India,Jaipur,Rajasthan,West,TEC-ACC-118,Technology,Accessories,Accessories model 118,3132.96,3,0.15,835.37
IN-2024-102179,09-01-2024,13-01-2024,Standard Class,CU-1505,Ananya Rao,Consumer,India,Ahmedabad,Gujarat,West,TEC-MAC-117,Technology,Machines,Machines model 117,73426.07,4,0.2,4682.76
IN-2025-103739,07-03-2025,09-03-2025,First Class,CU-1500,Kavya Shah,Consumer,India,Salem,Tamil Nadu,South,TEC-ACC-119,Technology,Accessories,Accessories model 119,3014.65,3,0.2,817.83
IN-2025-103802,22-03-2025,26-03-2025,Standard Class,CU-1224,Kavya Shah,Corporate,India,Ahmedabad,Gujarat,West,FUR-BOO-116,Furniture,Bookcases,Bookcases model 116,18797.33,3,0.1,1113.07
IN-2022-100008,03-01-2022,10-01-2022,Standard Class,CU-1428,Ashok Reddy,Consumer,India,Nagpur,Maharashtra,West,OFF-PAP-138,Office Supplies,Paper,Paper model 138,259.28,1,0.15,107.0
IN-2025-104328,06-08-2025,10-08-2025,Second Class,CU-1337,Karthik Shah,Corporate,India,Jaipur,Rajasthan,West,OFF-ART-131,Office Supplies,Art,Art model 131,1962.18,7,0.0,628.08
IN-2023-101878,23-10-2023,27-10-2023,Second Class,CU-1251,Rahul Verma,Home Office,India,Noida,Uttar Pradesh,North,OFF-ART-117,Office Supplies,Art,Art model 117,253.62,1,0.1,98.31
IN-2024-102165,05-01-2024,08-01-2024,First Class,CU-1471,Ravi Reddy,Home Office,India,Madurai,Tamil Nadu,South,TEC-COP-126,Technology,Copiers,Copiers model 126,66951.99,2,0.1,20257.86
IN-2023-101571,16-07-2023,20-07-2023,Standard Class,CU-1521,Rahul Sharma,Corporate,India,Patna,Bihar,East,FUR-BOO-111,Furniture,Bookcases,Bookcases model 111,10671.88,2,0.3,-534.63
IN-2023-102127,26-12-2023,02-01-2024,Standard Class,CU-1022,Sneha Rao,Consumer,India,Hyderabad,Telangana,South,OFF-PAP-105,Office Supplies,Paper,Paper model 105,339.54,1,0.0,178.97
IN-2022-100549,25-08-2022,01-09-2022,Standard Class,CU-1499,Suresh Menon,Consumer,India,Lucknow,Uttar Pradesh,North,FUR-TAB-118,Furniture,Tables,Tables model 118,15906.66,2,0.0,1154.07
IN-2024-102222,20-01-2024,20-01-2024,Same Day,CU-1595,Manoj Iyer,Corporate,India,Kochi,Kerala,South,FUR-BOO-124,Furniture,Bookcases,Bookcases model 124,4937.7,1,0.25,-418.71
IN-2022-100548,25-08-2022,29-08-2022,Second Class,CU-1469,Sneha Shah,Consumer,India,Mysuru,Karnataka,South,TEC-PHO-119,Technology,Phones,Phones model 119,73573.75,5,0.05,18901.15
IN-2025-103631,03-02-2025,10-02-2025,Standard Class,CU-1318,Nisha Kumar,Consumer,India,Surat,Gujarat,West,TEC-PHO-132,Technology,Phones,Phones model 132,23671.25,2,0.3,1492.96
IN-2025-104820,25-11-2025,02-12-2025,Standard Class,CU-1044,Isha Rao,Consumer,India,Ludhiana,Punjab,North,TEC-PHO-105,Technology,Phones,Phones model 105,39170.92,3,0.2,4346.37
IN-2023-101690,27-08-2023,27-08-2023,Same Day,CU-1191,Karthik Gupta,Home Office,India,Ludhiana,Punjab,North,FUR-BOO-100,Furniture,Bookcases,Bookcases model 100,5872.75,1,0.15,237.1
IN-2024-102855,20-07-2024,26-07-2024,Standard Class,CU-1104,Ashok Sharma,Corporate,India,New Delhi,Delhi,North,OFF-PAP-113,Office Supplies,Paper,Paper model 113,1179.87,4,0.0,548.43
IN-2024-102988,02-09-2024,08-09-2024,Standard Class,CU-1040,Arjun Gupta,Corporate,India,Ludhiana,Punjab,North,TEC-MAC-111,Technology,Machines,Machines model 111,119950.59,6,0.1,13348.27
IN-2022-100053,26-01-2022,27-01-2022,First Class,CU-1074,Nisha Patel,Corporate,India,Kochi,Kerala,South,TEC-ACC-111,Technology,Accessories,Accessories model 111,1009.63,1,0.2,239.92
IN-2023-101248,31-03-2023,04-04-2023,Standard Class,CU-1427,Deepak Pillai,Home Office,India,Ludhiana,Punjab,North,TEC-PHO-111,Technology,Phones,Phones model 111,83593.51,6,0.1,17412.04
IN-2024-102159,03-01-2024,07-01-2024,Standard Class,CU-1494,Lakshmi Singh,Consumer,India,New Delhi,Delhi,North,TEC-PHO-121,Technology,Phones,Phones model 121,31103.03,3,0.2,3137.21
IN-2022-100238,12-04-2022,18-04-2022,Standard Class,CU-1048,Rohit Patel,Corporate,India,Ludhiana,Punjab,North,TEC-COP-112,Technology,Copiers,Copiers model 112,30926.32,1,0.0,13268.61
IN-2024-102300,10-02-2024,17-02-2024,Standard Class,CU-1495,Nisha Singh,Corporate,India,Jaipur,Rajasthan,West,OFF-STO-100,Office Supplies,Storage,Storage model 100,3164.99,2,0.1,683.44
IN-2022-100260,21-04-2022,25-04-2022,Second Class,CU-1276,Priya Das,Consumer,India,Thiruvananthapuram,Kerala,South,OFF-LAB-111,Office Supplies,Labels,Labels model 111,798.74,7,0.15,326.65
IN-2025-104615,16-10-2025,23-10-2025,Standard Class,CU-1293,Swathi Joshi,Corporate,India,Bengaluru,Karnataka,South,FUR-TAB-108,Furniture,Tables,Tables model 108,19834.1,3,0.25,-2208.07
IN-2025-104142,16-06-2025,20-06-2025,Standard Class,CU-1584,Ashok Pillai,Corporate,India,Ludhiana,Punjab,NORTH ,FUR-CHA-135,Furniture,Chairs,Chairs model 135,11190.58,3,0.05,1959.79
IN-2022-100728,29-10-2022,29-10-2022,Same Day,CU-1006,Divya Singh,Home Office,India,Noida,Uttar Pradesh,North,TEC-MAC-131,Technology,Machines,Machines model 131,13391.49,1,0.3,-1022.03
IN-2025-103747,10-03-2025,17-03-2025,Standard Class,CU-1006,Divya Singh,Home Office,India,Bhubaneswar,Odisha,East,TEC-ACC-135,Technology,Accessories,Accessories model 135,1781.46,2,0.2,454.09
IN-2022-100971,29-12-2022,31-12-2022,First Class,CU-1050,Vikram Sharma,Home Office,India,Surat,Gujarat,West,OFF-LAB-107,Office Supplies,Labels,Labels model 107,257.01,2,0.1,98.64
IN-2024-103049,19-09-2024,23-09-2024,Standard Class,CU-1529,Deepak Joshi,Consumer,India,Amritsar,Punjab,North,FUR-BOO-101,Furniture,Bookcases,Bookcases model 101,34314.61,6,0.05,3770.05
IN-2025-103836,27-03-2025,31-03-2025,Standard Class,CU-1004,Neha Verma,Corporate,India,Mysuru,Karnataka,South,FUR-BOO-124,Furniture,Bookcases,Bookcases model 124,17401.44,3,0.1,1425.01
IN-2022-100953,25-12-2022,01-01-2023,Standard Class,CU-1532,Neha Reddy,Corporate,India,Kolkata,West Bengal,East,OFF-PAP-115,Office Supplies,Paper,Paper model 115,1112.99,5,0.3,258.64
IN-2022-100818,19-11-2022,26-11-2022,Standard Class,CU-1404,Pooja Rao,Consumer,India,Thiruvananthapuram,Kerala,South,OFF-LAB-111,Office Supplies,Labels,Labels model 111,162.31,1,0.0,81.3
IN-2025-104441,02-09-2025,06-09-2025,Standard Class,CU-1589,Lakshmi Nair,Consumer,India,Jaipur,Rajasthan,West,OFF-LAB-122,Office Supplies,Labels,Labels model 122,512.74,3,0.0,266.52
IN-2022-100191,28-03-2022,03-04-2022,Standard Class,CU-1186,Rahul Verma,Consumer,India,Hyderabad,Telangana,South,TEC-PHO-102,Technology,Phones,Phones model 102,15684.76,1,0.0,4155.49
IN-2024-102532,18-04-2024,21-04-2024,First Class,CU-1556,Nisha Iyer,Consumer,India,Jaipur,Rajasthan,West,TEC-PHO-103,Technology,Phones,Phones model 103,42040.74,5,0.4,-5090.45
IN-2023-101752,18-09-2023,21-09-2023,Second Class,CU-1384,Nisha Iyer,Consumer,India,Patna,Bihar,East,TEC-PHO-121,Technology,Phones,Phones model 121,46614.06,4,0.1,9088.42
IN-2023-101019,10-01-2023,14-01-2023,Standard Class,CU-1245,Aditya Gupta,Corporate,India,Amritsar,Punjab,North,TEC-PHO-115,Technology,Phones,Phones model 115,45031.43,4,0.15,5747.08
IN-2024-102263,01-02-2024,05-02-2024,Standard Class,CU-1144,Suresh Kumar,Consumer,India,Jaipur,Rajasthan,West,OFF-BIN-133,Office Supplies,Binders,Binders model 133,804.92,2,0.05,373.64
IN-2025-103798,21-03-2025,28-03-2025,Standard Class,CU-1599,Sneha Reddy,Corporate,India,Bhubaneswar,Odisha,East,OFF-LAB-126,Office Supplies,Labels,Labels model 126,531.41,4,0.1,214.81
IN-2025-104387,22-08-2025,25-08-2025,First Class,CU-1550,Suresh Pillai,Consumer,India,Ludhiana,Punjab,North,TEC-PHO-132,Technology,Phones,Phones model 132,25189.15,2,0.15,4243.95
IN-2024-103506,29-12-2024,29-12-2024,Same Day,CU-1043,Vikram Kumar,Consumer,India,New Delhi,Delhi,North,TEC-ACC-128,Technology,Accessories,Accessories model 128,929.66,1,0.1,305.4
IN-2022-100503,04-08-2022,09-08-2022,Standard Class,CU-1029,Kavya Nair,Corporate,India,Hyderabad,Telangana,South,OFF-LAB-113,Office Supplies,Labels,Labels model 113,745.14,5,0.0,359.62
IN-2022-100682,17-10-2022,17-10-2022,Same Day,CU-1047,Divya Nair,Consumer,India,Surat,Gujarat,West,FUR-TAB-130,Furniture,Tables,Tables model 130,80811.53,8,0.0,6246.03
IN-2025-103625,02-02-2025,06-02-2025,Standard Class,CU-1557,Ananya Menon,Home Office,India,Mumbai,Maharashtra,West,OFF-STO-103,Office Supplies,Storage,Storage model 103,1623.83,1,,497.83
IN-2025-104479,12-09-2025,14-09-2025,First Class,CU-1375,Kavya Verma,Home Office,India,Patna,Bihar,East,OFF-ART-126,Office Supplies,Art,Art model 126,256.49,1,0.1,90.48
IN-2024-102954,20-08-2024,24-08-2024,Second Class,CU-1048,Rohit Patel,Corporate,India,Chennai,Tamil Nadu,South,TEC-COP-132,Technology,Copiers,Copiers model 132,246630.0,7,0.0,112616.25
IN-2025-104246,15-07-2025,20-07-2025,Standard Class,CU-1205,Vivaan Sharma,Home Office,India,New Delhi,Delhi,North,OFF-LAB-102,Office Supplies,Labels,Labels model 102,427.18,3,0.1,189.24
IN-2025-103865,02-04-2025,09-04-2025,Standard Class,CU-1299,Karthik Rao,Corporate,India,Amritsar,Punjab,North,OFF-PAP-118,Office Supplies,Paper,Paper model 118,1324.62,5,0.05,623.99
IN-2025-104981,29-12-2025,05-01-2026,Standard Class,CU-1084,Suresh Pillai,Corporate,India,Kolkata,West Bengal,East,TEC-MAC-123,Technology,Machines,Machines model 123,39203.07,2,0.0,5665.24
IN-2024-102570,28-04-2024,30-04-2024,Second Class,CU-1075,Manoj Nair,Consumer,India,Hyderabad,Telangana,South,OFF-PAP-137,Office Supplies,Paper,Paper model 137,995.34,5,0.4,135.9
IN-2025-104146,18-06-2025,18-06-2025,Same Day,CU-1202,Neha Verma,Consumer,India,New Delhi,Delhi,North,TEC-ACC-135,Technology,Accessories,Accessories model 135,838.12,1,0.3,168.29
IN-2023-101485,16-06-2023,22-06-2023,Standard Class,CU-1397,Sneha Patel,Consumer,India,Noida,Uttar Pradesh,North,TEC-COP-133,Technology,Copiers,Copiers model 133,168846.42,5,0.15,45570.66
IN-2022-100128,04-03-2022,10-03-2022,Standard Class,CU-1409,Aditya Joshi,Corporate,India,Kolkata,West Bengal,East,TEC-PHO-108,Technology,Phones,Phones model 108,28698.1,2,0.15,3600.34
IN-2023-101267,05-04-2023,08-04-2023,Second Class,CU-1466,Neha Patel,Consumer,India,Hyderabad,Telangana,South,TEC-ACC-123,Technology,Accessories,Accessories model 123,1116.73,1,0.1,378.86
IN-2025-104922,19-12-2025,25-12-2025,Standard Class,CU-1167,Meera Rao,Home Office,India,Kolkata,West Bengal,East,OFF-ART-130,Office Supplies,Art,Art model 130,717.13,3,0.05,240.84
IN-2024-103188,21-10-2024,27-10-2024,Standard Class,CU-1321,Neha Verma,Corporate,India,Surat,Gujarat,West,TEC-MAC-119,Technology,Machines,Machines model 119,56052.5,3,0.15,2738.36
IN-2025-103881,07-04-2025,11-04-2025,Standard Class,CU-1542,Nisha Joshi,Home Office,India,Jaipur,Rajasthan,West,FUR-CHA-118,Furniture,Chairs,Chairs model 118,4338.45,1,0.15,735.29
IN-2024-102737,14-06-2024,17-06-2024,Second Class,CU-1495,Nisha Singh,Corporate,India,Amritsar,Punjab,North,TEC-MAC-118,Technology,Machines,Machines model 118,85407.46,4,0.15,6347.38
IN-2024-102328,18-02-2024,23-02-2024,Standard Class,CU-1314,Vivaan Verma,Consumer,India,Thiruvananthapuram,Kerala,South,OFF-ART-109,Office Supplies,Art,Art model 109,1084.16,4,0.0,404.46
IN-2023-101871,21-10-2023,23-10-2023,First Class,CU-1358,Ashok Verma,Consumer,India,Jaipur,Rajasthan,West,OFF-LAB-124,Office Supplies,Labels,Labels model 124,818.94,7,0.3,237.27
IN-2023-101285,10-04-2023,16-04-2023,Standard Class,CU-1308,Arjun Patel,Corporate,India,Chennai,Tamil Nadu,South,OFF-PAP-118,Office Supplies,Paper,Paper model 118,1272.38,4,0.0,627.23
IN-2024-102552,22-04-2024,24-04-2024,Second Class,CU-1140,Neha Joshi,Home Office,India,Pune,Maharashtra,West,OFF-LAB-129,Office Supplies,Labels,Labels model 129,829.6,6,0.0,414.03
IN-2024-102223,20-01-2024,25-01-2024,Standard Class,CU-1254,Ashok Patel,Home Office,India,Patna,Bihar,East,FUR-FUR-106,Furniture,Furnishings,Furnishings model 106,3287.66,3,0.3,150.9
IN-2025-103587,23-01-2025,25-01-2025,Second Class,CU-1070,Priya Verma,Consumer,India,Kolkata,West Bengal,East,OFF-PAP-136,Office Supplies,Paper,Paper model 136,1106.44,4,0.0,551.54
IN-2025-104771,15-11-2025,19-11-2025,Second Class,CU-1496,Pooja Menon,Corporate,India,Mumbai,Maharashtra,West,TEC-ACC-119,Technology,Accessories,Accessories model 119,5473.48,5,0.15,1603.6
IN-2024-103347,24-11-2024,30-11-2024,Standard Class,CU-1339,Divya Joshi,Consumer,India,Coimbatore,Tamil Nadu,South,FUR-BOO-121,Furniture,Bookcases,Bookcases model 121,9232.42,2,0.35,-1609.63
IN-2024-103517,31-12-2024,02-01-2025,Second Class,CU-1197,Priya Gupta,Corporate,India,Jaipur,Rajasthan,West,TEC-ACC-108,Technology,Accessories,Accessories model 108,6471.75,6,0.0,2564.37
IN-2022-100787,13-11-2022,19-11-2022,Standard Class,CU-1388,Divya Kumar,Home Office,India,Ludhiana,Punjab,North,OFF-STO-110,Office Supplies,Storage,Storage model 110,4175.72,3,0.2,745.31
IN-2023-101227,25-03-2023,29-03-2023,Standard Class,CU-1192,Ravi Verma,Consumer,India,Kochi,Kerala,South,OFF-BIN-124,Office Supplies,Binders,Binders model 124,1310.14,3,0.05,487.91
IN-2024-102577,29-04-2024,03-05-2024,Second Class,CU-1289,Ananya Joshi,Corporate,India,Jaipur,Rajasthan,West,OFF-STO-128,Office Supplies,Storage,Storage model 128,2639.68,2,0.2,561.31
IN-2022-100110,26-02-2022,01-03-2022,Second Class,CU-1160,Rohit Patel,Home Office,India,New Delhi,Delhi,North,TEC-PHO-115,Technology,Phones,Phones model 115,39842.53,3,0.0,10454.76
IN-2024-102207,16-01-2024,20-01-2024,Standard Class,CU-1457,Isha Joshi,Home Office,India,Salem,Tamil Nadu,South,TEC-MAC-111,Technology,Machines,Machines model 111,"₹38,692.83",2,0.2,794.25
IN-2022-100557,28-08-2022,01-09-2022,Standard Class,CU-1057,Neha Patel,Corporate,India,Madurai,Tamil Nadu,South,OFF-ART-107,Office Supplies,Art,Art model 107,408.19,2,0.15,114.81
IN-2024-102620,10-05-2024,14-05-2024,Standard Class,CU-1300,Lakshmi Shah,Corporate,India,Chennai,Tamil Nadu,South,FUR-TAB-108,Furniture,Tables,Tables model 108,12249.83,2,0.25,-470.18
IN-2023-101119,17-02-2023,20-02-2023,First Class,CU-1166,Karthik Verma,Consumer,India,Ludhiana,Punjab,NORTH ,FUR-TAB-119,Furniture,Tables,Tables model 119,71438.35,8,0.0,5716.56
IN-2023-101102,12-02-2023,16-02-2023,Standard Class,CU-1486,Karthik Reddy,Consumer,India,Kochi,Kerala,South,FUR-TAB-117,Furniture,Tables,Tables model 117,9855.34,1,0.0,712.14
IN-2024-102241,27-01-2024,31-01-2024,Second Class,CU-1189,Aditya Shah,Consumer,India,Mumbai,Maharashtra,West,TEC-PHO-111,Technology,Phones,Phones model 111,28913.45,2,0.0,8453.81
IN-2022-100310,11-05-2022,12-05-2022,First Class,CU-1503,Isha Menon,Consumer,India,Ludhiana,Punjab,North,FUR-TAB-133,Furniture,Tables,Tables model 133,17624.77,2,0.0,1715.26
IN-2023-101161,03-03-2023,04-03-2023,First Class,CU-1067,Swathi Gupta,Consumer,India,Mumbai,Maharashtra,West,TEC-ACC-124,Technology,Accessories,Accessories model 124,2130.69,2,0.0,864.51
IN-2025-104630,20-10-2025,24-10-2025,Second Class,CU-1408,Ravi Sharma,Home Office,India,New Delhi,Delhi,North,OFF-PAP-116,Office Supplies,Paper,Paper model 116,704.65,3,0.15,277.59
IN-2025-103709,24-02-2025,26-02-2025,Second Class,CU-1409,Aditya Joshi,Corporate,India,Jaipur,Rajasthan,West,TEC-ACC-113,Technology,Accessories,Accessories model 113,1838.12,2,0.1,595.48
IN-2025-104705,01-11-2025,05-11-2025,Standard Class,CU-1117,Aarav Shah,Corporate,India,Surat,Gujarat,West,OFF-BIN-110,Office Supplies,Binders,Binders model 110,1950.09,4,0.0,910.69
IN-2022-100713,25-10-2022,30-10-2022,Standard Class,CU-1355,Sneha Nair,Consumer,India,Patna,Bihar,East,OFF-PAP-119,Office Supplies,Paper,Paper model 119,1670.59,6,0.0,760.78
IN-2025-103921,17-04-2025,19-04-2025,First Class,CU-1169,Sneha Sharma,Corporate,India,Kochi,Kerala,South,OFF-LAB-113,Office Supplies,Labels,Labels model 113,565.2,4,0.0,299.27
IN-2025-104105,08-06-2025,15-06-2025,Standard Class,CU-1041,Swathi Menon,Consumer,India,Amritsar,Punjab,North,OFF-BIN-122,Office Supplies,Binders,Binders model 122,1084.6,4,0.3,218.11
IN-2025-104650,23-10-2025,25-10-2025,Second Class,CU-1310,Aarav Sharma,Consumer,India,Mumbai,Maharashtra,West,OFF-LAB-130,Office Supplies,Labels,Labels model 130,951.23,8,0.15,403.09
IN-2023-101221,23-03-2023,30-03-2023,Standard Class,CU-1084,SURESH PILLAI,Corporate,India,Chennai,Tamil Nadu,South,OFF-STO-104,Office Supplies,Storage,Storage model 104,3880.9,3,0.2,757.87
IN-2024-103354,25-11-2024,02-12-2024,Standard Class,CU-1048,Rohit Patel,Corporate,India,Bhubaneswar,Odisha,East,OFF-LAB-104,Office Supplies,Labels,Labels model 104,243.45,2,0.15,95.34
IN-2022-100573,05-09-2022,08-09-2022,Second Class,CU-1578,Suresh Gupta,Consumer,India,Chennai,Tamil Nadu,South,FUR-FUR-105,Furniture,Furnishings,Furnishings model 105,4886.98,3,0.05,1261.45
IN-2025-104028,17-05-2025,20-05-2025,First Class,CU-1237,Arjun Sharma,Consumer,India,Coimbatore,Tamil Nadu,South,OFF-PAP-138,Office Supplies,Paper,Paper model 138,229.46,1,0.3,53.42
IN-2023-101472,12-06-2023,13-06-2023,First Class,CU-1576,Ashok Iyer,Home Office,India,Hyderabad,Telangana,South,OFF-BIN-115,Office Supplies,Binders,Binders model 115,1501.62,3,0.0,604.71
IN-2022-100365,01-06-2022,05-06-2022,Standard Class,CU-1300,Lakshmi Shah,Corporate,India,Lucknow,Uttar Pradesh,North,TEC-ACC-105,Technology,Accessories,Accessories model 105,1849.8,2,0.2,445.97
IN-2025-104542,03-10-2025,07-10-2025,Standard Class,CU-1174,Nisha Shah,Consumer,India,Amritsar,Punjab,North,TEC-MAC-129,Technology,Machines,Machines model 129,46234.88,3,0.3,-3404.54
IN-2025-104555,06-10-2025,10-10-2025,Second Class,CU-1304,Priya Joshi,Consumer,India,Lucknow,Uttar Pradesh,North,TEC-ACC-126,Technology,Accessories,Accessories model 126,2550.85,2,0.05,867.67
IN-2022-100517,10-08-2022,14-08-2022,Standard Class,CU-1519,Ananya Singh,Consumer,India,Bhubaneswar,Odisha,East,FUR-TAB-111,Furniture,Tables,Tables model 111,7863.21,1,0.05,604.25
IN-2023-101588,23-07-2023,26-07-2023,Second Class,CU-1376,Kavya Reddy,Consumer,India,Thiruvananthapuram,Kerala,South,FUR-CHA-109,Furniture,Chairs,Chairs model 109,28885.62,6,0.05,3866.06
IN-2025-104438,01-09-2025,03-09-2025,Second Class,CU-1579,Divya Kumar,Consumer,India,Kolkata,West Bengal,East,OFF-STO-133,Office Supplies,Storage,Storage model 133,3451.47,2,0.05,1030.85
IN-2023-102016,28-11-2023,30-11-2023,First Class,CU-1328,ANANYA PILLAI,Consumer,India,Kolkata,West Bengal,East,FUR-CHA-134,Furniture,Chairs,Chairs model 134,6960.94,2,0.1,1306.76
IN-2024-102807,09-07-2024,13-07-2024,Standard Class,CU-1096,Aarav Shah,Consumer,India,Amritsar,Punjab,North,OFF-BIN-126,Office Supplies,Binders,Binders model 126,1292.84,3,0.0,567.78
IN-2025-104554,05-10-2025,07-10-2025,Second Class,CU-1514,Ravi Shah,Consumer,India,Amritsar,Punjab,North,OFF-LAB-109,Office Supplies,Labels,Labels model 109,165.11,1,0.0,87.53
IN-2023-101663,20-08-2023,25-08-2023,Standard Class,CU-1214,Swathi Reddy,Home Office,India,Chennai,Tamil Nadu,South,FUR-CHA-108,Furniture,Chairs,Chairs model 108,12768.63,4,0.25,717.46
IN-2024-102188,12-01-2024,15-01-2024,First Class,CU-1390,Deepak Verma,Home Office,India,Bengaluru,Karnataka,South,OFF-LAB-110,Office Supplies,Labels,Labels model 110,310.48,2,0.05,148.39
IN-2025-103940,24-04-2025,28-04-2025,Standard Class,CU-1127,Ashok Nair,Consumer,India,New Delhi,Delhi,North,FUR-BOO-109,Furniture,Bookcases,Bookcases model 109,41705.09,8,0.25,-3173.32
IN-2024-103315,19-11-2024,23-11-2024,Second Class,CU-1226,Aarav Kumar,Home Office,India,Noida,Uttar Pradesh,North,OFF-STO-139,Office Supplies,Storage,Storage model 139,3178.28,2,0.0,1020.34
IN-2024-102834,15-07-2024,17-07-2024,Second Class,CU-1450,Swathi Iyer,Corporate,India,Ludhiana,Punjab,North,FUR-BOO-111,Furniture,Bookcases,Bookcases model 111,4924.1,1,0.3,-209.93
IN-2022-100675,15-10-2022,15-10-2022,Same Day,CU-1417,Kavya Singh,Corporate,India,Kolkata,West Bengal,East,FUR-FUR-133,Furniture,Furnishings,Furnishings model 133,3783.24,3,0.25,361.31
IN-2022-100820,20-11-2022,21-11-2022,First Class,CU-1421,Nisha Kumar,Corporate,India,Ludhiana,Punjab,North,TEC-MAC-105,Technology,Machines,Machines model 105,40216.94,2,0.2,1583.52
IN-2025-103872,04-04-2025,09-04-2025,Standard Class,CU-1525,Nisha Pillai,Consumer,India,Hyderabad,Telangana,South,TEC-MAC-104,Technology,Machines,Machines model 104,97495.88,5,0.05,11893.44
IN-2022-100432,04-07-2022,07-07-2022,Second Class,CU-1194,Aarav Rao,Home Office,India,Coimbatore,Tamil Nadu,South,TEC-PHO-104,Technology,Phones,Phones model 104,47738.19,4,0.1,9669.52
IN-2025-104819,25-11-2025,30-11-2025,Standard Class,CU-1265,Priya Verma,Consumer,India,Ludhiana,Punjab,North,OFF-LAB-119,Office Supplies,Labels,Labels model 119,196.04,2,0.3,48.43
IN-2024-102730,12-06-2024,17-06-2024,Standard Class,CU-1309,Swathi Verma,Consumer,India,Nagpur,Maharashtra,West,TEC-MAC-109,Technology,Machines,Machines model 109,45801.75,2,0.0,6472.7
IN-2025-104333,06-08-2025,13-08-2025,Standard Class,CU-1140,Neha Joshi,Home Office,India,Jaipur,Rajasthan,West,OFF-STO-135,Office Supplies,Storage,Storage model 135,1905.01,1,0.0,564.73
IN-2022-100314,12-05-2022,19-05-2022,Standard Class,CU-1326,Neha Nair,Home Office,India,Ahmedabad,Gujarat,West,OFF-LAB-126,Office Supplies,Labels,Labels model 126,192.98,2,0.3,50.51
IN-2025-104408,26-08-2025,01-09-2025,Standard Class,CU-1114,Divya Kumar,Corporate,India,Thiruvananthapuram,Kerala,South,OFF-BIN-117,Office Supplies,Binders,Binders model 117,1434.71,3,0.0,603.45
IN-2024-102989,02-09-2024,06-09-2024,Standard Class,CU-1065,Pooja Sharma,Corporate,India,Noida,Uttar Pradesh,North,OFF-STO-131,Office Supplies,Storage,Storage model 131,2259.45,2,0.4,-92.89
IN-2022-100827,21-11-2022,28-11-2022,Standard Class,CU-1550,Suresh Pillai,Consumer,India,Patna,Bihar,East,TEC-MAC-129,Technology,Machines,Machines model 129,19426.54,1,0.05,2533.06
IN-2025-103746,10-03-2025,15-03-2025,Standard Class,CU-1275,Rahul Verma,Consumer,India,Ahmedabad,Gujarat,West,OFF-ART-110,Office Supplies,Art,Art model 110,274.82,1,0.0,107.31
IN-2022-100061,29-01-2022,02-02-2022,Second Class,CU-1324,Priya Kumar,Consumer,India,Hyderabad,Telangana,South,OFF-BIN-139,Office Supplies,Binders,Binders model 139,784.73,2,0.0,380.64
IN-2022-100683,17-10-2022,19-10-2022,Second Class,CU-1078,Suresh Sharma,Corporate,India,Ahmedabad,Gujarat,West,OFF-ART-121,Office Supplies,Art,Art model 121,459.65,2,0.05,183.39
IN-2024-102782,02-07-2024,07-07-2024,Standard Class,CU-1218,Priya Kumar,Consumer,India,New Delhi,Delhi,NORTH ,FUR-FUR-120,Furniture,Furnishings,Furnishings model 120,4122.4,3,0.05,1291.99
IN-2025-104773,16-11-2025,21-11-2025,Standard Class,CU-1224,Kavya Shah,Corporate,India,Bhubaneswar,Odisha,East,TEC-MAC-124,Technology,Machines,Machines model 124,54352.35,3,0.05,7531.79
IN-2024-102325,16-02-2024,18-02-2024,Second Class,CU-1342,Kavya Kumar,Consumer,India,Noida,Uttar Pradesh,North,FUR-CHA-123,Furniture,Chairs,Chairs model 123,8187.25,2,0.1,1287.52
IN-2024-103485,24-12-2024,28-12-2024,Second Class,CU-1058,Kavya Iyer,,India,Thiruvananthapuram,Kerala,South,FUR-TAB-127,Furniture,Tables,Tables model 127,19528.04,3,0.15,-59.8
IN-2022-100300,06-05-2022,08-05-2022,First Class,CU-1009,Aditya Gupta,Consumer,India,New Delhi,Delhi,North,OFF-STO-124,Office Supplies,Storage,Storage model 124,5526.47,3,0.05,1442.32
IN-2024-102769,25-06-2024,27-06-2024,Second Class,CU-1492,Rahul Verma,Consumer,India,Mumbai,Maharashtra,West,FUR-CHA-114,Furniture,Chairs,Chairs model 114,4060.44,1,0.15,545.85
IN-2023-101153,28-02-2023,03-03-2023,Second Class,CU-1186,Rahul Verma,Consumer,India,Bengaluru,Karnataka,South,FUR-FUR-111,Furniture,Furnishings,Furnishings model 111,2632.33,2,0.15,542.95
IN-2022-100890,09-12-2022,15-12-2022,Standard Class,CU-1481,Ravi Gupta,Consumer,India,Surat,Gujarat,West,TEC-COP-128,Technology,Copiers,Copiers model 128,85422.23,3,0.1,23747.41
IN-2023-102057,09-12-2023,14-12-2023,Standard Class,CU-1417,Kavya Singh,Corporate,India,Pune,Maharashtra,West,TEC-MAC-137,Technology,Machines,Machines model 137,117399.88,6,0.0,16205.33
IN-2023-101336,25-04-2023,28-04-2023,Second Class,CU-1038,Rahul Kumar,Consumer,India,Mumbai,Maharashtra,West,OFF-STO-113,Office Supplies,Storage,Storage model 113,2780.85,2,0.1,717.42
IN-2022-100645,07-10-2022,14-10-2022,Standard Class,CU-1545,Aditya Das,Consumer,India,Nagpur,Maharashtra,West,TEC-COP-126,Technology,Copiers,Copiers model 126,130337.35,4,0.05,48048.89
IN-2024-102322,16-02-2024,16-02-2024,Same Day,CU-1361,Isha Das,Consumer,India,Mumbai,Maharashtra,West,FUR-FUR-104,Furniture,Furnishings,Furnishings model 104,1508.43,1,0.1,285.44
IN-2022-100527,15-08-2022,15-08-2022,Same Day,CU-1234,Ashok Menon,Home Office,India,Nagpur,Maharashtra,West,OFF-BIN-116,Office Supplies,Binders,Binders model 116,388.68,1,0.15,146.64
IN-2024-102950,18-08-2024,25-08-2024,Standard Class,CU-1158,Divya Singh,Consumer,India,Surat,Gujarat,West,OFF-ART-138,Office Supplies,Art,Art model 138,218.69,1,0.05,90.25
IN-2024-102733,13-06-2024,13-06-2024,Same Day,CU-1020,Vikram Reddy,Corporate,India,New Delhi,Delhi,North,OFF-BIN-112,Office Supplies,Binders,Binders model 112,907.56,2,0.05,410.9
IN-2025-104004,12-05-2025,16-05-2025,Standard Class,CU-1600,Nisha Patel,Corporate,India,Mumbai,Maharashtra,West,FUR-CHA-133,Furniture,Chairs,Chairs model 133,9105.97,2,0.1,1526.46
IN-2022-100055,28-01-2022,03-02-2022,Standard Class,CU-1063,Isha Kumar,Consumer,India,Jaipur,Rajasthan,West,TEC-COP-125,Technology,Copiers,Copiers model 125,36497.05,1,0.0,13979.89
IN-2025-104795,21-11-2025,28-11-2025,Standard Class,CU-1526,Deepak Rao,Consumer,India,Jaipur,Rajasthan,West,FUR-CHA-102,Furniture,Chairs,Chairs model 102,4825.19,2,0.45,-1137.21
IN-2022-100050,25-01-2022,28-01-2022,Second Class,CU-1425,Priya Iyer,Home Office,India,Ludhiana,Punjab,North,OFF-STO-129,Office Supplies,Storage,Storage model 129,10407.8,7,0.15,2379.27
IN-2022-100767,09-11-2022,13-11-2022,Second Class,CU-1414,Vivaan Gupta,Consumer,India,Hyderabad,Telangana,South,FUR-FUR-135,Furniture,Furnishings,Furnishings model 135,4165.95,3,0.05,1174.81
IN-2024-103037,17-09-2024,23-09-2024,Standard Class,CU-1068,Sneha Gupta,Consumer,India,Hyderabad,Telangana,South,OFF-LAB-138,Office Supplies,Labels,Labels model 138,325.8,2,0.05,160.76
IN-2024-102157,03-01-2024,06-01-2024,First Class,CU-1036,Swathi Reddy,Consumer,India,Ahmedabad,Gujarat,West,FUR-TAB-120,Furniture,Tables,Tables model 120,14896.66,2,0.25,-1140.72
IN-2025-103594,24-01-2025,27-01-2025,Second Class,CU-1099,Ravi Gupta,Home Office,India,Mysuru,Karnataka,South,FUR-CHA-100,Furniture,Chairs,Chairs model 100,4149.33,1,0.15,599.01
IN-2025-103623,01-02-2025,08-02-2025,Standard Class,CU-1064,Karthik Patel,Consumer,India,Bhubaneswar,Odisha,East,TEC-COP-105,Technology,Copiers,Copiers model 105,44793.2,2,0.35,3118.32
IN-2023-102071,12-12-2023,16-12-2023,Standard Class,CU-1186,Rahul Verma,Consumer,India,New Delhi,Delhi,North,FUR-BOO-137,Furniture,Bookcases,Bookcases model 137,18423.47,4,0.4,-3734.69
IN-2025-104449,04-09-2025,05-09-2025,First Class,CU-1235,Arjun Iyer,Consumer,India,Noida,Uttar Pradesh,North,FUR-BOO-106,Furniture,Bookcases,Bookcases model 106,5812.41,1,0.2,335.36
IN-2022-100377,04-06-2022,10-06-2022,Standard Class,CU-1053,Ashok Verma,Corporate,India,Jaipur,Rajasthan,West,OFF-LAB-133,Office Supplies,Labels,Labels model 133,465.47,4,0.3,107.69
IN-2022-100737,01-11-2022,06-11-2022,Standard Class,CU-1296,Sneha Joshi,Consumer,India,New Delhi,Delhi,North,OFF-STO-131,Office Supplies,Storage,Storage model 131,6955.46,4,0.15,1347.25
IN-2022-100595,16-09-2022,21-09-2022,Standard Class,CU-1354,Ashok Verma,Corporate,India,Ludhiana,Punjab,North,FUR-TAB-131,Furniture,Tables,Tables model 131,28592.26,4,0.15,-902.44
IN-2022-100349,27-05-2022,01-06-2022,Standard Class,CU-1375,Kavya Verma,Home Office,India,Surat,Gujarat,West,FUR-TAB-108,Furniture,Tables,Tables model 108,6500.76,1,0.2,-166.88
IN-2024-102254,29-01-2024,29-01-2024,Same Day,CU-1537,Ravi Nair,Home Office,India,Bhubaneswar,Odisha,East,OFF-STO-115,Office Supplies,Storage,Storage model 115,1888.28,1,0.05,552.71
IN-2025-104190,28-06-2025,02-07-2025,Second Class,CU-1040,Arjun Gupta,Corporate,India,Pune,Maharashtra,West,TEC-COP-127,Technology,Copiers,Copiers model 127,34359.01,1,0.1,11402.19
IN-2024-102856,20-07-2024,25-07-2024,Standard Class,CU-1252,Arjun Joshi,Consumer,India,Jaipur,Rajasthan,West,TEC-ACC-116,Technology,Accessories,Accessories model 116,861.67,1,0.3,98.14
IN-2023-101249,31-03-2023,03-04-2023,First Class,CU-1058,Kavya Iyer,Home Office,India,Bhubaneswar,Odisha,East,OFF-PAP-104,Office Supplies,Paper,Paper model 104,2013.92,8,0.05,963.87
IN-2025-104858,04-12-2025,09-12-2025,Standard Class,CU-1576,Ashok Iyer,Home Office,India,Patna,Bihar,East,OFF-STO-128,Office Supplies,Storage,Storage model 128,5315.12,5,0.35,199.21
IN-2025-104932,20-12-2025,27-12-2025,Standard Class,CU-1501,Manoj Kumar,Consumer,India,Mysuru,Karnataka,South,FUR-FUR-136,Furniture,Furnishings,Furnishings model 136,2776.17,2,0.05,752.44
IN-2025-104512,22-09-2025,23-09-2025,First Class,CU-1336,Kavya Iyer,Corporate,India,Patna,Bihar,East,TEC-PHO-105,Technology,Phones,Phones model 105,18527.36,2,0.35,-729.65
IN-2025-104326,05-08-2025,12-08-2025,Standard Class,CU-1305,Divya Rao,Consumer,India,Coimbatore,Tamil Nadu,South,TEC-COP-108,Technology,Copiers,Copiers model 108,29651.37,1,0.1,10349.68
IN-2023-101300,14-04-2023,19-04-2023,Standard Class,CU-1460,Nisha Patel,Corporate,India,Ludhiana,Punjab,North,TEC-ACC-127,Technology,Accessories,Accessories model 127,4291.94,4,0.2,917.21
IN-2025-104035,18-05-2025,20-05-2025,Second Class,CU-1356,Nisha Shah,Corporate,India,Mysuru,Karnataka,South,TEC-COP-100,Technology,Copiers,Copiers model 100,62232.78,2,0.0,21240.9
IN-2025-104096,06-06-2025,11-06-2025,Standard Class,CU-1084,Suresh Pillai,Corporate,India,Amritsar,Punjab,North,OFF-STO-123,Office Supplies,Storage,Storage model 123,7932.91,6,0.2,1118.48
IN-2025-104232,11-07-2025,15-07-2025,Standard Class,CU-1324,Priya Kumar,Consumer,India,Kochi,Kerala,south,FUR-CHA-114,Furniture,Chairs,Chairs model 114,18222.87,4,0.0,3900.45
IN-2022-100936,21-12-2022,26-12-2022,Standard Class,CU-1181,Arjun Joshi,Consumer,India,Madurai,Tamil Nadu,South,OFF-BIN-135,Office Supplies,Binders,Binders model 135,792.65,2,0.05,309.54
IN-2023-101715,04-09-2023,11-09-2023,Standard Class,CU-1554,Sneha Sharma,Consumer,India,Surat,Gujarat,West,OFF-BIN-137,Office Supplies,Binders,Binders model 137,3190.74,7,0.1,1152.98
IN-2024-102305,12-02-2024,12-02-2024,Same Day,CU-1371,Arjun Kumar,Consumer,India,Amritsar,Punjab,North,OFF-STO-135,Office Supplies,Storage,Storage model 135,3881.64,2,0.05,1022.71
IN-2025-104624,19-10-2025,21-10-2025,First Class,CU-1240,Ananya Menon,Consumer,India,Bhubaneswar,Odisha,East,TEC-ACC-120,Technology,Accessories,Accessories model 120,3037.45,3,0.1,909.26
IN-2024-103148,12-10-2024,15-10-2024,First Class,CU-1431,Aditya Verma,Corporate,India,Surat,Gujarat,West,TEC-COP-139,Technology,Copiers,Copiers model 139,249967.46,7,0.0,101969.08
IN-2025-104690,29-10-2025,31-10-2025,First Class,CU-1268,VIKRAM KUMAR,Consumer,India,Chennai,Tamil Nadu,South,OFF-STO-126,Office Supplies,Storage,Storage model 126,4531.36,3,0.25,672.27
IN-2024-103053,21-09-2024,24-09-2024,First Class,CU-1500,Kavya Shah,Consumer,India,Surat,Gujarat,West,FUR-BOO-119,Furniture,Bookcases,Bookcases model 119,3730.98,1,0.5,-1444.61
IN-2024-102447,23-03-2024,27-03-2024,Standard Class,CU-1218,Priya Kumar,Consumer,India,Jaipur,Rajasthan,West,TEC-MAC-115,Technology,Machines,Machines model 115,67609.08,3,0.0,10440.22
IN-2022-100708,23-10-2022,28-10-2022,Standard Class,CU-1376,Kavya Reddy,Consumer,India,Kochi,Kerala,South,FUR-FUR-126,Furniture,Furnishings,Furnishings model 126,995.94,1,0.4,-17.93
IN-2025-104435,31-08-2025,07-09-2025,Standard Class,CU-1020,Vikram Reddy,Corporate,India,Jaipur,Rajasthan,West,OFF-ART-115,Office Supplies,Art,Art model 115,284.44,1,0.0,124.4
IN-2022-100654,09-10-2022,09-10-2022,Same Day,CU-1410,Karthik Menon,Consumer,India,Patna,Bihar,East,TEC-MAC-136,Technology,Machines,Machines model 136,111301.09,6,0.05,14054.7
IN-2024-103004,08-09-2024,12-09-2024,Standard Class,CU-1152,Rahul Gupta,,India,Noida,Uttar Pradesh,North,OFF-ART-131,Office Supplies,Art,Art model 131,932.55,4,0.0,405.2
IN-2025-104314,01-08-2025,07-08-2025,Standard Class,CU-1086,Sneha Patel,Consumer,India,New Delhi,Delhi,North,OFF-ART-132,Office Supplies,Art,Art model 132,290.01,2,0.4,8.1
IN-2022-100418,25-06-2022,28-06-2022,Second Class,CU-1213,Rahul Menon,Corporate,India,Kolkata,West Bengal,East,FUR-TAB-137,Furniture,Tables,Tables model 137,8546.01,1,0.1,482.93
IN-2024-102858,21-07-2024,24-07-2024,First Class,CU-1526,Deepak Rao,Consumer,India,Chennai,Tamil Nadu,South,TEC-PHO-100,Technology,Phones,Phones model 100,13875.04,1,0.0,4041.27
IN-2023-101040,18-01-2023,20-01-2023,Second Class,CU-1016,Nisha Verma,Home Office,India,Salem,Tamil Nadu,South,TEC-ACC-120,Technology,Accessories,Accessories model 120,2569.53,2,0.0,1048.86
IN-2022-100131,06-03-2022,10-03-2022,Second Class,CU-1255,Ravi Das,Consumer,India,Ahmedabad,Gujarat,West,OFF-STO-132,Office Supplies,Storage,Storage model 132,5232.27,4,0.15,975.73
IN-2022-100848,27-11-2022,01-12-2022,Second Class,CU-1283,Kavya Menon,Corporate,India,Mumbai,Maharashtra,West,TEC-ACC-118,Technology,Accessories,Accessories model 118,4372.58,6,0.3,487.75
IN-2023-101150,27-02-2023,03-03-2023,Standard Class,CU-1440,Vikram Menon,Corporate,India,New Delhi,Delhi,North,FUR-CHA-135,Furniture,Chairs,Chairs model 135,7001.73,2,0.15,814.33
IN-2025-103912,15-04-2025,20-04-2025,Standard Class,CU-1205,Vivaan Sharma,Home Office,India,Salem,Tamil Nadu,South,TEC-MAC-123,Technology,Machines,Machines model 123,67722.86,3,0.05,7964.74
IN-2024-102993,03-09-2024,06-09-2024,Second Class,CU-1283,Kavya Menon,Corporate,India,Jaipur,Rajasthan,West,OFF-PAP-123,Office Supplies,Paper,Paper model 123,1758.92,7,0.05,776.35
IN-2025-104121,12-06-2025,16-06-2025,Second Class,CU-1498,Rohit Joshi,Consumer,India,Ahmedabad,Gujarat,West,OFF-ART-100,Office Supplies,Art,Art model 100,1451.81,7,0.05,489.12
IN-2024-102632,13-05-2024,15-05-2024,First Class,CU-1464,Priya Iyer,Home Office,India,Kochi,Kerala,South,FUR-BOO-103,Furniture,Bookcases,Bookcases model 103,10446.45,2,0.15,964.89
IN-2024-102391,08-03-2024,11-03-2024,First Class,CU-1326,Neha Nair,Home Office,India,Amritsar,Punjab,North,OFF-ART-108,Office Supplies,Art,Art model 108,482.39,2,0.15,151.36
IN-2023-101890,26-10-2023,01-11-2023,Standard Class,CU-1515,Neha Verma,Consumer,India,Patna,Bihar,East,TEC-MAC-125,Technology,Machines,Machines model 125,49158.94,2,0.0,9732.64
IN-2023-101528,29-06-2023,04-07-2023,Standard Class,CU-1351,Manoj Reddy,Consumer,India,Bhubaneswar,Odisha,East,OFF-BIN-101,Office Supplies,Binders,Binders model 101,2555.79,6,0.15,757.0
IN-2025-103869,03-04-2025,09-04-2025,Standard Class,CU-1252,Arjun Joshi,Consumer,India,Bhubaneswar,Odisha,East,OFF-LAB-128,Office Supplies,Labels,Labels model 128,163.06,1,0.05,78.59
IN-2024-102204,16-01-2024,20-01-2024,Second Class,CU-1284,Isha Verma,Consumer,India,Bhubaneswar,Odisha,East,OFF-ART-123,Office Supplies,Art,Art model 123,1251.22,6,0.1,438.6
IN-2025-104390,22-08-2025,26-08-2025,Standard Class,CU-1191,Karthik Gupta,Home Office,India,Bhubaneswar,Odisha,East,OFF-STO-111,Office Supplies,Storage,Storage model 111,6296.23,4,0.0,1908.41
IN-2023-101023,12-01-2023,16-01-2023,Standard Class,CU-1213,Rahul Menon,Corporate,India,Salem,Tamil Nadu,South,OFF-PAP-121,Office Supplies,Paper,Paper model 121,1098.72,4,0.05,502.21
IN-2022-100873,04-12-2022,08-12-2022,Standard Class,CU-1191,Karthik Gupta,Home Office,India,Ahmedabad,Gujarat,West,TEC-PHO-138,Technology,Phones,Phones model 138,79501.68,6,0.15,10398.7
IN-2023-101567,15-07-2023,22-07-2023,Standard Class,CU-1274,Manoj Singh,Consumer,India,Ahmedabad,Gujarat,West,TEC-ACC-111,Technology,Accessories,Accessories model 111,938.95,1,0.2,241.32
IN-2022-100226,08-04-2022,10-04-2022,Second Class,CU-1152,Rahul Gupta,Consumer,India,Amritsar,Punjab,North,FUR-BOO-112,Furniture,Bookcases,Bookcases model 112,32562.23,6,0.15,2078.09
IN-2025-103779,16-03-2025,18-03-2025,Second Class,CU-1557,Ananya Menon,Home Office,India,Salem,Tamil Nadu,South,OFF-LAB-136,Office Supplies,Labels,Labels model 136,128.78,1,0.2,45.95
IN-2024-102929,11-08-2024,12-08-2024,First Class,CU-1204,Lakshmi Patel,Home Office,India,Bengaluru,Karnataka,South,OFF-PAP-127,Office Supplies,Paper,Paper model 127,982.94,3,0.0,465.36
IN-2025-104709,02-11-2025,07-11-2025,Standard Class,CU-1590,Ananya Reddy,Consumer,India,Kochi,Kerala,South,TEC-PHO-120,Technology,Phones,Phones model 120,15428.92,1,0.0,3820.56
IN-2023-101789,01-10-2023,03-10-2023,First Class,CU-1089,Suresh Nair,Home Office,India,Patna,Bihar,East,OFF-PAP-130,Office Supplies,Paper,Paper model 130,863.92,4,0.2,275.55
IN-2022-100948,23-12-2022,30-12-2022,Standard Class,CU-1205,Vivaan Sharma,Home Office,India,Chennai,Tamil Nadu,South,FUR-CHA-128,Furniture,Chairs,Chairs model 128,5441.57,2,0.45,-1196.63
IN-2025-104541,03-10-2025,05-10-2025,First Class,CU-1241,Arjun Nair,Consumer,India,Mumbai,Maharashtra,West,OFF-PAP-133,Office Supplies,Paper,Paper model 133,1325.4,5,0.1,605.18
IN-2025-103702,21-02-2025,26-02-2025,Standard Class,CU-1594,Vivaan Singh,Home Office,India,Pune,Maharashtra,West,OFF-PAP-125,Office Supplies,Paper,Paper model 125,980.49,3,0.0,456.8
IN-2024-103136,11-10-2024,11-10-2024,Same Day,CU-1018,Vivaan Das,Consumer,India,Hyderabad,Telangana,South,FUR-CHA-119,Furniture,Chairs,Chairs model 119,22157.3,6,0.2,1850.22
IN-2023-101909,31-10-2023,07-11-2023,Standard Class,CU-1381,Manoj Rao,Consumer,India,Jaipur,Rajasthan,West,FUR-TAB-130,Furniture,Tables,Tables model 130,49756.06,6,0.15,-2296.87
IN-2022-100068,02-02-2022,09-02-2022,Standard Class,CU-1534,Divya Singh,Corporate,India,Chennai,Tamil Nadu,South,FUR-BOO-131,Furniture,Bookcases,Bookcases model 131,14345.2,3,0.25,-721.19
IN-2023-101698,31-08-2023,06-09-2023,Standard Class,CU-1022,Sneha Rao,Consumer,India,Bengaluru,Karnataka,South,OFF-STO-121,Office Supplies,Storage,Storage model 121,3794.49,2,0.0,1074.14
IN-2022-100722,28-10-2022,03-11-2022,Standard Class,CU-1340,Vikram Iyer,Consumer,India,Hyderabad,Telangana,South,OFF-PAP-119,Office Supplies,Paper,Paper model 119,472.92,2,0.15,186.01
IN-2025-104242,13-07-2025,17-07-2025,Second Class,CU-1035,Sneha Kumar,Consumer,India,Thiruvananthapuram,Kerala,South,OFF-ART-102,Office Supplies,Art,Art model 102,348.39,2,0.3,42.57
IN-2024-103093,03-10-2024,08-10-2024,Standard Class,CU-1446,Vivaan Singh,Home Office,India,Patna,Bihar,East,FUR-TAB-111,Furniture,Tables,Tables model 111,7265.94,1,0.1,246.93
IN-2024-102572,28-04-2024,29-04-2024,First Class,CU-1113,Kavya Patel,Home Office,India,Noida,Uttar Pradesh,North,TEC-ACC-128,Technology,Accessories,Accessories model 128,3627.47,3,0.0,1403.41
IN-2025-104999,31-12-2025,05-01-2026,Standard Class,CU-1418,Kavya Rao,Corporate,India,Jaipur,Rajasthan,West,TEC-PHO-138,Technology,Phones,Phones model 138,11526.27,1,0.3,432.6
IN-2022-100172,22-03-2022,27-03-2022,Standard Class,CU-1014,Ravi Das,Consumer,India,Patna,Bihar,East,TEC-MAC-127,Technology,Machines,Machines model 127,79168.99,4,0.05,11437.42
IN-2025-103677,15-02-2025,17-02-2025,Second Class,CU-1277,Suresh Iyer,Home Office,India,Kolkata,West Bengal,East,OFF-STO-136,Office Supplies,Storage,Storage model 136,7376.57,5,0.05,1896.76
IN-2023-101896,28-10-2023,28-10-2023,Same Day,CU-1234,Ashok Menon,,India,Jaipur,Rajasthan,West,TEC-COP-124,Technology,Copiers,Copiers model 124,235092.04,7,,92624.86
IN-2022-100056,28-01-2022,30-01-2022,First Class,CU-1035,Sneha Kumar,Consumer,India,Mumbai,Maharashtra,West,OFF-ART-101,Office Supplies,Art,Art model 101,629.24,3,0.05,212.57
IN-2025-104235,12-07-2025,18-07-2025,Standard Class,CU-1037,Swathi Pillai,Consumer,India,Kochi,Kerala,South,FUR-CHA-137,Furniture,Chairs,Chairs model 137,18959.25,5,0.05,3839.07
IN-2024-102857,20-07-2024,24-07-2024,Second Class,CU-1066,Isha Iyer,Home Office,India,New Delhi,Delhi,North,OFF-PAP-110,Office Supplies,Paper,Paper model 110,183.85,1,0.3,45.1
IN-2022-100450,12-07-2022,16-07-2022,Second Class,CU-1575,Karthik Das,Home Office,India,Bengaluru,Karnataka,South,OFF-LAB-128,Office Supplies,Labels,Labels model 128,330.9,2,0.0,175.02
IN-2023-101998,24-11-2023,30-11-2023,Standard Class,CU-1311,Divya Verma,Consumer,India,Bengaluru,Karnataka,South,FUR-TAB-108,Furniture,Tables,Tables model 108,21639.88,4,0.3,-2550.23
IN-2024-102595,03-05-2024,07-05-2024,Standard Class,CU-1103,Nisha Kumar,Consumer,India,Jaipur,Rajasthan,West,FUR-CHA-122,Furniture,Chairs,Chairs model 122,9321.5,2,0.05,2162.73
IN-2024-103398,05-12-2024,12-12-2024,Standard Class,CU-1215,Ashok Kumar,Corporate,India,Kochi,Kerala,South,FUR-TAB-139,Furniture,Tables,Tables model 139,37326.1,5,0.2,-908.32
IN-2023-100989,01-01-2023,07-01-2023,Standard Class,CU-1180,Divya Das,Corporate,India,Kochi,Kerala,South,OFF-BIN-123,Office Supplies,Binders,Binders model 123,255.66,1,0.35,28.18
IN-2022-100970,29-12-2022,02-01-2023,Standard Class,CU-1423,Nisha Sharma,Home Office,India,Mysuru,Karnataka,South,OFF-STO-126,Office Supplies,Storage,Storage model 126,1740.98,1,0.05,498.15
IN-2022-100137,10-03-2022,17-03-2022,Standard Class,CU-1101,Swathi Verma,Home Office,India,Noida,Uttar Pradesh,North,TEC-ACC-101,Technology,Accessories,Accessories model 101,2120.2,2,0.1,846.27
IN-2023-101897,28-10-2023,01-11-2023,Standard Class,CU-1146,Aditya Pillai,Consumer,India,Kolkata,West Bengal,East,TEC-ACC-130,Technology,Accessories,Accessories model 130,965.86,1,0.1,332.07
IN-2022-100175,23-03-2022,23-03-2022,Same Day,CU-1370,Divya Singh,Consumer,India,Kolkata,West Bengal,East,TEC-MAC-112,Technology,Machines,Machines model 112,42632.51,3,0.3,-1884.73
IN-2024-102303,12-02-2024,19-02-2024,Standard Class,CU-1321,Neha Verma,Corporate,India,Patna,Bihar,East,OFF-STO-100,Office Supplies,Storage,Storage model 100,3445.46,3,0.3,217.6
IN-2024-103206,25-10-2024,30-10-2024,Standard Class,CU-1403,Rohit Sharma,Consumer,India,New Delhi,Delhi,North,FUR-BOO-132,Furniture,Bookcases,Bookcases model 132,7257.84,1,0.05,909.59
IN-2025-104815,24-11-2025,30-11-2025,Standard Class,CU-1233,Ananya Gupta,Corporate,India,Ahmedabad,Gujarat,West,FUR-CHA-117,Furniture,Chairs,Chairs model 117,5099.7,1,0.0,905.07
IN-2022-100445,10-07-2022,10-07-2022,Same Day,CU-1473,Vivaan Nair,Consumer,India,Pune,Maharashtra,West,OFF-PAP-120,Office Supplies,Paper,Paper model 120,274.83,1,0.15,92.97
IN-2023-101828,10-10-2023,11-10-2023,First Class,CU-1566,Aarav Shah,Consumer,India,Bengaluru,Karnataka,South,OFF-STO-120,Office Supplies,Storage,Storage model 120,1351.41,1,0.3,135.72
IN-2024-102886,30-07-2024,05-08-2024,Standard Class,CU-1004,Neha Verma,Corporate,India,Bhubaneswar,Odisha,East,FUR-FUR-137,Furniture,Furnishings,Furnishings model 137,2374.48,2,0.1,718.77
IN-2023-101582,19-07-2023,25-07-2023,Standard Class,CU-1326,Neha Nair,Home Office,India,Jaipur,Rajasthan,West,TEC-PHO-132,Technology,Phones,Phones model 132,12435.72,1,0.1,1592.59
IN-2022-100090,16-02-2022,23-02-2022,Standard Class,CU-1501,Manoj Kumar,Consumer,India,Patna,Bihar,East,TEC-MAC-126,Technology,Machines,Machines model 126,128647.24,6,0.05,15280.39
IN-2022-100795,14-11-2022,20-11-2022,Standard Class,CU-1594,Vivaan Singh,Home Office,India,Ahmedabad,Gujarat,west,FUR-CHA-138,Furniture,Chairs,Chairs model 138,8719.46,2,0.05,1610.27
IN-2023-102049,07-12-2023,13-12-2023,Standard Class,CU-1105,Swathi Sharma,Consumer,India,Lucknow,Uttar Pradesh,North,FUR-FUR-127,Furniture,Furnishings,Furnishings model 127,2235.47,2,0.25,453.51
IN-2024-102178,09-01-2024,16-01-2024,Standard Class,CU-1190,Neha Singh,Corporate,India,New Delhi,Delhi,North,TEC-ACC-110,Technology,Accessories,Accessories model 110,2224.35,2,0.0,848.46
IN-2023-101030,14-01-2023,18-01-2023,Second Class,CU-1515,Neha Verma,Consumer,India,Pune,Maharashtra,West,OFF-STO-100,Office Supplies,Storage,Storage model 100,3563.44,3,0.35,62.69
IN-2024-103415,08-12-2024,09-12-2024,First Class,CU-1146,Aditya Pillai,Consumer,India,Ahmedabad,Gujarat,West,FUR-FUR-127,Furniture,Furnishings,Furnishings model 127,3005.8,2,0.0,933.91
IN-2025-103954,28-04-2025,04-05-2025,Standard Class,CU-1276,Priya Das,Consumer,India,Hyderabad,Telangana,South,OFF-PAP-100,Office Supplies,Paper,Paper model 100,604.58,2,0.0,292.86
IN-2023-101330,25-04-2023,02-05-2023,Standard Class,CU-1324,Priya Kumar,Consumer,India,Hyderabad,Telangana,South,OFF-STO-131,Office Supplies,Storage,Storage model 131,6838.78,4,0.15,1828.79
IN-2024-103174,18-10-2024,20-10-2024,First Class,CU-1333,Pooja Singh,Corporate,India,Kochi,Kerala,South,OFF-PAP-131,Office Supplies,Paper,Paper model 131,933.3,3,0.0,442.43
IN-2024-103125,09-10-2024,13-10-2024,Standard Class,CU-1460,Nisha Patel,Corporate,India,Jaipur,Rajasthan,West,TEC-PHO-116,Technology,Phones,Phones model 116,33369.69,4,0.4,-1540.16
IN-2022-100040,17-01-2022,21-01-2022,Standard Class,CU-1046,Nisha Iyer,Corporate,India,Thiruvananthapuram,Kerala,South,TEC-PHO-100,Technology,Phones,Phones model 100,15962.74,1,0.05,4080.56
IN-2022-100944,22-12-2022,29-12-2022,Standard Class,CU-1526,Deepak Rao,Consumer,India,Mumbai,Maharashtra,West,OFF-STO-130,Office Supplies,Storage,Storage model 130,1554.5,1,0.0,505.65
IN-2025-103601,26-01-2025,01-02-2025,Standard Class,CU-1084,Suresh Pillai,Corporate,India,Hyderabad,Telangana,South,OFF-STO-117,Office Supplies,Storage,Storage model 117,4190.41,3,0.1,1057.11
IN-2022-100666,12-10-2022,15-10-2022,Second Class,CU-1014,Ravi Das,Consumer,India,Patna,Bihar,East,TEC-COP-117,Technology,Copiers,Copiers model 117,51783.42,2,0.15,16437.21
IN-2025-104012,14-05-2025,20-05-2025,Standard Class,CU-1526,Deepak Rao,Consumer,India,Noida,Uttar Pradesh,North,OFF-BIN-121,Office Supplies,Binders,Binders model 121,372.02,1,0.15,134.89
IN-2022-100453,13-07-2022,18-07-2022,Standard Class,CU-1116,Neha Iyer,Consumer,India,Mumbai,Maharashtra,West,OFF-PAP-106,Office Supplies,Paper,Paper model 106,252.52,1,0.2,91.85
IN-2023-101685,26-08-2023,31-08-2023,Standard Class,CU-1199,Neha Pillai,Consumer,India,Jaipur,Rajasthan,WEST ,OFF-ART-124,Office Supplies,Art,Art model 124,1043.04,5,0.2,258.57
IN-2023-101149,27-02-2023,05-03-2023,Standard Class,CU-1023,Isha Pillai,Corporate,India,Patna,Bihar,East,FUR-CHA-105,Furniture,Chairs,Chairs model 105,22326.01,5,0.05,4150.39
IN-2025-104274,23-07-2025,27-07-2025,Standard Class,CU-1541,Rahul Reddy,Home Office,India,New Delhi,Delhi,North,TEC-COP-105,Technology,Copiers,Copiers model 105,34356.04,1,0.0,14258.57
IN-2024-102185,11-01-2024,11-01-2024,Same Day,CU-1239,Sneha Nair,Corporate,India,Nagpur,Maharashtra,West,OFF-PAP-127,Office Supplies,Paper,Paper model 127,1071.35,4,0.0,516.0
IN-2022-100337,22-05-2022,23-05-2022,First Class,CU-1427,Deepak Pillai,Home Office,India,Madurai,Tamil Nadu,South,OFF-PAP-135,Office Supplies,Paper,Paper model 135,874.03,4,0.15,347.22
IN-2024-102167,07-01-2024,14-01-2024,Standard Class,CU-1260,Deepak Kumar,Home Office,India,New Delhi,Delhi,North,TEC-COP-123,Technology,Copiers,Copiers model 123,132423.24,4,0.15,38369.35
IN-2025-104940,22-12-2025,24-12-2025,Second Class,CU-1342,Kavya Kumar,Consumer,India,Pune,Maharashtra,West,FUR-FUR-108,Furniture,Furnishings,Furnishings model 108,974.7,1,0.25,105.29
IN-2024-102978,29-08-2024,04-09-2024,Standard Class,CU-1200,Swathi Nair,Consumer,India,Chennai,Tamil Nadu,South,TEC-MAC-102,Technology,Machines,Machines model 102,47833.69,2,0.0,6893.55
IN-2023-101601,28-07-2023,04-08-2023,Standard Class,CU-1067,Swathi Gupta,Consumer,India,New Delhi,Delhi,North,OFF-STO-139,Office Supplies,Storage,Storage model 139,7099.37,4,0.05,1984.13
IN-2023-101642,11-08-2023,16-08-2023,Standard Class,CU-1345,Swathi Verma,Corporate,India,Ludhiana,Punjab,North,TEC-COP-100,Technology,Copiers,Copiers model 100,190737.17,7,0.15,57311.69
IN-2022-100352,28-05-2022,03-06-2022,Standard Class,CU-1247,Meera Menon,Consumer,India,Hyderabad,Telangana,South,TEC-COP-134,Technology,Copiers,Copiers model 134,68672.66,2,0.0,27173.2
IN-2022-100625,02-10-2022,08-10-2022,Standard Class,CU-1187,Isha Singh,Consumer,India,Bengaluru,Karnataka,South,TEC-PHO-104,Technology,Phones,Phones model 104,17007.66,1,0.0,4953.03
IN-2024-102184,11-01-2024,18-01-2024,Standard Class,CU-1196,Manoj Menon,Consumer,India,Surat,Gujarat,West,OFF-ART-123,Office Supplies,Art,Art model 123,481.78,2,0.0,209.98
IN-2024-102509,11-04-2024,18-04-2024,Standard Class,CU-1403,Rohit Sharma,Consumer,India,Mumbai,Maharashtra,West,OFF-STO-101,Office Supplies,Storage,Storage model 101,10197.39,5,0.0,3615.38
IN-2023-102090,19-12-2023,24-12-2023,Standard Class,CU-1507,Vivaan Das,Home Office,India,Bengaluru,Karnataka,South,OFF-ART-101,Office Supplies,Art,Art model 101,1826.4,7,0.0,662.73
IN-2022-100359,30-05-2022,05-06-2022,Standard Class,CU-1534,Divya Singh,Corporate,India,New Delhi,Delhi,North,TEC-ACC-109,Technology,Accessories,Accessories model 109,1367.45,1,0.0,540.9
IN-2023-101322,22-04-2023,25-04-2023,Second Class,CU-1390,DEEPAK VERMA,Home Office,India,Nagpur,Maharashtra,West,TEC-COP-120,Technology,Copiers,Copiers model 120,151927.99,6,0.15,49668.77
IN-2023-101614,01-08-2023,05-08-2023,Standard Class,CU-1246,Meera Rao,Corporate,India,Surat,Gujarat,West,FUR-TAB-136,Furniture,Tables,Tables model 136,9761.21,1,0.0,697.63
IN-2023-101857,17-10-2023,20-10-2023,First Class,CU-1106,Nisha Rao,Corporate,India,Kochi,Kerala,South,TEC-ACC-135,Technology,Accessories,Accessories model 135,2227.2,2,0.0,827.51
IN-2023-101526,29-06-2023,02-07-2023,Second Class,CU-1230,Kavya Verma,Corporate,India,Madurai,Tamil Nadu,South,FUR-TAB-135,Furniture,Tables,Tables model 135,10077.85,1,0.0,841.78
IN-2023-101435,29-05-2023,31-05-2023,First Class,CU-1190,Neha Singh,Corporate,India,Patna,Bihar,East,OFF-STO-129,Office Supplies,Storage,Storage model 129,3583.66,2,0.0,1131.36
IN-2025-104766,14-11-2025,16-11-2025,Second Class,CU-1047,Divya Nair,Consumer,India,Jaipur,Rajasthan,West,OFF-LAB-139,Office Supplies,Labels,Labels model 139,319.58,2,0.0,153.49
IN-2025-104883,10-12-2025,14-12-2025,Standard Class,CU-1410,Karthik Menon,Consumer,India,New Delhi,Delhi,North,FUR-CHA-117,Furniture,Chairs,Chairs model 117,9127.69,2,0.0,2285.94
IN-2025-104806,23-11-2025,26-11-2025,Second Class,CU-1039,Deepak Patel,Corporate,India,Thiruvananthapuram,Kerala,South,OFF-BIN-131,Office Supplies,Binders,Binders model 131,936.96,2,0.0,405.36
IN-2023-101420,25-05-2023,30-05-2023,Standard Class,CU-1157,Sneha Reddy,Consumer,India,New Delhi,Delhi,North,TEC-ACC-111,Technology,Accessories,Accessories model 111,5089.52,5,0.1,1558.07
IN-2023-101703,02-09-2023,02-09-2023,Same Day,CU-1322,Ravi Kumar,Consumer,India,Mysuru,Karnataka,South,TEC-ACC-134,Technology,Accessories,Accessories model 134,1037.01,1,0.0,401.11
IN-2024-102650,22-05-2024,28-05-2024,Standard Class,CU-1379,Neha Patel,Home Office,India,Surat,Gujarat,West,OFF-ART-120,Office Supplies,Art,Art model 120,492.55,2,0.0,184.39
IN-2025-103759,13-03-2025,17-03-2025,Standard Class,CU-1561,Rohit Menon,Consumer,India,New Delhi,Delhi,North,OFF-STO-138,Office Supplies,Storage,Storage model 138,1699.94,1,0.15,371.1
IN-2022-100777,11-11-2022,18-11-2022,Standard Class,CU-1429,Manoj Verma,Home Office,India,Pune,Maharashtra,West,OFF-BIN-123,Office Supplies,Binders,Binders model 123,505.58,1,0.0,218.77
IN-2024-102576,29-04-2024,05-05-2024,Standard Class,CU-1340,Vikram Iyer,Consumer,India,Patna,Bihar,East,OFF-PAP-138,Office Supplies,Paper,Paper model 138,364.1,2,0.45,25.83
IN-2025-103755,12-03-2025,17-03-2025,Standard Class,CU-1347,Ravi Reddy,Consumer,India,Kolkata,West Bengal,East,OFF-STO-132,Office Supplies,Storage,Storage model 132,8315.6,5,,1585.82
IN-2025-103832,27-03-2025,03-04-2025,Standard Class,CU-1097,Aarav Sharma,Home Office,India,Thiruvananthapuram,Kerala,South,OFF-PAP-128,Office Supplies,Paper,Paper model 128,607.56,2,0.0,313.84
IN-2023-101766,24-09-2023,26-09-2023,Second Class,CU-1557,Ananya Menon,Home Office,India,Noida,Uttar Pradesh,North,OFF-LAB-104,Office Supplies,Labels,Labels model 104,92.65,1,0.4,14.49
IN-2022-100474,24-07-2022,27-07-2022,Second Class,CU-1494,Lakshmi Singh,Consumer,India,Bhubaneswar,Odisha,East,OFF-PAP-117,Office Supplies,Paper,Paper model 117,212.14,1,0.25,59.3
IN-2025-104870,07-12-2025,11-12-2025,Standard Class,CU-1101,Swathi Verma,Home Office,India,Jaipur,Rajasthan,West,TEC-COP-102,Technology,Copiers,Copiers model 102,81940.59,3,0.3,12677.69
IN-2024-103493,26-12-2024,01-01-2025,Standard Class,CU-1596,Karthik Nair,Consumer,India,Noida,Uttar Pradesh,North,TEC-PHO-133,Technology,Phones,Phones model 133,26385.44,2,0.15,4043.98
IN-2025-103904,13-04-2025,20-04-2025,Standard Class,CU-1285,Neha Singh,Corporate,India,Ahmedabad,Gujarat,West,OFF-BIN-124,Office Supplies,Binders,Binders model 124,2398.93,6,0.0,922.4
IN-2024-102415,16-03-2024,22-03-2024,Standard Class,CU-1164,Rohit Pillai,Corporate,India,Ahmedabad,Gujarat,west,OFF-STO-125,Office Supplies,Storage,Storage model 125,3139.48,2,0.1,797.19
IN-2025-104985,29-12-2025,01-01-2026,Second Class,CU-1370,Divya Singh,Consumer,India,Surat,Gujarat,West,OFF-LAB-117,Office Supplies,Labels,Labels model 117,135.27,1,0.0,62.76
IN-2025-103663,12-02-2025,16-02-2025,Standard Class,CU-1212,Aarav Kumar,Consumer,India,Noida,Uttar Pradesh,North,FUR-FUR-137,Furniture,Furnishings,Furnishings model 137,4795.97,3,0.05,1479.67
IN-2025-104742,09-11-2025,10-11-2025,First Class,CU-1496,Pooja Menon,Corporate,India,Surat,Gujarat,West,FUR-CHA-114,Furniture,Chairs,Chairs model 114,2888.59,1,0.25,79.24
IN-2025-104490,16-09-2025,22-09-2025,Standard Class,CU-1527,Manoj Patel,Consumer,India,Mumbai,Maharashtra,West,OFF-LAB-110,Office Supplies,Labels,Labels model 110,228.52,2,0.15,109.69
IN-2025-103535,05-01-2025,07-01-2025,First Class,CU-1365,Swathi Nair,Consumer,India,New Delhi,Delhi,North,TEC-MAC-128,Technology,Machines,Machines model 128,16553.24,1,0.15,1155.16
IN-2023-101581,19-07-2023,23-07-2023,Standard Class,CU-1093,Aarav Verma,Corporate,India,Mysuru,Karnataka,South,TEC-MAC-118,Technology,Machines,Machines model 118,74205.72,3,0.0,8490.28
IN-2022-100480,26-07-2022,02-08-2022,Standard Class,CU-1008,KAVYA NAIR,Consumer,India,Lucknow,Uttar Pradesh,North,OFF-LAB-122,Office Supplies,Labels,Labels model 122,135.79,1,0.0,67.49
IN-2024-102638,17-05-2024,20-05-2024,Second Class,CU-1537,Ravi Nair,Home Office,India,Patna,Bihar,East,TEC-MAC-104,Technology,Machines,Machines model 104,23632.45,1,0.0,3152.96
IN-2022-100103,23-02-2022,02-03-2022,Standard Class,CU-1108,Aarav Rao,Corporate,India,Mumbai,Maharashtra,West,OFF-LAB-102,Office Supplies,Labels,Labels model 102,138.22,1,0.0,67.99
IN-2023-101479,14-06-2023,19-06-2023,Standard Class,CU-1405,Isha Das,Home Office,India,Lucknow,Uttar Pradesh,north,TEC-PHO-138,Technology,Phones,Phones model 138,48147.64,3,0.0,13336.63
IN-2025-104728,06-11-2025,09-11-2025,Second Class,CU-1129,Manoj Pillai,Consumer,India,Jaipur,Rajasthan,West,TEC-ACC-129,Technology,Accessories,Accessories model 129,3423.71,3,,1435.23
IN-2025-104066,30-05-2025,01-06-2025,Second Class,CU-1437,Rohit Shah,Consumer,India,New Delhi,Delhi,North,OFF-LAB-103,Office Supplies,Labels,Labels model 103,171.35,2,0.35,30.79
IN-2024-102712,07-06-2024,10-06-2024,First Class,CU-1431,Aditya Verma,Corporate,India,Kolkata,West Bengal,East,OFF-STO-121,Office Supplies,Storage,Storage model 121,9615.37,5,0.05,2918.1
IN-2025-103947,26-04-2025,03-05-2025,Standard Class,CU-1201,Aarav Patel,Home Office,India,Bhubaneswar,Odisha,East,FUR-BOO-138,Furniture,Bookcases,Bookcases model 138,21164.43,4,0.25,511.08
IN-2025-103826,25-03-2025,29-03-2025,Standard Class,CU-1087,Deepak Reddy,Home Office,India,Jaipur,Rajasthan,West,OFF-BIN-125,Office Supplies,Binders,Binders model 125,249.02,1,0.4,26.18
IN-2022-100743,03-11-2022,04-11-2022,First Class,CU-1474,Manoj Rao,Home Office,India,Lucknow,Uttar Pradesh,North,OFF-ART-129,Office Supplies,Art,Art model 129,794.16,4,0.2,201.38
IN-2022-100054,26-01-2022,31-01-2022,Standard Class,CU-1478,Aarav Shah,Home Office,India,New Delhi,Delhi,North,TEC-PHO-122,Technology,Phones,Phones model 122,9748.0,1,0.4,-908.39
IN-2023-100988,01-01-2023,06-01-2023,Standard Class,CU-1511,Suresh Joshi,Corporate,India,Madurai,Tamil Nadu,South,TEC-PHO-131,Technology,Phones,Phones model 131,25932.36,2,0.1,5322.34
IN-2025-103757,13-03-2025,15-03-2025,Second Class,CU-1290,Arjun Pillai,Consumer,India,Jaipur,Rajasthan,West,FUR-CHA-134,Furniture,Chairs,Chairs model 134,11198.2,3,0.1,1917.18
IN-2022-100069,03-02-2022,09-02-2022,Standard Class,CU-1102,Divya Das,Consumer,India,Ludhiana,Punjab,North,TEC-ACC-119,Technology,Accessories,Accessories model 119,2974.31,3,0.05,1055.08
IN-2025-104841,30-11-2025,05-12-2025,Standard Class,CU-1455,Rohit Reddy,Consumer,India,Jaipur,Rajasthan,West,TEC-ACC-135,Technology,Accessories,Accessories model 135,4674.53,6,0.4,-95.24
IN-2025-104037,19-05-2025,24-05-2025,Standard Class,CU-1405,Isha Das,Home Office,India,Madurai,Tamil Nadu,South,OFF-STO-106,Office Supplies,Storage,Storage model 106,2200.02,2,0.35,6.09
IN-2025-103619,30-01-2025,05-02-2025,Standard Class,CU-1105,Swathi Sharma,Consumer,India,Lucknow,Uttar Pradesh,North,TEC-PHO-123,Technology,Phones,Phones model 123,66779.54,4,0.0,21255.91
IN-2025-104484,13-09-2025,18-09-2025,Standard Class,CU-1369,Priya Reddy,Consumer,India,Bhubaneswar,Odisha,East,TEC-MAC-126,Technology,Machines,Machines model 126,86236.13,5,0.3,-10249.23
IN-2024-102775,29-06-2024,05-07-2024,Standard Class,CU-1080,Neha Rao,Corporate,India,Ahmedabad,Gujarat,west,OFF-PAP-112,Office Supplies,Paper,Paper model 112,1454.56,6,0.15,483.16
IN-2025-104430,30-08-2025,05-09-2025,Standard Class,CU-1330,LAKSHMI GUPTA,Consumer,India,Noida,Uttar Pradesh,North,OFF-PAP-122,Office Supplies,Paper,Paper model 122,472.2,2,0.2,152.85
IN-2024-103344,24-11-2024,01-12-2024,Standard Class,CU-1299,Karthik Rao,Corporate,India,Patna,Bihar,East,OFF-STO-103,Office Supplies,Storage,Storage model 103,1615.73,1,0.1,397.31
IN-2025-104526,28-09-2025,29-09-2025,First Class,CU-1455,Rohit Reddy,Consumer,India,Bhubaneswar,Odisha,East,OFF-LAB-134,Office Supplies,Labels,Labels model 134,138.2,1,0.05,62.5
IN-2024-103325,20-11-2024,24-11-2024,Second Class,CU-1524,Rahul Iyer,Corporate,India,Patna,Bihar,East,OFF-PAP-118,Office Supplies,Paper,Paper model 118,524.34,2,0.0,245.18
IN-2023-101240,30-03-2023,02-04-2023,First Class,CU-1099,Ravi Gupta,Home Office,India,Kolkata,West Bengal,East,OFF-ART-112,Office Supplies,Art,Art model 112,119.85,1,0.45,-2.72
IN-2022-100785,12-11-2022,13-11-2022,First Class,CU-1252,Arjun Joshi,Consumer,India,Thiruvananthapuram,Kerala,South,TEC-COP-105,Technology,Copiers,Copiers model 105,69327.34,2,0.0,29129.35
IN-2025-103773,15-03-2025,21-03-2025,Standard Class,CU-1478,Aarav Shah,Home Office,India,Kochi,Kerala,South,OFF-STO-103,Office Supplies,Storage,Storage model 103,10857.67,6,0.05,3154.73
IN-2024-102707,06-06-2024,09-06-2024,Second Class,CU-1391,Suresh Reddy,Home Office,India,Noida,Uttar Pradesh,North,OFF-STO-112,Office Supplies,Storage,Storage model 112,7064.82,4,0.0,2068.3
IN-2025-104224,09-07-2025,16-07-2025,Standard Class,CU-1372,Ananya Pillai,Consumer,India,Noida,Uttar Pradesh,North,TEC-COP-123,Technology,Copiers,Copiers model 123,28549.41,1,0.15,7338.68
IN-2023-101975,18-11-2023,21-11-2023,First Class,CU-1566,Aarav Shah,Consumer,India,Chennai,Tamil Nadu,South,OFF-LAB-118,Office Supplies,Labels,Labels model 118,134.86,1,0.15,53.92
IN-2024-102971,27-08-2024,02-09-2024,Standard Class,CU-1580,Aditya Nair,Corporate,India,Kolkata,West Bengal,East,TEC-PHO-107,Technology,Phones,Phones model 107,32526.76,3,0.15,6675.51
IN-2025-103581,20-01-2025,26-01-2025,Standard Class,CU-1351,Manoj Reddy,Consumer,India,Mysuru,Karnataka,south,FUR-TAB-125,Furniture,Tables,Tables model 125,14666.24,2,0.15,-292.52
IN-2025-104965,27-12-2025,29-12-2025,Second Class,CU-1461,Ananya Sharma,Home Office,India,Hyderabad,Telangana,South,FUR-BOO-139,Furniture,Bookcases,Bookcases model 139,13040.54,2,0.05,1913.83
IN-2023-101107,14-02-2023,14-02-2023,Same Day,CU-1177,Arjun Gupta,Corporate,India,Jaipur,Rajasthan,West,TEC-ACC-104,Technology,Accessories,Accessories model 104,4111.18,4,0.0,1338.42
IN-2022-100951,24-12-2022,31-12-2022,Standard Class,CU-1497,Sneha Verma,Consumer,India,Kolkata,West Bengal,East,TEC-MAC-123,Technology,Machines,Machines model 123,22889.11,1,0.05,2579.37
IN-2024-103128,10-10-2024,12-10-2024,Second Class,CU-1245,Aditya Gupta,Corporate,India,Mumbai,Maharashtra,West,FUR-CHA-106,Furniture,Chairs,Chairs model 106,6732.24,2,0.25,349.66
IN-2023-102123,25-12-2023,25-12-2023,Same Day,CU-1221,Aditya Pillai,Consumer,India,Ahmedabad,Gujarat,West,TEC-MAC-131,Technology,Machines,Machines model 131,38929.53,2,0.1,1882.72
IN-2025-103838,28-03-2025,01-04-2025,Second Class,CU-1508,Kavya Singh,Consumer,India,Ahmedabad,Gujarat,West,OFF-BIN-106,Office Supplies,Binders,Binders model 106,466.61,1,0.0,232.16
IN-2024-103236,01-11-2024,08-11-2024,Standard Class,CU-1033,Meera Menon,Corporate,India,Mumbai,Maharashtra,West,OFF-PAP-128,Office Supplies,Paper,Paper model 128,598.32,2,0.1,240.81
IN-2022-100640,06-10-2022,11-10-2022,Standard Class,CU-1071,Ashok Das,Consumer,India,Nagpur,Maharashtra,West,FUR-CHA-111,Furniture,Chairs,Chairs model 111,3117.56,1,0.2,396.53
IN-2024-103383,01-12-2024,03-12-2024,First Class,CU-1510,Meera Kumar,Consumer,India,Ahmedabad,Gujarat,West,TEC-PHO-110,Technology,Phones,Phones model 110,44832.08,3,0.05,9981.12
IN-2024-102567,26-04-2024,01-05-2024,Standard Class,CU-1113,Kavya Patel,Home Office,India,Mumbai,Maharashtra,West,TEC-PHO-113,Technology,Phones,Phones model 113,59304.88,4,0.1,12581.94
IN-2022-100758,07-11-2022,11-11-2022,Standard Class,CU-1114,Divya Kumar,Corporate,India,Noida,Uttar Pradesh,North,TEC-PHO-110,Technology,Phones,Phones model 110,28191.93,2,0.1,5748.0
IN-2025-103664,12-02-2025,15-02-2025,First Class,CU-1100,Vivaan Iyer,Consumer,India,Noida,Uttar Pradesh,North,TEC-COP-121,Technology,Copiers,Copiers model 121,90131.7,3,0.1,28737.62
IN-2022-100879,06-12-2022,12-12-2022,Standard Class,CU-1209,Priya Iyer,Corporate,India,Mysuru,Karnataka,South,OFF-STO-122,Office Supplies,Storage,Storage model 122,5461.07,3,0.0,1639.08
IN-2022-100231,10-04-2022,17-04-2022,Standard Class,CU-1162,Isha Patel,Corporate,India,Kochi,Kerala,South,OFF-ART-128,Office Supplies,Art,Art model 128,177.42,1,0.2,44.76
IN-2025-104686,28-10-2025,30-10-2025,Second Class,CU-1199,Neha Pillai,Consumer,India,Kolkata,West Bengal,East,OFF-LAB-117,Office Supplies,Labels,Labels model 117,159.88,1,0.05,71.13
IN-2024-102461,27-03-2024,31-03-2024,Standard Class,CU-1283,Kavya Menon,Corporate,India,Bengaluru,Karnataka,South,OFF-BIN-139,Office Supplies,Binders,Binders model 139,1009.8,3,0.3,226.82
IN-2025-104060,27-05-2025,31-05-2025,Standard Class,CU-1151,Sneha Verma,Consumer,India,Mysuru,Karnataka,South,FUR-CHA-130,Furniture,Chairs,Chairs model 130,2351.91,1,0.4,-238.38
IN-2023-101561,13-07-2023,16-07-2023,First Class,CU-1270,Lakshmi Iyer,Home Office,India,Noida,Uttar Pradesh,North,FUR-FUR-130,Furniture,Furnishings,Furnishings model 130,3798.71,3,0.15,606.11
IN-2025-104111,10-06-2025,14-06-2025,Standard Class,CU-1174,Nisha Shah,Consumer,India,Mumbai,Maharashtra,West,TEC-MAC-104,Technology,Machines,Machines model 104,70098.08,3,0.05,6446.14
IN-2025-104587,12-10-2025,19-10-2025,Standard Class,CU-1070,Priya Verma,Consumer,India,Jaipur,Rajasthan,West,OFF-ART-107,Office Supplies,Art,Art model 107,196.09,1,0.3,28.98
IN-2022-100099,20-02-2022,27-02-2022,Standard Class,CU-1247,Meera Menon,Consumer,India,Kochi,Kerala,South,FUR-BOO-130,Furniture,Bookcases,Bookcases model 130,20382.94,4,0.25,-935.9
IN-2025-103697,21-02-2025,21-02-2025,Same Day,CU-1106,Nisha Rao,Corporate,India,Hyderabad,Telangana,South,TEC-PHO-130,Technology,Phones,Phones model 130,32661.74,2,0.0,7738.89
IN-2023-101431,28-05-2023,28-05-2023,Same Day,CU-1344,Priya Nair,Home Office,India,Ahmedabad,Gujarat,West,OFF-LAB-101,Office Supplies,Labels,Labels model 101,330.12,3,0.3,96.51
IN-2023-101251,02-04-2023,07-04-2023,Standard Class,CU-1594,Vivaan Singh,Home Office,India,Kochi,Kerala,South,OFF-BIN-101,Office Supplies,Binders,Binders model 101,398.38,1,0.0,160.63
IN-2024-102693,01-06-2024,06-06-2024,Standard Class,CU-1074,Nisha Patel,Corporate,India,Surat,Gujarat,West,FUR-FUR-126,Furniture,Furnishings,Furnishings model 126,2539.62,2,0.05,682.27
IN-2023-101888,26-10-2023,28-10-2023,First Class,CU-1586,Ananya Singh,Corporate,India,Nagpur,Maharashtra,West,OFF-BIN-107,Office Supplies,Binders,Binders model 107,777.74,2,0.1,294.69
IN-2025-104593,13-10-2025,17-10-2025,Standard Class,CU-1277,Suresh Iyer,Home Office,India,Bhubaneswar,Odisha,East,OFF-BIN-118,Office Supplies,Binders,Binders model 118,940.88,2,0.05,381.01
IN-2025-104575,10-10-2025,15-10-2025,Standard Class,CU-1515,Neha Verma,Consumer,India,Kochi,Kerala,South,FUR-FUR-107,Furniture,Furnishings,Furnishings model 107,3062.5,3,0.2,553.15
IN-2025-103552,10-01-2025,14-01-2025,Standard Class,CU-1397,Sneha Patel,Consumer,India,Coimbatore,Tamil Nadu,South,OFF-PAP-132,Office Supplies,Paper,Paper model 132,303.18,1,0.05,150.11
IN-2025-103652,09-02-2025,11-02-2025,Second Class,CU-1049,Sneha Singh,Consumer,India,Bengaluru,Karnataka,South,OFF-PAP-117,Office Supplies,Paper,Paper model 117,320.59,2,0.4,21.32
IN-2023-102061,10-12-2023,12-12-2023,Second Class,CU-1339,Divya Joshi,Consumer,India,New Delhi,Delhi,North,TEC-COP-136,Technology,Copiers,Copiers model 136,79739.97,3,0.3,15261.25
IN-2022-100295,04-05-2022,09-05-2022,Standard Class,CU-1103,Nisha Kumar,Consumer,India,Bhubaneswar,Odisha,East,OFF-LAB-116,Office Supplies,Labels,Labels model 116,101.1,1,0.35,23.71
IN-2024-102770,27-06-2024,01-07-2024,Standard Class,CU-1561,Rohit Menon,Consumer,India,Noida,Uttar Pradesh,North,OFF-ART-105,Office Supplies,Art,Art model 105,434.88,2,0.05,144.39
IN-2025-104758,13-11-2025,16-11-2025,First Class,CU-1319,Nisha Rao,Corporate,India,Amritsar,Punjab,North,OFF-ART-103,Office Supplies,Art,Art model 103,783.04,4,0.1,264.63
IN-2024-102354,27-02-2024,28-02-2024,First Class,CU-1453,Aditya Shah,Corporate,India,Bengaluru,Karnataka,South,OFF-LAB-121,Office Supplies,Labels,Labels model 121,475.11,3,0.05,218.37
IN-2024-103254,06-11-2024,08-11-2024,Second Class,CU-1595,Manoj Iyer,Corporate,India,Bengaluru,Karnataka,South,OFF-BIN-129,Office Supplies,Binders,Binders model 129,2034.89,5,0.05,819.21
IN-2022-100160,17-03-2022,22-03-2022,Standard Class,CU-1172,Karthik Pillai,Corporate,India,Amritsar,Punjab,North,TEC-COP-107,Technology,Copiers,Copiers model 107,94737.75,3,0.05,32097.65
IN-2023-101237,29-03-2023,03-04-2023,Standard Class,CU-1499,Suresh Menon,Consumer,India,Patna,Bihar,East,TEC-COP-112,Technology,Copiers,Copiers model 112,111136.39,4,0.15,25956.98
IN-2025-104803,23-11-2025,24-11-2025,First Class,CU-1056,Arjun Nair,Consumer,India,Ahmedabad,Gujarat,West,TEC-MAC-113,Technology,Machines,Machines model 113,39482.04,2,0.2,451.69
IN-2022-100910,12-12-2022,17-12-2022,Standard Class,CU-1587,Meera Reddy,Corporate,India,Mumbai,Maharashtra,West,FUR-CHA-121,Furniture,Chairs,Chairs model 121,6411.93,2,0.25,93.48
IN-2024-102432,20-03-2024,21-03-2024,First Class,CU-1543,Nisha Shah,Corporate,India,Ludhiana,Punjab,North,OFF-PAP-100,Office Supplies,Paper,Paper model 100,958.02,4,0.1,356.63
IN-2023-101558,12-07-2023,16-07-2023,Standard Class,CU-1461,Ananya Sharma,Home Office,India,Kolkata,West Bengal,East,OFF-ART-130,Office Supplies,Art,Art model 130,1216.45,6,0.05,481.7
IN-2022-100321,15-05-2022,17-05-2022,Second Class,CU-1077,Kavya Iyer,Corporate,India,Thiruvananthapuram,Kerala,South,OFF-STO-117,Office Supplies,Storage,Storage model 117,5135.81,3,0.0,1708.24
IN-2025-103809,23-03-2025,29-03-2025,Standard Class,CU-1554,Sneha Sharma,Consumer,India,Thiruvananthapuram,Kerala,South,OFF-LAB-130,Office Supplies,Labels,Labels model 130,468.26,3,0.0,240.45
IN-2022-100015,07-01-2022,08-01-2022,First Class,CU-1223,Aarav Patel,Corporate,India,Bhubaneswar,Odisha,East,OFF-LAB-122,Office Supplies,Labels,Labels model 122,849.18,7,0.2,311.64
IN-2025-104559,06-10-2025,11-10-2025,Standard Class,CU-1410,Karthik Menon,Consumer,India,Kochi,Kerala,South,TEC-PHO-115,Technology,Phones,Phones model 115,17056.96,1,0.0,4557.34
IN-2024-103465,20-12-2024,23-12-2024,Second Class,CU-1281,Aarav Sharma,Consumer,India,Kolkata,West Bengal,East,OFF-BIN-134,Office Supplies,Binders,Binders model 134,976.3,2,0.05,337.43
IN-2023-101447,02-06-2023,07-06-2023,Standard Class,CU-1067,Swathi Gupta,Consumer,India,Coimbatore,Tamil Nadu,South,OFF-LAB-137,Office Supplies,Labels,Labels model 137,282.91,2,0.0,145.74
IN-2024-103476,22-12-2024,29-12-2024,Standard Class,CU-1163,Swathi Pillai,Corporate,India,Kochi,Kerala,South,OFF-PAP-103,Office Supplies,Paper,Paper model 103,611.1,2,0.0,315.96
IN-2022-100888,08-12-2022,08-12-2022,Same Day,CU-1077,Kavya Iyer,Corporate,India,Kolkata,West Bengal,East,FUR-BOO-102,Furniture,Bookcases,Bookcases model 102,34555.86,5,0.1,5007.2
IN-2023-101693,29-08-2023,02-09-2023,Standard Class,CU-1586,Ananya Singh,Corporate,India,Noida,Uttar Pradesh,North,TEC-COP-126,Technology,Copiers,Copiers model 126,100464.01,4,,25241.57
IN-2025-103700,21-02-2025,28-02-2025,Standard Class,CU-1418,Kavya Rao,Corporate,India,New Delhi,Delhi,North,OFF-PAP-117,Office Supplies,Paper,Paper model 117,249.93,1,0.05,112.87
IN-2025-104639,21-10-2025,28-10-2025,Standard Class,CU-1017,Ananya Patel,Consumer,India,Kochi,Kerala,South,FUR-TAB-125,Furniture,Tables,Tables model 125,8477.41,1,0.05,420.96
IN-2023-101720,07-09-2023,14-09-2023,Standard Class,CU-1144,Suresh Kumar,Consumer,India,Patna,Bihar,East,OFF-LAB-115,Office Supplies,Labels,Labels model 115,421.38,3,0.1,170.2
IN-2025-104923,19-12-2025,22-12-2025,Second Class,CU-1583,Aarav Iyer,Home Office,India,Noida,Uttar Pradesh,North,FUR-TAB-131,Furniture,Tables,Tables model 131,37116.66,4,0.0,3653.97
IN-2022-100652,08-10-2022,10-10-2022,Second Class,CU-1475,Meera Joshi,Consumer,India,Noida,Uttar Pradesh,North,TEC-COP-137,Technology,Copiers,Copiers model 137,73941.64,2,0.05,24484.52
IN-2025-104350,11-08-2025,13-08-2025,Second Class,CU-1285,Neha Singh,Corporate,India,Ludhiana,Punjab,North,OFF-STO-104,Office Supplies,Storage,Storage model 104,3565.96,2,0.05,1004.57
IN-2022-100919,15-12-2022,22-12-2022,Standard Class,CU-1185,Neha Singh,Home Office,India,Patna,Bihar,East,FUR-CHA-111,Furniture,Chairs,Chairs model 111,10930.45,4,0.45,-2365.82
IN-2022-100883,06-12-2022,07-12-2022,First Class,CU-1082,Swathi Reddy,Consumer,India,Jaipur,Rajasthan,West,FUR-TAB-115,Furniture,Tables,Tables model 115,15240.6,2,0.1,403.56
IN-2022-100292,02-05-2022,06-05-2022,Second Class,CU-1338,Neha Gupta,Consumer,India,Lucknow,Uttar Pradesh,North,OFF-ART-138,Office Supplies,Art,Art model 138,236.69,1,0.0,89.98
IN-2022-100234,11-04-2022,13-04-2022,Second Class,CU-1303,Suresh Shah,Corporate,India,Mumbai,Maharashtra,West,FUR-FUR-126,Furniture,Furnishings,Furnishings model 126,6673.79,6,0.15,1019.39
IN-2024-102790,04-07-2024,11-07-2024,Standard Class,CU-1188,Suresh Iyer,Consumer,India,New Delhi,Delhi,North,OFF-STO-104,Office Supplies,Storage,Storage model 104,1421.95,1,0.15,283.42
IN-2024-103438,15-12-2024,16-12-2024,First Class,CU-1526,Deepak Rao,Consumer,India,Jaipur,Rajasthan,West,OFF-STO-105,Office Supplies,Storage,Storage model 105,8319.17,6,0.2,1524.2
IN-2024-103482,23-12-2024,30-12-2024,Standard Class,CU-1363,Neha Sharma,Consumer,India,Patna,Bihar,East,OFF-LAB-122,Office Supplies,Labels,Labels model 122,152.41,1,0.1,72.11
IN-2023-101995,23-11-2023,29-11-2023,Standard Class,CU-1275,Rahul Verma,Consumer,India,Ludhiana,Punjab,North,FUR-BOO-111,Furniture,Bookcases,Bookcases model 111,6414.95,1,0.0,665.59
IN-2023-101305,15-04-2023,17-04-2023,Second Class,CU-1390,Deepak Verma,Home Office,India,Bhubaneswar,Odisha,East,TEC-PHO-117,Technology,Phones,Phones model 117,11535.66,1,0.1,2750.73
IN-2024-103392,04-12-2024,09-12-2024,Standard Class,CU-1570,Rohit Kumar,Corporate,India,Ahmedabad,Gujarat,West,OFF-LAB-129,Office Supplies,Labels,Labels model 129,305.47,2,0.05,137.45
IN-2024-102272,03-02-2024,03-02-2024,Same Day,CU-1489,Vivaan Nair,Consumer,India,Patna,Bihar,East,TEC-MAC-127,Technology,Machines,Machines model 127,12596.68,1,0.45,-3424.56
IN-2024-103132,10-10-2024,14-10-2024,Standard Class,CU-1518,Vikram Nair,Corporate,India,Mysuru,Karnataka,South,FUR-BOO-104,Furniture,Bookcases,Bookcases model 104,7206.82,1,0.1,796.82
IN-2023-102026,30-11-2023,07-12-2023,Standard Class,CU-1297,Ananya Patel,Corporate,India,Hyderabad,Telangana,South,TEC-COP-125,Technology,Copiers,Copiers model 125,35467.6,1,0.05,13245.88
IN-2024-103395,05-12-2024,11-12-2024,Standard Class,CU-1392,Kavya Nair,Corporate,India,Lucknow,Uttar Pradesh,North,OFF-STO-112,Office Supplies,Storage,Storage model 112,4869.62,3,0.15,1366.37
IN-2023-101486,17-06-2023,19-06-2023,First Class,CU-1425,Priya Iyer,Home Office,India,Jaipur,Rajasthan,West,TEC-COP-113,Technology,Copiers,Copiers model 113,33209.41,1,0.0,14300.79
IN-2024-102977,29-08-2024,31-08-2024,First Class,CU-1362,Arjun Kumar,Home Office,India,Bengaluru,Karnataka,South,OFF-LAB-134,Office Supplies,Labels,Labels model 134,393.06,3,0.1,163.25
IN-2025-104637,20-10-2025,23-10-2025,Second Class,CU-1341,Aditya Sharma,Consumer,India,Hyderabad,Telangana,South,TEC-COP-136,Technology,Copiers,Copiers model 136,211692.34,6,0.0,75953.3
IN-2022-100526,14-08-2022,20-08-2022,Standard Class,CU-1384,Nisha Iyer,Consumer,India,Patna,Bihar,East,FUR-CHA-130,Furniture,Chairs,Chairs model 130,6273.27,2,0.35,-371.69
IN-2023-101081,03-02-2023,09-02-2023,Standard Class,CU-1114,Divya Kumar,Corporate,India,Bhubaneswar,Odisha,East,FUR-CHA-114,Furniture,Chairs,Chairs model 114,3670.72,1,0.25,436.66
IN-2024-103444,16-12-2024,23-12-2024,Standard Class,CU-1446,Vivaan Singh,Home Office,India,Patna,Bihar,East,TEC-PHO-120,Technology,Phones,Phones model 120,37745.71,4,0.4,-3496.49
IN-2024-102448,23-03-2024,28-03-2024,Standard Class,CU-1454,Pooja Das,Consumer,India,Lucknow,Uttar Pradesh,North,FUR-BOO-118,Furniture,Bookcases,Bookcases model 118,17083.79,3,0.1,137.49
IN-2025-104765,14-11-2025,19-11-2025,Standard Class,CU-1523,Suresh Kumar,Consumer,India,Thiruvananthapuram,Kerala,South,TEC-MAC-117,Technology,Machines,Machines model 117,51009.85,3,0.1,4197.1
IN-2022-100674,15-10-2022,18-10-2022,First Class,CU-1062,Sneha Sharma,Consumer,India,Thiruvananthapuram,Kerala,South,TEC-PHO-135,Technology,Phones,Phones model 135,48371.65,3,0.0,12399.05
IN-2022-100481,26-07-2022,29-07-2022,First Class,CU-1254,Ashok Patel,Home Office,India,Bhubaneswar,Odisha,East,TEC-COP-134,Technology,Copiers,Copiers model 134,31831.08,1,0.05,13139.73
IN-2024-102155,02-01-2024,06-01-2024,Standard Class,CU-1501,Manoj Kumar,Consumer,India,Noida,Uttar Pradesh,North,OFF-BIN-121,Office Supplies,Binders,Binders model 121,1513.19,3,0.0,555.75
IN-2025-103788,19-03-2025,24-03-2025,Standard Class,CU-1396,Suresh Reddy,Consumer,India,Salem,Tamil Nadu,South,OFF-BIN-118,Office Supplies,Binders,Binders model 118,467.5,1,0.0,205.3
IN-2022-100252,18-04-2022,25-04-2022,Standard Class,CU-1228,Ravi Sharma,Consumer,India,Bhubaneswar,Odisha,East,OFF-BIN-124,Office Supplies,Binders,Binders model 124,383.68,1,0.05,167.72
IN-2022-100391,11-06-2022,14-06-2022,Second Class,CU-1253,Neha Das,Corporate,India,Jaipur,Rajasthan,West,TEC-MAC-120,Technology,Machines,Machines model 120,113816.03,7,,-11519.09
IN-2023-101468,11-06-2023,18-06-2023,Standard Class,CU-1583,Aarav Iyer,Home Office,India,Pune,Maharashtra,West,TEC-PHO-116,Technology,Phones,Phones model 116,102575.24,8,0.1,22095.25
IN-2025-104642,21-10-2025,25-10-2025,Second Class,CU-1216,Swathi Joshi,Corporate,India,Bhubaneswar,Odisha,East,TEC-MAC-123,Technology,Machines,Machines model 123,94555.35,4,0.05,14283.88
IN-2024-103288,13-11-2024,20-11-2024,Standard Class,CU-1155,Ashok Reddy,Consumer,India,Surat,Gujarat,West,OFF-ART-126,Office Supplies,Art,Art model 126,152.44,1,0.3,25.45
IN-2023-101985,20-11-2023,27-11-2023,Standard Class,CU-1494,Lakshmi Singh,Consumer,India,Noida,Uttar Pradesh,North,TEC-MAC-132,Technology,Machines,Machines model 132,39867.98,2,0.1,2939.44
IN-2023-101934,07-11-2023,13-11-2023,Standard Class,CU-1074,Nisha Patel,Corporate,India,Bhubaneswar,Odisha,East,FUR-BOO-105,Furniture,Bookcases,Bookcases model 105,5491.05,1,0.1,646.99
IN-2023-102105,23-12-2023,27-12-2023,Standard Class,CU-1063,Isha Kumar,Consumer,India,Amritsar,Punjab,North,OFF-STO-121,Office Supplies,Storage,Storage model 121,3530.48,2,0.1,1109.58
IN-2023-101206,20-03-2023,27-03-2023,Standard Class,CU-1337,Karthik Shah,Corporate,India,Surat,Gujarat,West,OFF-LAB-130,Office Supplies,Labels,Labels model 130,109.4,1,0.3,25.3
IN-2024-103139,12-10-2024,16-10-2024,Second Class,CU-1246,Meera Rao,Corporate,India,Hyderabad,Telangana,South,TEC-PHO-103,Technology,Phones,Phones model 103,25995.87,2,0.1,6648.61
IN-2024-102395,10-03-2024,10-03-2024,Same Day,CU-1062,Sneha Sharma,Consumer,India,Thiruvananthapuram,Kerala,South,OFF-ART-138,Office Supplies,Art,Art model 138,434.52,2,0.0,188.25
IN-2025-104248,16-07-2025,23-07-2025,Standard Class,CU-1277,Suresh Iyer,Home Office,India,Patna,Bihar,East,OFF-PAP-134,Office Supplies,Paper,Paper model 134,418.78,2,0.35,73.73
IN-2025-104839,30-11-2025,02-12-2025,Second Class,CU-1292,Divya Sharma,Consumer,India,Thiruvananthapuram,Kerala,South,TEC-PHO-113,Technology,Phones,Phones model 113,15564.82,1,0.05,3564.13
IN-2022-100828,21-11-2022,23-11-2022,First Class,CU-1044,Isha Rao,Consumer,India,Jaipur,Rajasthan,West,OFF-BIN-115,Office Supplies,Binders,Binders model 115,2293.58,6,0.1,927.85
IN-2022-100525,13-08-2022,20-08-2022,Standard Class,CU-1037,Swathi Pillai,Consumer,India,Bhubaneswar,Odisha,East,FUR-TAB-122,Furniture,Tables,Tables model 122,8450.59,1,0.15,-499.1
IN-2023-101266,05-04-2023,08-04-2023,Second Class,CU-1493,Rahul Iyer,Home Office,India,Kochi,Kerala,South,OFF-PAP-113,Office Supplies,Paper,Paper model 113,189.06,1,0.3,48.15
IN-2023-102070,12-12-2023,16-12-2023,Standard Class,CU-1264,Divya Shah,Home Office,India,Surat,Gujarat,West,TEC-MAC-137,Technology,Machines,Machines model 137,19811.17,1,0.0,2629.35
IN-2022-100406,20-06-2022,21-06-2022,First Class,CU-1023,Isha Pillai,Corporate,India,Patna,Bihar,East,OFF-STO-115,Office Supplies,Storage,Storage model 115,1303.23,1,,176.52
IN-2025-104354,13-08-2025,15-08-2025,First Class,CU-1050,Vikram Sharma,Home Office,India,Amritsar,Punjab,North,OFF-PAP-138,Office Supplies,Paper,Paper model 138,256.29,1,0.0,123.56
IN-2025-104897,13-12-2025,17-12-2025,Second Class,CU-1218,Priya Kumar,Consumer,India,Kolkata,West Bengal,East,OFF-STO-123,Office Supplies,Storage,Storage model 123,3345.56,2,0.0,870.0
IN-2024-102437,21-03-2024,26-03-2024,Standard Class,CU-1174,Nisha Shah,Consumer,India,Ahmedabad,Gujarat,West,TEC-PHO-103,Technology,Phones,Phones model 103,14137.61,1,0.05,3460.64
IN-2025-103767,14-03-2025,17-03-2025,Second Class,CU-1355,Sneha Nair,Consumer,India,Pune,Maharashtra,West,OFF-STO-101,Office Supplies,Storage,Storage model 101,12903.24,7,0.0,3978.92
IN-2025-104282,25-07-2025,30-07-2025,Standard Class,CU-1342,KAVYA KUMAR,Consumer,India,Mysuru,Karnataka,South,TEC-PHO-115,Technology,Phones,Phones model 115,25664.1,2,0.2,3642.77
IN-2025-104570,08-10-2025,14-10-2025,Standard Class,CU-1548,Priya Gupta,Consumer,India,Thiruvananthapuram,Kerala,South,FUR-CHA-127,Furniture,Chairs,Chairs model 127,8139.69,2,0.15,992.06
IN-2024-102901,02-08-2024,05-08-2024,Second Class,CU-1088,Karthik Iyer,Consumer,India,Hyderabad,Telangana,South,TEC-ACC-110,Technology,Accessories,Accessories model 110,4209.77,4,0.0,1754.52
IN-2024-102389,08-03-2024,12-03-2024,Standard Class,CU-1515,Neha Verma,Consumer,India,Lucknow,Uttar Pradesh,North,TEC-COP-133,Technology,Copiers,Copiers model 133,34839.59,1,0.1,9910.78
IN-2025-104644,22-10-2025,27-10-2025,Standard Class,CU-1408,Ravi Sharma,Home Office,India,Kolkata,West Bengal,East,TEC-COP-103,Technology,Copiers,Copiers model 103,73149.76,2,0.05,26862.94
IN-2025-104461,07-09-2025,08-09-2025,First Class,CU-1278,Nisha Kumar,Consumer,India,Jaipur,Rajasthan,West,FUR-FUR-127,Furniture,Furnishings,Furnishings model 127,4013.03,3,0.15,920.42
IN-2025-103902,13-04-2025,16-04-2025,Second Class,CU-1370,Divya Singh,Consumer,India,Amritsar,Punjab,North,FUR-TAB-121,Furniture,Tables,Tables model 121,12715.25,2,0.2,-967.56
IN-2023-101859,17-10-2023,24-10-2023,Standard Class,CU-1191,Karthik Gupta,Home Office,India,Bhubaneswar,Odisha,East,OFF-ART-139,Office Supplies,Art,Art model 139,580.54,3,0.2,163.57
IN-2024-103009,09-09-2024,11-09-2024,First Class,CU-1567,Aditya Sharma,Corporate,India,Lucknow,Uttar Pradesh,North,FUR-FUR-138,Furniture,Furnishings,Furnishings model 138,1327.2,1,0.2,200.55
IN-2025-104636,20-10-2025,23-10-2025,First Class,CU-1308,Arjun Patel,Corporate,India,Jaipur,Rajasthan,West,OFF-LAB-119,Office Supplies,Labels,Labels model 119,254.61,2,0.15,86.49
IN-2023-101351,01-05-2023,06-05-2023,Standard Class,CU-1500,Kavya Shah,Consumer,India,Kochi,Kerala,South,TEC-ACC-136,Technology,Accessories,Accessories model 136,3613.24,4,0.2,888.66
IN-2025-104426,30-08-2025,06-09-2025,Standard Class,CU-1177,Arjun Gupta,Corporate,India,Hyderabad,Telangana,South,TEC-PHO-134,Technology,Phones,Phones model 134,30902.84,2,0.05,8722.34
IN-2022-100513,09-08-2022,13-08-2022,Standard Class,CU-1486,Karthik Reddy,Consumer,India,Hyderabad,Telangana,South,OFF-ART-126,Office Supplies,Art,Art model 126,437.98,2,0.0,168.23
IN-2022-100663,11-10-2022,15-10-2022,Standard Class,CU-1309,SWATHI VERMA,Consumer,India,Bengaluru,Karnataka,South,OFF-BIN-135,Office Supplies,Binders,Binders model 135,459.39,1,0.0,169.05
IN-2025-104442,03-09-2025,05-09-2025,First Class,CU-1179,Neha Verma,Corporate,India,New Delhi,Delhi,North,TEC-MAC-121,Technology,Machines,Machines model 121,38201.5,2,0.0,6395.91
IN-2023-101604,28-07-2023,02-08-2023,Standard Class,CU-1587,Meera Reddy,Corporate,India,Nagpur,Maharashtra,West,OFF-STO-120,Office Supplies,Storage,Storage model 120,9813.78,6,0.0,3510.2
IN-2023-101677,24-08-2023,31-08-2023,Standard Class,CU-1184,Nisha Verma,Corporate,India,Nagpur,Maharashtra,West,TEC-MAC-138,Technology,Machines,Machines model 138,47737.15,2,0.0,7424.19
IN-2025-104954,24-12-2025,31-12-2025,Standard Class,CU-1230,Kavya Verma,Corporate,India,New Delhi,Delhi,North,OFF-LAB-112,Office Supplies,Labels,Labels model 112,219.2,2,0.3,52.3
IN-2022-100067,02-02-2022,09-02-2022,Standard Class,CU-1586,Ananya Singh,Corporate,India,Thiruvananthapuram,Kerala,South,TEC-MAC-139,Technology,Machines,Machines model 139,135552.52,7,0.2,7652.04
IN-2023-101951,11-11-2023,16-11-2023,Standard Class,CU-1049,Sneha Singh,Consumer,India,Jaipur,Rajasthan,West,TEC-ACC-128,Technology,Accessories,Accessories model 128,2706.41,2,0.0,931.42
IN-2025-104990,30-12-2025,05-01-2026,Standard Class,CU-1182,Isha Sharma,Consumer,India,Lucknow,Uttar Pradesh,North,OFF-STO-117,Office Supplies,Storage,Storage model 117,3895.21,2,0.0,1409.49
IN-2024-102421,17-03-2024,22-03-2024,Standard Class,CU-1436,Ananya Verma,Consumer,India,Hyderabad,Telangana,South,FUR-BOO-102,Furniture,Bookcases,Bookcases model 102,17982.17,3,0.05,2502.55
IN-2024-102692,01-06-2024,01-06-2024,Same Day,CU-1046,Nisha Iyer,Corporate,India,Patna,Bihar,East,TEC-MAC-136,Technology,Machines,Machines model 136,44895.18,2,0.05,7666.46
IN-2025-104331,06-08-2025,10-08-2025,Standard Class,CU-1420,ARJUN NAIR,Consumer,India,Noida,Uttar Pradesh,North,FUR-TAB-127,Furniture,Tables,Tables model 127,26931.74,4,0.25,-3074.24
IN-2024-103356,25-11-2024,27-11-2024,First Class,CU-1135,Priya Sharma,Consumer,India,Bengaluru,Karnataka,South,OFF-BIN-105,Office Supplies,Binders,Binders model 105,3150.67,7,0.05,1187.29
IN-2022-100646,07-10-2022,13-10-2022,Standard Class,CU-1110,Meera Joshi,Consumer,India,Thiruvananthapuram,Kerala,South,TEC-ACC-102,Technology,Accessories,Accessories model 102,2431.43,2,0.05,761.27
IN-2024-102348,24-02-2024,29-02-2024,Standard Class,CU-1464,Priya Iyer,Home Office,India,Surat,Gujarat,West,OFF-STO-128,Office Supplies,Storage,Storage model 128,5482.69,3,0.0,1846.07
IN-2023-101667,21-08-2023,26-08-2023,Standard Class,CU-1373,Aditya Das,Consumer,India,Amritsar,Punjab,North,OFF-ART-122,Office Supplies,Art,Art model 122,424.99,2,0.1,156.27
IN-2023-101139,24-02-2023,02-03-2023,Standard Class,CU-1354,Ashok Verma,Corporate,India,New Delhi,Delhi,North,OFF-STO-100,Office Supplies,Storage,Storage model 100,3797.36,2,0.05,1213.53
IN-2022-100542,22-08-2022,23-08-2022,First Class,CU-1189,Aditya Shah,Consumer,India,Patna,Bihar,East,FUR-FUR-112,Furniture,Furnishings,Furnishings model 112,2211.46,2,0.35,-8.92
IN-2023-101314,20-04-2023,22-04-2023,First Class,CU-1262,Lakshmi Iyer,Corporate,India,Lucknow,Uttar Pradesh,North,OFF-PAP-127,Office Supplies,Paper,Paper model 127,335.01,1,0.0,179.79
IN-2025-104297,29-07-2025,02-08-2025,Standard Class,CU-1267,Neha Singh,Corporate,India,Patna,Bihar,EAST ,OFF-STO-118,Office Supplies,Storage,Storage model 118,1833.76,1,0.0,548.6
IN-2023-101964,15-11-2023,16-11-2023,First Class,CU-1462,Neha Menon,Corporate,India,Mysuru,Karnataka,South,OFF-LAB-119,Office Supplies,Labels,Labels model 119,213.16,2,,58.35
IN-2024-102362,01-03-2024,03-03-2024,First Class,CU-1333,Pooja Singh,Corporate,India,Nagpur,Maharashtra,West,FUR-FUR-135,Furniture,Furnishings,Furnishings model 135,4070.79,3,0.05,1112.69
IN-2022-100307,09-05-2022,15-05-2022,Standard Class,CU-1343,Swathi Menon,Consumer,India,Patna,Bihar,East,TEC-MAC-118,Technology,Machines,Machines model 118,22242.97,1,0.05,3480.91
IN-2025-104699,01-11-2025,05-11-2025,Standard Class,CU-1368,Isha Kumar,Corporate,India,Jaipur,Rajasthan,West,TEC-PHO-133,Technology,Phones,Phones model 133,13700.25,1,0.2,1910.97
IN-2022-100130,06-03-2022,10-03-2022,Second Class,CU-1186,Rahul Verma,Consumer,India,Surat,Gujarat,West,TEC-COP-113,Technology,Copiers,Copiers model 113,31915.73,1,0.15,9925.09
IN-2022-100396,13-06-2022,15-06-2022,Second Class,CU-1478,Aarav Shah,Home Office,India,New Delhi,Delhi,North,TEC-MAC-112,Technology,Machines,Machines model 112,90768.68,6,0.2,928.2
IN-2025-104920,18-12-2025,21-12-2025,First Class,CU-1212,Aarav Kumar,Consumer,India,Mysuru,Karnataka,South,TEC-PHO-100,Technology,Phones,Phones model 100,"₹34,226.47",3,0.2,2778.62
IN-2023-101930,06-11-2023,11-11-2023,Standard Class,CU-1090,Arjun Joshi,Corporate,India,New Delhi,Delhi,North,OFF-PAP-104,Office Supplies,Paper,Paper model 104,1547.05,5,0.05,735.7
IN-2025-104423,29-08-2025,03-09-2025,Standard Class,CU-1076,Ravi Pillai,Home Office,India,Jaipur,Rajasthan,West,OFF-PAP-124,Office Supplies,Paper,Paper model 124,199.64,1,0.3,39.88
IN-2025-104288,26-07-2025,02-08-2025,Standard Class,CU-1038,Rahul Kumar,Consumer,India,Surat,Gujarat,West,OFF-LAB-115,Office Supplies,Labels,Labels model 115,155.68,1,0.0,80.38
IN-2022-100723,28-10-2022,04-11-2022,Standard Class,CU-1495,Nisha Singh,Corporate,India,Hyderabad,Telangana,South,FUR-CHA-114,Furniture,Chairs,Chairs model 114,22858.35,6,0.2,2050.16
IN-2024-103222,28-10-2024,03-11-2024,Standard Class,CU-1405,Isha Das,Home Office,India,Ahmedabad,Gujarat,West,OFF-PAP-122,Office Supplies,Paper,Paper model 122,308.81,1,0.0,141.11
IN-2025-103764,13-03-2025,17-03-2025,Standard Class,CU-1433,Priya Sharma,Home Office,India,Bhubaneswar,Odisha,East,OFF-BIN-118,Office Supplies,Binders,Binders model 118,840.8,3,0.4,66.68
IN-2022-100308,10-05-2022,12-05-2022,Second Class,CU-1052,Priya Reddy,Home Office,India,Surat,Gujarat,West,OFF-BIN-100,Office Supplies,Binders,Binders model 100,479.66,1,0.05,187.51
IN-2025-104592,12-10-2025,19-10-2025,Standard Class,CU-1281,Aarav Sharma,Consumer,India,Amritsar,Punjab,North,TEC-MAC-125,Technology,Machines,Machines model 125,19549.79,1,0.15,854.68
IN-2024-103081,29-09-2024,03-10-2024,Second Class,CU-1197,Priya Gupta,Corporate,India,New Delhi,Delhi,North,OFF-ART-115,Office Supplies,Art,Art model 115,473.07,2,0.1,160.62
IN-2022-100385,08-06-2022,11-06-2022,Second Class,CU-1380,Divya Kumar,Consumer,India,Thiruvananthapuram,Kerala,South,TEC-COP-117,Technology,Copiers,Copiers model 117,98024.76,4,0.2,25493.19
IN-2024-102559,24-04-2024,26-04-2024,Second Class,CU-1478,Aarav Shah,Home Office,India,Bhubaneswar,Odisha,East,OFF-STO-111,Office Supplies,Storage,Storage model 111,1545.52,1,0.25,247.19
IN-2024-102701,05-06-2024,09-06-2024,Standard Class,CU-1549,Suresh Reddy,Corporate,India,Ludhiana,Punjab,North,OFF-STO-135,Office Supplies,Storage,Storage model 135,3201.92,2,0.0,1112.38
IN-2022-100583,10-09-2022,15-09-2022,Standard Class,CU-1334,Ananya Pillai,,India,Ludhiana,Punjab,North,OFF-LAB-139,Office Supplies,Labels,Labels model 139,269.28,2,0.1,113.64
IN-2025-104494,17-09-2025,21-09-2025,Standard Class,CU-1268,Vikram Kumar,Consumer,India,Salem,Tamil Nadu,South,TEC-PHO-139,Technology,Phones,Phones model 139,33546.94,2,0.0,10337.36
IN-2025-104980,28-12-2025,04-01-2026,Standard Class,CU-1331,Aditya Patel,Home Office,India,Jaipur,Rajasthan,West,OFF-LAB-121,Office Supplies,Labels,Labels model 121,214.81,2,0.3,54.35
IN-2024-103091,02-10-2024,07-10-2024,Standard Class,CU-1246,Meera Rao,Corporate,India,Madurai,Tamil Nadu,South,TEC-MAC-115,Technology,Machines,Machines model 115,33811.13,2,0.15,2319.06
IN-2024-102581,30-04-2024,07-05-2024,Standard Class,CU-1545,Aditya Das,Consumer,India,Hyderabad,Telangana,South,OFF-STO-125,Office Supplies,Storage,Storage model 125,4597.26,3,0.1,1190.2
IN-2024-102811,09-07-2024,09-07-2024,Same Day,CU-1540,Priya Menon,Consumer,India,New Delhi,Delhi,North,FUR-CHA-117,Furniture,Chairs,Chairs model 117,11537.9,3,0.05,2126.11
IN-2022-100162,19-03-2022,25-03-2022,Standard Class,CU-1085,Swathi Patel,Home Office,India,Kolkata,West Bengal,East,OFF-PAP-128,Office Supplies,Paper,Paper model 128,1606.82,6,0.2,562.3
IN-2023-101335,25-04-2023,29-04-2023,Standard Class,CU-1373,Aditya Das,Consumer,India,Salem,Tamil Nadu,South,FUR-FUR-136,Furniture,Furnishings,Furnishings model 136,1163.09,1,0.15,256.14
IN-2025-104797,21-11-2025,21-11-2025,Same Day,CU-1084,Suresh Pillai,Corporate,India,Thiruvananthapuram,Kerala,South,OFF-BIN-129,Office Supplies,Binders,Binders model 129,386.09,1,0.0,178.74
IN-2022-100937,21-12-2022,28-12-2022,Standard Class,CU-1244,Priya Das,Consumer,India,Patna,Bihar,East,OFF-ART-100,Office Supplies,Art,Art model 100,1106.65,5,0.1,374.56
IN-2023-101367,07-05-2023,11-05-2023,Second Class,CU-1566,Aarav Shah,Consumer,India,Noida,Uttar Pradesh,North,OFF-PAP-113,Office Supplies,Paper,Paper model 113,459.78,2,0.15,197.09
IN-2025-104886,11-12-2025,14-12-2025,Second Class,CU-1076,Ravi Pillai,Home Office,India,Patna,Bihar,East,OFF-PAP-114,Office Supplies,Paper,Paper model 114,521.13,2,0.0,249.57
IN-2024-103122,08-10-2024,15-10-2024,Standard Class,CU-1118,Karthik Joshi,Corporate,India,Nagpur,Maharashtra,West,OFF-ART-118,Office Supplies,Art,Art model 118,933.14,4,0.0,369.83
IN-2025-104023,17-05-2025,24-05-2025,Standard Class,CU-1152,Rahul Gupta,Consumer,India,Patna,Bihar,East,FUR-TAB-122,Furniture,Tables,Tables model 122,28833.04,4,0.15,-682.29
IN-2023-101950,11-11-2023,18-11-2023,Standard Class,CU-1531,Isha Shah,Corporate,India,Hyderabad,Telangana,South,TEC-MAC-122,Technology,Machines,Machines model 122,45683.42,2,0.0,6674.99
IN-2025-103874,04-04-2025,06-04-2025,First Class,CU-1127,Ashok Nair,Consumer,India,Jaipur,Rajasthan,West,OFF-LAB-116,Office Supplies,Labels,Labels model 116,125.25,1,0.1,51.85
IN-2023-101160,02-03-2023,06-03-2023,Standard Class,CU-1311,Divya Verma,Consumer,India,Mumbai,Maharashtra,West,OFF-BIN-125,Office Supplies,Binders,Binders model 125,1061.42,3,0.3,225.52
IN-2025-103990,08-05-2025,11-05-2025,Second Class,CU-1491,Rahul Shah,Corporate,India,Kolkata,West Bengal,East,OFF-PAP-111,Office Supplies,Paper,Paper model 111,238.97,1,0.2,81.08
IN-2023-101592,24-07-2023,30-07-2023,Standard Class,CU-1138,Divya Rao,Consumer,India,Bhubaneswar,Odisha,East,FUR-CHA-133,Furniture,Chairs,Chairs model 133,8841.07,3,0.25,38.54
IN-2024-102702,05-06-2024,07-06-2024,First Class,CU-1371,Arjun Kumar,Consumer,India,Bengaluru,Karnataka,South,FUR-TAB-137,Furniture,Tables,Tables model 137,16326.11,2,0.2,-2395.56
IN-2024-102745,16-06-2024,22-06-2024,Standard Class,CU-1012,Vivaan Shah,Home Office,India,Kolkata,West Bengal,East,OFF-LAB-109,Office Supplies,Labels,Labels model 109,518.17,4,0.05,257.52
IN-2023-101881,25-10-2023,31-10-2023,Standard Class,CU-1386,Priya Reddy,Corporate,India,Chennai,Tamil Nadu,South,FUR-BOO-109,Furniture,Bookcases,Bookcases model 109,11598.43,2,0.25,-254.87
IN-2025-103637,04-02-2025,08-02-2025,Standard Class,CU-1425,Priya Iyer,Home Office,India,Bhubaneswar,Odisha,East,OFF-PAP-109,Office Supplies,Paper,Paper model 109,648.54,3,0.3,128.48
IN-2024-102530,17-04-2024,20-04-2024,Second Class,CU-1241,Arjun Nair,Consumer,India,Mumbai,Maharashtra,West,FUR-BOO-102,Furniture,Bookcases,Bookcases model 102,37783.65,5,0.05,5209.27
IN-2023-102082,17-12-2023,23-12-2023,Standard Class,CU-1458,Sneha Shah,Home Office,India,Amritsar,Punjab,NORTH ,TEC-PHO-124,Technology,Phones,Phones model 124,13190.97,1,0.0,3212.52
IN-2024-103183,19-10-2024,22-10-2024,Second Class,CU-1009,Aditya Gupta,Consumer,India,New Delhi,Delhi,North,TEC-MAC-135,Technology,Machines,Machines model 135,119692.17,7,0.3,-12566.84
IN-2025-104144,17-06-2025,21-06-2025,Standard Class,CU-1141,Kavya Kumar,Consumer,India,Ahmedabad,Gujarat,West,FUR-CHA-133,Furniture,Chairs,Chairs model 133,12630.08,3,0.05,2014.0
IN-2025-104126,13-06-2025,16-06-2025,Second Class,CU-1358,Ashok Verma,Consumer,India,Mysuru,Karnataka,South,TEC-PHO-100,Technology,Phones,Phones model 100,33358.48,3,0.15,5074.59
IN-2024-103054,21-09-2024,27-09-2024,Standard Class,CU-1306,Pooja Gupta,Corporate,India,Kolkata,West Bengal,East,FUR-BOO-127,Furniture,Bookcases,Bookcases model 127,21265.66,4,0.2,448.26
IN-2024-103226,29-10-2024,05-11-2024,Standard Class,CU-1513,Neha Menon,Consumer,India,Hyderabad,Telangana,South,OFF-LAB-127,Office Supplies,Labels,Labels model 127,285.71,2,0.15,102.22
IN-2025-104598,13-10-2025,16-10-2025,Second Class,CU-1227,Priya Rao,Consumer,India,Nagpur,Maharashtra,West,OFF-PAP-112,Office Supplies,Paper,Paper model 112,691.14,3,0.1,286.04
IN-2023-101847,15-10-2023,21-10-2023,Standard Class,CU-1577,Deepak Sharma,Consumer,India,Hyderabad,Telangana,South,FUR-TAB-139,Furniture,Tables,Tables model 139,25268.38,4,0.2,-1431.47
IN-2025-104824,27-11-2025,28-11-2025,First Class,CU-1566,Aarav Shah,Consumer,India,Patna,Bihar,East,TEC-MAC-111,Technology,Machines,Machines model 111,13846.44,1,0.35,-2419.38
IN-2023-101269,06-04-2023,11-04-2023,Standard Class,CU-1469,Sneha Shah,Consumer,India,Mysuru,Karnataka,South,FUR-CHA-127,Furniture,Chairs,Chairs model 127,11353.1,3,0.25,313.39
IN-2024-103231,31-10-2024,02-11-2024,Second Class,CU-1066,Isha Iyer,Home Office,India,Mysuru,Karnataka,South,OFF-BIN-100,Office Supplies,Binders,Binders model 100,765.86,2,0.1,266.15
IN-2025-104529,30-09-2025,07-10-2025,Standard Class,CU-1247,Meera Menon,Consumer,India,Salem,Tamil Nadu,South,FUR-TAB-101,Furniture,Tables,Tables model 101,17963.98,2,0.05,1728.14
IN-2024-102302,10-02-2024,14-02-2024,Second Class,CU-1405,Isha Das,Home Office,India,Patna,Bihar,East,FUR-FUR-135,Furniture,Furnishings,Furnishings model 135,3532.66,3,0.15,770.46
IN-2023-100997,05-01-2023,12-01-2023,Standard Class,CU-1414,Vivaan Gupta,Consumer,India,Hyderabad,Telangana,South,TEC-COP-118,Technology,Copiers,Copiers model 118,198401.94,6,0.1,68635.95
IN-2022-100045,22-01-2022,29-01-2022,Standard Class,CU-1502,Isha Sharma,Consumer,India,Lucknow,Uttar Pradesh,North,OFF-LAB-132,Office Supplies,Labels,Labels model 132,424.13,3,0.1,189.32
IN-2024-102740,16-06-2024,20-06-2024,Standard Class,CU-1417,Kavya Singh,Corporate,India,Mysuru,Karnataka,South,FUR-CHA-103,Furniture,Chairs,Chairs model 103,7665.86,2,0.2,623.85
IN-2025-104463,07-09-2025,14-09-2025,Standard Class,CU-1093,Aarav Verma,Corporate,India,Chennai,Tamil Nadu,South,OFF-BIN-121,Office Supplies,Binders,Binders model 121,420.85,1,0.0,164.97
IN-2025-103839,28-03-2025,31-03-2025,First Class,CU-1414,Vivaan Gupta,Consumer,India,Jaipur,Rajasthan,West,TEC-COP-100,Technology,Copiers,Copiers model 100,147884.47,4,0.0,54700.09
IN-2022-100261,21-04-2022,23-04-2022,First Class,CU-1104,Ashok Sharma,Corporate,India,Ahmedabad,Gujarat,West,FUR-CHA-133,Furniture,Chairs,Chairs model 133,8126.93,2,0.2,485.96
IN-2024-102861,22-07-2024,29-07-2024,Standard Class,CU-1062,Sneha Sharma,Consumer,India,Jaipur,Rajasthan,west,FUR-CHA-114,Furniture,Chairs,Chairs model 114,18183.15,4,0.05,3948.33
IN-2024-102784,02-07-2024,07-07-2024,Standard Class,CU-1174,Nisha Shah,Consumer,India,Amritsar,Punjab,North,OFF-BIN-136,Office Supplies,Binders,Binders model 136,3771.71,8,0.0,1571.45
IN-2024-103097,04-10-2024,08-10-2024,Second Class,CU-1218,Priya Kumar,Consumer,India,Kochi,Kerala,South,OFF-ART-109,Office Supplies,Art,Art model 109,483.09,2,0.1,164.47
IN-2025-104653,24-10-2025,30-10-2025,Standard Class,CU-1257,Rahul Kumar,Consumer,India,Bhubaneswar,Odisha,East,OFF-ART-109,Office Supplies,Art,Art model 109,207.1,1,0.05,77.38
IN-2024-102624,11-05-2024,17-05-2024,Standard Class,CU-1547,Sneha Patel,Consumer,India,Thiruvananthapuram,Kerala,South,OFF-PAP-101,Office Supplies,Paper,Paper model 101,1383.1,6,0.3,263.92
IN-2025-104669,26-10-2025,31-10-2025,Standard Class,CU-1190,Neha Singh,Corporate,India,Nagpur,Maharashtra,West,TEC-COP-106,Technology,Copiers,Copiers model 106,39909.47,1,0.0,13287.05
IN-2025-104963,26-12-2025,01-01-2026,Standard Class,CU-1311,Divya Verma,Consumer,India,Kolkata,West Bengal,East,OFF-STO-128,Office Supplies,Storage,Storage model 128,3664.48,3,0.3,263.96
IN-2024-103327,20-11-2024,24-11-2024,Standard Class,CU-1228,Ravi Sharma,Consumer,India,Surat,Gujarat,West,OFF-STO-131,Office Supplies,Storage,Storage model 131,4131.02,3,,1236.54
IN-2022-100600,19-09-2022,21-09-2022,First Class,CU-1558,Suresh Shah,Consumer,India,Thiruvananthapuram,Kerala,South,TEC-ACC-131,Technology,Accessories,Accessories model 131,3674.05,3,0.1,1421.77
IN-2025-104747,10-11-2025,14-11-2025,Second Class,CU-1482,Ravi Sharma,Consumer,India,Ahmedabad,Gujarat,West,FUR-CHA-119,Furniture,Chairs,Chairs model 119,5928.04,2,0.35,-428.34
IN-2022-100420,27-06-2022,01-07-2022,Second Class,CU-1237,Arjun Sharma,Consumer,India,Pune,Maharashtra,West,OFF-BIN-127,Office Supplies,Binders,Binders model 127,1365.42,4,0.25,372.81
IN-2023-102137,28-12-2023,01-01-2024,Second Class,CU-1416,Sneha Menon,Corporate,India,Patna,Bihar,East,OFF-PAP-107,Office Supplies,Paper,Paper model 107,1149.75,5,0.15,437.35
IN-2023-101247,31-03-2023,03-04-2023,Second Class,CU-1440,Vikram Menon,Corporate,India,Bhubaneswar,Odisha,East,TEC-ACC-102,Technology,Accessories,Accessories model 102,1240.03,1,0.1,463.85
IN-2023-101233,26-03-2023,02-04-2023,Standard Class,CU-1379,Neha Patel,Home Office,India,Amritsar,Punjab,North,TEC-PHO-100,Technology,Phones,Phones model 100,66410.25,7,0.3,1409.56
IN-2024-102267,02-02-2024,09-02-2024,Standard Class,CU-1556,Nisha Iyer,Consumer,India,Kolkata,West Bengal,East,TEC-ACC-114,Technology,Accessories,Accessories model 114,1777.23,2,0.25,273.35
IN-2024-102205,16-01-2024,23-01-2024,Standard Class,CU-1309,Swathi Verma,Consumer,India,Hyderabad,Telangana,South,FUR-FUR-131,Furniture,Furnishings,Furnishings model 131,3319.48,3,0.2,591.12
IN-2023-101813,06-10-2023,07-10-2023,First Class,CU-1230,Kavya Verma,Corporate,India,Kolkata,West Bengal,East,TEC-ACC-104,Technology,Accessories,Accessories model 104,2927.97,3,0.1,768.66
IN-2022-100276,27-04-2022,02-05-2022,Standard Class,CU-1360,Ananya Menon,Home Office,India,Kolkata,West Bengal,East,OFF-LAB-137,Office Supplies,Labels,Labels model 137,270.74,2,0.1,132.09
IN-2022-100706,23-10-2022,29-10-2022,Standard Class,CU-1163,Swathi Pillai,Corporate,India,Chennai,Tamil Nadu,South,OFF-BIN-106,Office Supplies,Binders,Binders model 106,853.08,2,0.0,355.98
IN-2025-103843,29-03-2025,01-04-2025,Second Class,CU-1227,Priya Rao,Consumer,India,Jaipur,Rajasthan,West,FUR-FUR-130,Furniture,Furnishings,Furnishings model 130,6717.48,4,0.0,1973.29
IN-2025-104550,05-10-2025,11-10-2025,Standard Class,CU-1226,Aarav Kumar,Home Office,India,Patna,Bihar,East,OFF-LAB-123,Office Supplies,Labels,Labels model 123,471.12,4,0.15,183.91
IN-2022-100114,27-02-2022,27-02-2022,Same Day,CU-1552,Priya Verma,Home Office,India,Nagpur,Maharashtra,West,OFF-LAB-137,Office Supplies,Labels,Labels model 137,284.82,2,0.0,153.16
IN-2025-104168,23-06-2025,27-06-2025,Standard Class,CU-1158,Divya Singh,Consumer,India,Pune,Maharashtra,West,OFF-BIN-126,Office Supplies,Binders,Binders model 126,848.0,2,0.0,346.59
IN-2025-104014,15-05-2025,19-05-2025,Second Class,CU-1325,Ashok Rao,Consumer,India,Nagpur,Maharashtra,West,OFF-ART-139,Office Supplies,Art,Art model 139,1601.26,6,0.05,587.32
IN-2023-102131,27-12-2023,01-01-2024,Standard Class,CU-1199,Neha Pillai,Consumer,India,Nagpur,Maharashtra,West,TEC-MAC-126,Technology,Machines,Machines model 126,39405.85,2,0.2,663.07
IN-2024-103229,30-10-2024,05-11-2024,Standard Class,CU-1004,Neha Verma,Corporate,India,Mumbai,Maharashtra,west,OFF-ART-110,Office Supplies,Art,Art model 110,1058.49,6,0.2,319.12
IN-2024-102927,10-08-2024,14-08-2024,Standard Class,CU-1360,Ananya Menon,Home Office,India,New Delhi,Delhi,North,FUR-FUR-108,Furniture,Furnishings,Furnishings model 108,7183.1,5,0.15,1253.53
IN-2022-100142,11-03-2022,16-03-2022,Standard Class,CU-1525,Nisha Pillai,Consumer,India,Amritsar,Punjab,North,OFF-ART-103,Office Supplies,Art,Art model 103,210.73,1,0.05,78.23
IN-2025-104548,04-10-2025,08-10-2025,Standard Class,CU-1197,Priya Gupta,Corporate,India,Jaipur,Rajasthan,West,OFF-BIN-108,Office Supplies,Binders,Binders model 108,855.44,2,0.0,388.82
IN-2025-104580,11-10-2025,16-10-2025,Standard Class,CU-1454,Pooja Das,Consumer,India,Ludhiana,Punjab,North,OFF-BIN-134,Office Supplies,Binders,Binders model 134,2073.59,5,0.15,672.51
IN-2023-101566,15-07-2023,19-07-2023,Standard Class,CU-1587,Meera Reddy,Corporate,India,Nagpur,Maharashtra,West,OFF-PAP-104,Office Supplies,Paper,Paper model 104,224.58,1,0.3,61.47
IN-2025-103766,14-03-2025,21-03-2025,Standard Class,CU-1205,Vivaan Sharma,Home Office,India,Patna,Bihar,East,OFF-PAP-127,Office Supplies,Paper,Paper model 127,571.21,2,0.1,228.99
IN-2025-103989,08-05-2025,14-05-2025,Standard Class,CU-1303,Suresh Shah,Corporate,India,Ludhiana,Punjab,North,TEC-ACC-113,Technology,Accessories,Accessories model 113,4498.93,5,0.15,1199.58
IN-2024-102413,15-03-2024,17-03-2024,Second Class,CU-1105,Swathi Sharma,Consumer,India,Pune,Maharashtra,West,TEC-MAC-106,Technology,Machines,Machines model 106,66956.95,3,0.1,5711.53
IN-2023-101654,17-08-2023,17-08-2023,Same Day,CU-1172,Karthik Pillai,Corporate,India,Kolkata,West Bengal,East,FUR-FUR-125,Furniture,Furnishings,Furnishings model 125,1211.63,1,0.2,194.39
IN-2025-103532,04-01-2025,10-01-2025,Standard Class,CU-1449,Vikram Patel,Consumer,India,Kochi,Kerala,South,FUR-BOO-128,Furniture,Bookcases,Bookcases model 128,21230.83,4,0.2,55.11
IN-2022-100105,24-02-2022,27-02-2022,Second Class,CU-1003,Rohit Sharma,Home Office,India,New Delhi,Delhi,NORTH ,FUR-FUR-100,Furniture,Furnishings,Furnishings model 100,2565.7,2,0.1,660.51
IN-2025-104053,25-05-2025,30-05-2025,Standard Class,CU-1571,Isha Singh,Corporate,India,Noida,Uttar Pradesh,North,FUR-BOO-117,Furniture,Bookcases,Bookcases model 117,29687.02,6,0.25,-880.84
IN-2023-101858,17-10-2023,19-10-2023,First Class,CU-1384,Nisha Iyer,Consumer,India,Lucknow,Uttar Pradesh,North,FUR-BOO-131,Furniture,Bookcases,Bookcases model 131,5927.19,1,0.1,371.3
IN-2025-104925,19-12-2025,26-12-2025,Standard Class,CU-1502,Isha Sharma,Consumer,India,Madurai,Tamil Nadu,South,TEC-MAC-112,Technology,Machines,Machines model 112,19660.99,1,0.0,2867.17
IN-2025-104936,21-12-2025,28-12-2025,Standard Class,CU-1047,Divya Nair,Consumer,India,Salem,Tamil Nadu,South,TEC-PHO-121,Technology,Phones,Phones model 121,26585.38,2,0.15,2978.92
IN-2024-102330,19-02-2024,24-02-2024,Standard Class,CU-1524,Rahul Iyer,Corporate,India,Surat,Gujarat,West,FUR-TAB-132,Furniture,Tables,Tables model 132,46880.65,6,0.0,2696.08
IN-2025-103977,05-05-2025,09-05-2025,Second Class,CU-1524,Rahul Iyer,Corporate,India,Jaipur,Rajasthan,West,OFF-LAB-107,Office Supplies,Labels,Labels model 107,111.59,1,0.15,38.73
IN-2025-103890,10-04-2025,13-04-2025,Second Class,CU-1004,Neha Verma,Corporate,India,Mysuru,Karnataka,South,OFF-ART-120,Office Supplies,Art,Art model 120,1352.95,5,0.0,544.44
IN-2024-102710,07-06-2024,12-06-2024,Standard Class,CU-1536,Lakshmi Joshi,Corporate,India,New Delhi,Delhi,North,OFF-LAB-129,Office Supplies,Labels,Labels model 129,410.9,3,0.1,173.73
IN-2025-104338,08-08-2025,14-08-2025,Standard Class,CU-1050,Vikram Sharma,Home Office,India,Surat,Gujarat,West,TEC-MAC-118,Technology,Machines,Machines model 118,71905.89,3,0.0,10974.75
IN-2024-102479,01-04-2024,04-04-2024,Second Class,CU-1298,Meera Kumar,Consumer,India,Hyderabad,Telangana,South,OFF-PAP-124,Office Supplies,Paper,Paper model 124,1338.23,5,0.05,625.05
IN-2024-102863,23-07-2024,24-07-2024,First Class,CU-1479,Aarav Verma,Consumer,India,Kolkata,West Bengal,East,OFF-STO-130,Office Supplies,Storage,Storage model 130,2667.5,2,0.2,435.89
IN-2025-104193,30-06-2025,05-07-2025,Standard Class,CU-1547,Sneha Patel,Consumer,India,Salem,Tamil Nadu,South,TEC-ACC-105,Technology,Accessories,Accessories model 105,6504.43,5,0.0,2694.93
IN-2024-102516,13-04-2024,20-04-2024,Standard Class,CU-1179,Neha Verma,Corporate,India,Hyderabad,Telangana,South,FUR-FUR-108,Furniture,Furnishings,Furnishings model 108,1273.63,1,0.1,353.12
IN-2025-104748,10-11-2025,16-11-2025,Standard Class,CU-1097,Aarav Sharma,Home Office,India,Amritsar,Punjab,North,FUR-BOO-100,Furniture,Bookcases,Bookcases model 100,19044.49,3,0.15,264.36
IN-2025-103565,17-01-2025,24-01-2025,Standard Class,CU-1454,Pooja Das,Consumer,India,Amritsar,Punjab,North,OFF-STO-105,Office Supplies,Storage,Storage model 105,3073.71,2,0.0,911.21
IN-2022-100085,13-02-2022,20-02-2022,Standard Class,CU-1178,Priya Nair,Corporate,India,Jaipur,Rajasthan,West,TEC-ACC-119,Technology,Accessories,Accessories model 119,9354.8,8,0.05,3622.06
IN-2023-101719,06-09-2023,12-09-2023,Standard Class,CU-1588,Rohit Das,Corporate,India,Kochi,Kerala,South,OFF-BIN-109,Office Supplies,Binders,Binders model 109,749.9,2,0.1,252.65
IN-2025-104106,08-06-2025,11-06-2025,Second Class,CU-1383,Aarav Joshi,Consumer,India,Bengaluru,Karnataka,South,TEC-PHO-101,Technology,Phones,Phones model 101,29269.53,2,0.0,7743.52
IN-2024-102653,22-05-2024,26-05-2024,Standard Class,CU-1273,Pooja Iyer,Consumer,India,Kochi,Kerala,South,TEC-MAC-123,Technology,Machines,Machines model 123,28484.05,2,0.4,-4950.23
IN-2023-101340,26-04-2023,29-04-2023,Second Class,CU-1117,Aarav Shah,Corporate,India,Mumbai,Maharashtra,West,FUR-TAB-131,Furniture,Tables,Tables model 131,32164.53,4,0.2,-1724.37
IN-2025-103896,11-04-2025,12-04-2025,First Class,CU-1158,Divya Singh,Consumer,India,Mumbai,Maharashtra,West,TEC-PHO-128,Technology,Phones,Phones model 128,30380.26,2,0.1,4161.7
IN-2022-100277,27-04-2022,02-05-2022,Standard Class,CU-1209,Priya Iyer,Corporate,India,Hyderabad,Telangana,South,OFF-PAP-133,Office Supplies,Paper,Paper model 133,929.6,3,0.1,400.16
IN-2023-101409,23-05-2023,27-05-2023,Standard Class,CU-1350,Sneha Menon,Consumer,India,Mysuru,Karnataka,South,OFF-BIN-115,Office Supplies,Binders,Binders model 115,331.61,1,0.2,113.7
IN-2023-101373,08-05-2023,11-05-2023,Second Class,CU-1329,Isha Pillai,Consumer,India,Ahmedabad,Gujarat,West,OFF-PAP-118,Office Supplies,Paper,Paper model 118,527.9,2,0.15,211.38
IN-2025-103845,29-03-2025,05-04-2025,Standard Class,CU-1522,Arjun Menon,Corporate,India,Surat,Gujarat,West,TEC-COP-120,Technology,Copiers,Copiers model 120,105032.68,4,0.2,23588.35
IN-2025-103995,09-05-2025,11-05-2025,Second Class,CU-1484,Rahul Shah,Consumer,India,Noida,Uttar Pradesh,North,OFF-LAB-120,Office Supplies,Labels,Labels model 120,336.11,3,0.3,83.03
IN-2025-104185,26-06-2025,02-07-2025,Standard Class,CU-1022,Sneha Rao,Consumer,India,Mysuru,Karnataka,South,TEC-COP-112,Technology,Copiers,Copiers model 112,115201.36,4,0.15,30371.07
IN-2022-100091,16-02-2022,20-02-2022,Standard Class,CU-1326,Neha Nair,Home Office,India,Hyderabad,Telangana,South,FUR-CHA-118,Furniture,Chairs,Chairs model 118,14251.0,4,0.25,578.38
IN-2025-104377,17-08-2025,22-08-2025,Standard Class,CU-1200,Swathi Nair,Consumer,India,Bhubaneswar,Odisha,East,TEC-COP-100,Technology,Copiers,Copiers model 100,32302.1,1,0.05,10465.01
IN-2024-103056,22-09-2024,26-09-2024,Standard Class,CU-1494,Lakshmi Singh,Consumer,India,Pune,Maharashtra,West,OFF-PAP-109,Office Supplies,Paper,Paper model 109,243.11,1,0.05,113.85
IN-2023-101907,30-10-2023,02-11-2023,First Class,CU-1419,Ashok Verma,Home Office,India,Hyderabad,Telangana,South,OFF-BIN-129,Office Supplies,Binders,Binders model 129,816.98,2,0.0,369.72
IN-2024-102700,05-06-2024,05-06-2024,Same Day,CU-1463,Kavya Iyer,,India,Lucknow,Uttar Pradesh,North,TEC-MAC-123,Technology,Machines,Machines model 123,21169.51,1,0.05,1289.23
IN-2023-101824,09-10-2023,12-10-2023,Second Class,CU-1265,Priya Verma,Consumer,India,Bhubaneswar,Odisha,East,OFF-PAP-114,Office Supplies,Paper,Paper model 114,616.82,2,0.1,238.73
IN-2024-103418,10-12-2024,15-12-2024,Standard Class,CU-1113,Kavya Patel,Home Office,India,Jaipur,Rajasthan,West,OFF-ART-127,Office Supplies,Art,Art model 127,256.1,1,0.0,108.91
IN-2023-101427,27-05-2023,01-06-2023,Standard Class,CU-1234,Ashok Menon,Home Office,India,Noida,Uttar Pradesh,North,TEC-PHO-126,Technology,Phones,Phones model 126,24973.14,2,0.1,5259.18
IN-2024-103413,08-12-2024,15-12-2024,Standard Class,CU-1120,Manoj Kumar,Consumer,India,Patna,Bihar,East,OFF-PAP-124,Office Supplies,Paper,Paper model 124,218.37,1,0.2,69.15
IN-2025-104462,07-09-2025,12-09-2025,Standard Class,CU-1565,Isha Menon,Home Office,India,Jaipur,Rajasthan,West,OFF-ART-114,Office Supplies,Art,Art model 114,455.26,2,0.05,156.82
IN-2023-102072,13-12-2023,20-12-2023,Standard Class,CU-1594,Vivaan Singh,Home Office,India,Amritsar,Punjab,North,TEC-COP-101,Technology,Copiers,Copiers model 101,90414.09,3,0.1,31250.68
IN-2023-102027,01-12-2023,03-12-2023,First Class,CU-1309,Swathi Verma,Consumer,India,New Delhi,Delhi,North,OFF-PAP-129,Office Supplies,Paper,Paper model 129,324.6,1,0.0,144.22
IN-2023-100999,05-01-2023,05-01-2023,Same Day,CU-1433,Priya Sharma,Home Office,India,Bengaluru,Karnataka,South,OFF-STO-105,Office Supplies,Storage,Storage model 105,2851.03,2,0.1,826.33
IN-2024-102359,29-02-2024,06-03-2024,Standard Class,CU-1384,Nisha Iyer,Consumer,India,New Delhi,Delhi,North,OFF-PAP-132,Office Supplies,Paper,Paper model 132,1018.96,3,0.0,484.74
IN-2024-103109,06-10-2024,12-10-2024,Standard Class,CU-1395,Kavya Verma,Corporate,India,Bhubaneswar,Odisha,east,OFF-STO-105,Office Supplies,Storage,Storage model 105,1494.13,1,0.05,440.16
IN-2024-103426,12-12-2024,18-12-2024,Standard Class,CU-1109,Rahul Sharma,Consumer,India,Kochi,Kerala,South,OFF-LAB-139,Office Supplies,Labels,Labels model 139,304.42,2,0.05,145.89
IN-2023-101760,22-09-2023,27-09-2023,Standard Class,CU-1027,Isha Verma,Corporate,India,Patna,Bihar,East,TEC-PHO-109,Technology,Phones,Phones model 109,14170.79,1,0.05,3063.25
IN-2024-103452,18-12-2024,24-12-2024,Standard Class,CU-1148,Rahul Pillai,Home Office,India,Madurai,Tamil Nadu,South,OFF-LAB-121,Office Supplies,Labels,Labels model 121,134.74,1,0.0,67.21
IN-2024-102289,08-02-2024,10-02-2024,First Class,CU-1045,Lakshmi Iyer,Consumer,India,Jaipur,Rajasthan,West,TEC-MAC-113,Technology,Machines,Machines model 113,28663.83,2,0.3,-5001.85
IN-2024-102715,08-06-2024,15-06-2024,Standard Class,CU-1240,Ananya Menon,Consumer,India,Kochi,Kerala,South,OFF-PAP-130,Office Supplies,Paper,Paper model 130,558.04,3,0.35,104.86
IN-2023-101343,27-04-2023,04-05-2023,Standard Class,CU-1161,Pooja Joshi,Consumer,India,Surat,Gujarat,West,OFF-BIN-136,Office Supplies,Binders,Binders model 136,463.95,1,0.0,188.27
IN-2025-104191,29-06-2025,06-07-2025,Standard Class,CU-1110,Meera Joshi,Consumer,India,Ahmedabad,Gujarat,West,FUR-CHA-113,Furniture,Chairs,Chairs model 113,4563.2,1,0.0,1037.97
IN-2023-102147,31-12-2023,07-01-2024,Standard Class,CU-1143,Pooja Gupta,Consumer,India,Kochi,Kerala,South,FUR-TAB-113,Furniture,Tables,Tables model 113,5147.56,1,0.35,-1304.39
IN-2022-100168,21-03-2022,25-03-2022,Standard Class,CU-1563,Arjun Nair,Corporate,India,Bhubaneswar,Odisha,East,FUR-FUR-137,Furniture,Furnishings,Furnishings model 137,3301.73,3,0.25,347.34
IN-2022-100497,01-08-2022,03-08-2022,Second Class,CU-1389,Kavya Menon,Consumer,India,Mumbai,Maharashtra,West,OFF-STO-134,Office Supplies,Storage,Storage model 134,4281.98,3,0.3,436.48
IN-2024-103162,15-10-2024,19-10-2024,Second Class,CU-1003,Rohit Sharma,Home Office,India,Patna,Bihar,East,TEC-COP-103,Technology,Copiers,Copiers model 103,105706.95,4,0.15,33137.12
IN-2025-104428,30-08-2025,02-09-2025,Second Class,CU-1120,Manoj Kumar,Consumer,India,Madurai,Tamil Nadu,South,OFF-STO-109,Office Supplies,Storage,Storage model 109,5097.86,3,0.05,1721.86
IN-2022-100220,06-04-2022,13-04-2022,Standard Class,CU-1202,Neha Verma,Consumer,India,Amritsar,Punjab,North,TEC-COP-122,Technology,Copiers,Copiers model 122,27237.25,1,0.1,9207.21
IN-2024-102482,02-04-2024,07-04-2024,Standard Class,CU-1204,Lakshmi Patel,Home Office,India,Bhubaneswar,Odisha,East,TEC-COP-130,Technology,Copiers,Copiers model 130,52631.61,2,0.15,16511.07
IN-2025-104993,30-12-2025,05-01-2026,Standard Class,CU-1221,Aditya Pillai,Consumer,India,Kolkata,West Bengal,East,FUR-FUR-111,Furniture,Furnishings,Furnishings model 111,5859.28,6,0.25,599.44
IN-2024-102535,18-04-2024,21-04-2024,First Class,CU-1503,Isha Menon,Consumer,India,Madurai,Tamil Nadu,South,OFF-STO-125,Office Supplies,Storage,Storage model 125,1545.48,1,0.05,539.18
IN-2025-103731,05-03-2025,12-03-2025,Standard Class,CU-1227,Priya Rao,Consumer,India,Surat,Gujarat,West,FUR-TAB-134,Furniture,Tables,Tables model 134,27464.19,5,0.45,-10410.52
IN-2023-101538,03-07-2023,10-07-2023,Standard Class,CU-1297,Ananya Patel,Corporate,India,Jaipur,Rajasthan,West,OFF-ART-132,Office Supplies,Art,Art model 132,249.27,1,0.05,104.84
IN-2025-104628,19-10-2025,21-10-2025,First Class,CU-1231,Manoj Gupta,Consumer,India,Kochi,Kerala,South,OFF-STO-131,Office Supplies,Storage,Storage model 131,3881.49,2,0.05,1223.57
IN-2022-100306,09-05-2022,11-05-2022,First Class,CU-1180,Divya Das,Corporate,India,Lucknow,Uttar Pradesh,North,OFF-ART-104,Office Supplies,Art,Art model 104,1023.95,4,0.05,385.01
IN-2025-103844,29-03-2025,31-03-2025,First Class,CU-1368,Isha Kumar,Corporate,India,Amritsar,Punjab,North,OFF-BIN-125,Office Supplies,Binders,Binders model 125,423.19,1,0.0,169.68
IN-2022-100197,29-03-2022,01-04-2022,Second Class,CU-1529,Deepak Joshi,Consumer,India,Amritsar,Punjab,North,FUR-BOO-110,Furniture,Bookcases,Bookcases model 110,6727.26,1,0.1,644.81
IN-2023-101147,27-02-2023,03-03-2023,Standard Class,CU-1040,Arjun Gupta,Corporate,India,Hyderabad,Telangana,South,TEC-COP-115,Technology,Copiers,Copiers model 115,35299.91,1,0.0,13763.61
IN-2025-104591,12-10-2025,14-10-2025,Second Class,CU-1341,Aditya Sharma,Consumer,India,Patna,Bihar,East,OFF-ART-123,Office Supplies,Art,Art model 123,438.33,2,0.2,113.0
IN-2022-100111,26-02-2022,28-02-2022,Second Class,CU-1412,Arjun Patel,Corporate,India,Noida,Uttar Pradesh,North,OFF-STO-118,Office Supplies,Storage,Storage model 118,1400.36,1,0.15,273.96
IN-2025-103555,11-01-2025,18-01-2025,Standard Class,CU-1335,Sneha Patel,Consumer,India,Bengaluru,Karnataka,South,FUR-FUR-100,Furniture,Furnishings,Furnishings model 100,3094.09,3,0.2,444.74
IN-2025-104466,08-09-2025,14-09-2025,Standard Class,CU-1415,Manoj Joshi,Consumer,India,Ludhiana,Punjab,North,TEC-COP-135,Technology,Copiers,Copiers model 135,193723.85,6,0.0,81943.68
IN-2025-104991,30-12-2025,04-01-2026,Standard Class,CU-1558,Suresh Shah,Consumer,India,Ahmedabad,Gujarat,West,OFF-STO-136,Office Supplies,Storage,Storage model 136,4473.87,3,0.1,1135.6
IN-2022-100927,18-12-2022,22-12-2022,Second Class,CU-1573,Nisha Nair,Consumer,India,New Delhi,Delhi,North,OFF-LAB-113,Office Supplies,Labels,Labels model 113,136.21,1,0.1,58.24
IN-2023-101816,07-10-2023,10-10-2023,Second Class,CU-1528,Suresh Patel,Corporate,India,Ludhiana,Punjab,North,TEC-PHO-107,Technology,Phones,Phones model 107,40491.14,3,0.1,8665.08
IN-2025-104493,17-09-2025,21-09-2025,Standard Class,CU-1139,Rahul Patel,Consumer,India,Jaipur,Rajasthan,West,TEC-MAC-127,Technology,Machines,Machines model 127,20416.42,1,0.1,1333.04
IN-2022-100798,15-11-2022,22-11-2022,Standard Class,CU-1071,Ashok Das,Consumer,India,Coimbatore,Tamil Nadu,South,OFF-ART-105,Office Supplies,Art,Art model 105,738.15,3,0.1,244.47
IN-2023-101299,13-04-2023,16-04-2023,Second Class,CU-1129,Manoj Pillai,Consumer,India,Surat,Gujarat,West,TEC-COP-130,Technology,Copiers,Copiers model 130,163188.25,6,0.3,24637.35
IN-2024-103260,07-11-2024,13-11-2024,Standard Class,CU-1105,Swathi Sharma,Consumer,India,Madurai,Tamil Nadu,South,OFF-BIN-138,Office Supplies,Binders,Binders model 138,860.7,2,0.15,267.87
IN-2023-101063,25-01-2023,28-01-2023,First Class,CU-1296,Sneha Joshi,Consumer,India,Pune,Maharashtra,West,TEC-COP-119,Technology,Copiers,Copiers model 119,142529.17,5,0.1,50692.98
IN-2025-104515,23-09-2025,30-09-2025,Standard Class,CU-1402,Arjun Joshi,Corporate,India,Mysuru,Karnataka,South,TEC-MAC-121,Technology,Machines,Machines model 121,88100.39,4,0.0,13563.26
IN-2024-103281,11-11-2024,18-11-2024,Standard Class,CU-1168,Deepak Sharma,Corporate,India,Thiruvananthapuram,Kerala,South,TEC-PHO-105,Technology,Phones,Phones model 105,57542.26,5,0.15,10373.71
IN-2025-104472,10-09-2025,12-09-2025,Second Class,CU-1384,Nisha Iyer,Consumer,India,Amritsar,Punjab,North,OFF-BIN-107,Office Supplies,Binders,Binders model 107,1328.16,3,0.05,546.82
IN-2025-104567,08-10-2025,12-10-2025,Standard Class,CU-1336,Kavya Iyer,Corporate,India,Hyderabad,Telangana,South,TEC-MAC-115,Technology,Machines,Machines model 115,23555.18,1,0.0,2938.99
IN-2024-103321,20-11-2024,27-11-2024,Standard Class,CU-1226,Aarav Kumar,Home Office,India,Mumbai,Maharashtra,West,FUR-CHA-114,Furniture,Chairs,Chairs model 114,27473.04,6,0.05,3973.86
IN-2025-103972,03-05-2025,05-05-2025,Second Class,CU-1560,Ashok Patel,Home Office,India,Hyderabad,Telangana,South,OFF-PAP-128,Office Supplies,Paper,Paper model 128,251.79,1,0.2,81.37
IN-2024-103318,19-11-2024,23-11-2024,Standard Class,CU-1156,Ananya Das,Consumer,India,Kolkata,West Bengal,East,TEC-ACC-108,Technology,Accessories,Accessories model 108,4135.63,5,0.35,226.21
IN-2023-101360,05-05-2023,12-05-2023,Standard Class,CU-1520,Priya Nair,Consumer,India,Salem,Tamil Nadu,South,TEC-MAC-132,Technology,Machines,Machines model 132,39046.8,2,0.0,4990.59
IN-2023-101762,22-09-2023,23-09-2023,First Class,CU-1434,Lakshmi Pillai,Corporate,India,Kolkata,West Bengal,East,OFF-LAB-123,Office Supplies,Labels,Labels model 123,141.19,1,0.15,58.97
IN-2023-102060,10-12-2023,14-12-2023,Standard Class,CU-1514,Ravi Shah,Consumer,India,Hyderabad,Telangana,South,TEC-MAC-136,Technology,Machines,Machines model 136,55875.32,3,0.05,7805.77
IN-2024-102893,31-07-2024,07-08-2024,Standard Class,CU-1089,Suresh Nair,Home Office,India,Noida,Uttar Pradesh,North,TEC-MAC-137,Technology,Machines,Machines model 137,80097.51,5,0.15,4479.31
IN-2025-103735,06-03-2025,09-03-2025,First Class,CU-1427,Deepak Pillai,Home Office,India,Madurai,Tamil Nadu,South,OFF-ART-109,Office Supplies,Art,Art model 109,250.46,1,0.0,112.91
IN-2025-103558,12-01-2025,16-01-2025,Standard Class,CU-1358,Ashok Verma,Consumer,India,Patna,Bihar,East,FUR-CHA-131,Furniture,Chairs,Chairs model 131,8067.02,3,0.35,-305.75
IN-2023-101487,17-06-2023,21-06-2023,Standard Class,CU-1398,Manoj Kumar,Consumer,India,Mumbai,Maharashtra,West,TEC-MAC-122,Technology,Machines,Machines model 122,38734.8,2,0.1,4985.2
IN-2025-104635,20-10-2025,22-10-2025,Second Class,CU-1152,Rahul Gupta,Consumer,India,Madurai,Tamil Nadu,South,OFF-LAB-139,Office Supplies,Labels,Labels model 139,130.59,1,0.0,65.22
IN-2025-103780,17-03-2025,19-03-2025,Second Class,CU-1114,Divya Kumar,Corporate,India,Bengaluru,Karnataka,SOUTH ,FUR-CHA-122,Furniture,Chairs,Chairs model 122,3905.92,1,0.2,267.46
IN-2025-104577,10-10-2025,12-10-2025,Second Class,CU-1535,Kavya Kumar,Consumer,India,Patna,Bihar,East,TEC-ACC-116,Technology,Accessories,Accessories model 116,3536.49,4,0.2,666.51
IN-2025-104320,04-08-2025,07-08-2025,First Class,CU-1018,Vivaan Das,Consumer,India,Bengaluru,Karnataka,South,FUR-BOO-120,Furniture,Bookcases,Bookcases model 120,7528.48,1,0.05,1214.3
IN-2022-100673,15-10-2022,19-10-2022,Standard Class,CU-1438,Rahul Rao,Home Office,India,Surat,Gujarat,West,OFF-LAB-136,Office Supplies,Labels,Labels model 136,338.87,3,0.15,137.97
IN-2025-104072,31-05-2025,02-06-2025,Second Class,CU-1129,Manoj Pillai,Consumer,India,Bhubaneswar,Odisha,East,FUR-CHA-118,Furniture,Chairs,Chairs model 118,11205.82,3,0.05,2174.48
IN-2023-101394,19-05-2023,22-05-2023,First Class,CU-1126,Aditya Menon,Home Office,India,Surat,Gujarat,West,OFF-LAB-126,Office Supplies,Labels,Labels model 126,415.33,3,0.1,170.44
IN-2024-103142,12-10-2024,19-10-2024,Standard Class,CU-1599,Sneha Reddy,Corporate,India,Thiruvananthapuram,Kerala,South,OFF-PAP-138,Office Supplies,Paper,Paper model 138,282.22,1,0.0,138.36
IN-2024-102654,23-05-2024,30-05-2024,Standard Class,CU-1267,Neha Singh,Corporate,India,Thiruvananthapuram,Kerala,South,TEC-ACC-107,Technology,Accessories,Accessories model 107,747.32,1,0.3,135.45
IN-2022-100581,10-09-2022,11-09-2022,First Class,CU-1095,Neha Verma,Consumer,India,Hyderabad,Telangana,South,OFF-ART-137,Office Supplies,Art,Art model 137,472.82,2,0.0,206.84
IN-2023-101046,20-01-2023,22-01-2023,Second Class,CU-1206,Aarav Menon,Corporate,India,Surat,Gujarat,West,OFF-LAB-107,Office Supplies,Labels,Labels model 107,137.81,1,0.0,67.38
IN-2025-104174,24-06-2025,01-07-2025,Standard Class,CU-1261,Lakshmi Pillai,Consumer,India,Mumbai,Maharashtra,West,OFF-STO-133,Office Supplies,Storage,Storage model 133,9804.71,6,0.05,2449.97
IN-2024-102596,03-05-2024,10-05-2024,Standard Class,CU-1071,Ashok Das,Consumer,India,Nagpur,Maharashtra,West,TEC-PHO-119,Technology,Phones,Phones model 119,14140.16,1,0.15,3379.63
IN-2024-102797,07-07-2024,11-07-2024,Standard Class,CU-1162,Isha Patel,Corporate,India,Amritsar,Punjab,North,OFF-ART-134,Office Supplies,Art,Art model 134,637.94,3,0.0,291.49
IN-2024-103478,22-12-2024,27-12-2024,Standard Class,CU-1139,Rahul Patel,Consumer,India,Surat,Gujarat,West,FUR-CHA-127,Furniture,Chairs,Chairs model 127,12267.18,3,0.1,1917.3
IN-2025-104222,08-07-2025,12-07-2025,Standard Class,CU-1149,Rohit Shah,Corporate,India,Jaipur,Rajasthan,West,FUR-BOO-100,Furniture,Bookcases,Bookcases model 100,4344.21,1,0.4,-825.78
IN-2024-103115,08-10-2024,13-10-2024,Standard Class,CU-1424,Pooja Singh,Corporate,India,Ludhiana,Punjab,North,OFF-BIN-114,Office Supplies,Binders,Binders model 114,692.32,2,0.3,140.95
IN-2025-103589,23-01-2025,27-01-2025,Second Class,CU-1159,Ananya Singh,Corporate,India,Ahmedabad,Gujarat,West,TEC-ACC-128,Technology,Accessories,Accessories model 128,2276.82,2,0.1,879.69
IN-2025-103962,30-04-2025,01-05-2025,First Class,CU-1509,Aditya Rao,Home Office,India,Bhubaneswar,Odisha,East,FUR-CHA-111,Furniture,Chairs,Chairs model 111,6588.6,2,0.25,117.81
IN-2023-101961,14-11-2023,21-11-2023,Standard Class,CU-1526,Deepak Rao,Consumer,India,Amritsar,Punjab,North,TEC-COP-127,Technology,Copiers,Copiers model 127,46500.17,2,0.3,6049.82
IN-2023-101933,07-11-2023,11-11-2023,Standard Class,CU-1243,Nisha Kumar,Consumer,India,Mumbai,Maharashtra,West,TEC-ACC-118,Technology,Accessories,Accessories model 118,4826.09,4,0.1,1347.47
IN-2023-101597,25-07-2023,31-07-2023,Standard Class,CU-1083,Arjun Gupta,Consumer,India,Kochi,Kerala,South,OFF-STO-120,Office Supplies,Storage,Storage model 120,4091.05,2,0.0,1465.35
IN-2025-104673,26-10-2025,30-10-2025,Standard Class,CU-1342,Kavya Kumar,Consumer,India,Noida,Uttar Pradesh,North,TEC-PHO-135,Technology,Phones,Phones model 135,46461.78,4,0.1,8342.63
IN-2025-104718,04-11-2025,08-11-2025,Standard Class,CU-1170,Meera Sharma,Home Office,India,New Delhi,Delhi,North,FUR-TAB-113,Furniture,Tables,Tables model 113,4988.33,1,0.5,-2279.9
IN-2022-100768,10-11-2022,13-11-2022,Second Class,CU-1582,Neha Pillai,Consumer,India,Mysuru,Karnataka,South,TEC-ACC-102,Technology,Accessories,Accessories model 102,5563.66,5,0.0,2152.52
IN-2022-100660,11-10-2022,16-10-2022,Standard Class,CU-1100,Vivaan Iyer,Consumer,India,Mumbai,Maharashtra,West,TEC-COP-113,Technology,Copiers,Copiers model 113,178117.23,5,0.05,67925.39
IN-2025-104828,28-11-2025,02-12-2025,Standard Class,CU-1186,Rahul Verma,Consumer,India,Surat,Gujarat,West,TEC-PHO-106,Technology,Phones,Phones model 106,51898.34,6,0.4,-8572.4
IN-2025-103573,19-01-2025,19-01-2025,Same Day,CU-1165,Isha Menon,Consumer,India,Lucknow,Uttar Pradesh,North,FUR-BOO-115,Furniture,Bookcases,Bookcases model 115,5798.41,1,0.15,404.27
IN-2022-100623,01-10-2022,05-10-2022,Second Class,CU-1577,Deepak Sharma,Consumer,India,Bengaluru,Karnataka,South,FUR-BOO-137,Furniture,Bookcases,Bookcases model 137,17550.22,3,0.25,-441.37
IN-2025-104853,03-12-2025,07-12-2025,Standard Class,CU-1210,Rahul Iyer,Home Office,India,Madurai,Tamil Nadu,South,TEC-COP-139,Technology,Copiers,Copiers model 139,31370.22,1,0.2,8440.62
IN-2025-104356,13-08-2025,18-08-2025,Standard Class,CU-1524,Rahul Iyer,Corporate,India,Hyderabad,Telangana,South,OFF-LAB-136,Office Supplies,Labels,Labels model 136,244.89,2,0.1,104.25
IN-2025-104379,18-08-2025,22-08-2025,Standard Class,CU-1202,Neha Verma,Consumer,India,Kolkata,West Bengal,East,OFF-LAB-124,Office Supplies,Labels,Labels model 124,525.27,4,0.1,245.72
IN-2025-104052,24-05-2025,29-05-2025,Standard Class,CU-1359,Karthik Gupta,Consumer,India,Lucknow,Uttar Pradesh,North,FUR-FUR-135,Furniture,Furnishings,Furnishings model 135,2849.03,2,0.05,798.48
IN-2024-102683,29-05-2024,02-06-2024,Standard Class,CU-1328,Ananya Pillai,Consumer,India,Pune,Maharashtra,West,FUR-BOO-125,Furniture,Bookcases,Bookcases model 125,10406.08,2,0.15,539.24
IN-2023-101185,09-03-2023,13-03-2023,Standard Class,CU-1378,Manoj Rao,Consumer,India,Ahmedabad,Gujarat,West,TEC-COP-123,Technology,Copiers,Copiers model 123,36065.17,1,0.1,12520.95
IN-2023-101974,18-11-2023,20-11-2023,Second Class,CU-1132,Suresh Patel,Consumer,India,Patna,Bihar,East,OFF-BIN-100,Office Supplies,Binders,Binders model 100,1785.67,4,0.05,724.76
IN-2025-104552,05-10-2025,10-10-2025,Standard Class,CU-1482,Ravi Sharma,Consumer,India,Kochi,Kerala,South,OFF-ART-124,Office Supplies,Art,Art model 124,697.49,3,0.15,224.6
IN-2025-103859,01-04-2025,08-04-2025,Standard Class,CU-1385,Arjun Sharma,Corporate,India,Hyderabad,Telangana,South,OFF-STO-114,Office Supplies,Storage,Storage model 114,15374.29,8,0.0,5858.22
IN-2025-104531,30-09-2025,05-10-2025,Standard Class,CU-1533,Vivaan Patel,Home Office,India,Coimbatore,Tamil Nadu,South,FUR-BOO-139,Furniture,Bookcases,Bookcases model 139,5505.55,1,0.1,688.6
IN-2025-103736,06-03-2025,06-03-2025,Same Day,CU-1563,Arjun Nair,Corporate,India,Mysuru,Karnataka,South,FUR-CHA-115,Furniture,Chairs,Chairs model 115,3639.32,1,0.05,608.22
IN-2024-102936,13-08-2024,16-08-2024,First Class,CU-1314,Vivaan Verma,Consumer,India,New Delhi,Delhi,North,TEC-MAC-107,Technology,Machines,Machines model 107,31323.35,2,0.3,-3242.34
IN-2025-104396,24-08-2025,29-08-2025,Standard Class,CU-1499,Suresh Menon,Consumer,India,Mumbai,Maharashtra,West,TEC-ACC-102,Technology,Accessories,Accessories model 102,2366.83,2,0.05,821.17
IN-2025-103993,09-05-2025,12-05-2025,Second Class,CU-1010,Manoj Pillai,Corporate,India,Hyderabad,Telangana,South,TEC-ACC-139,Technology,Accessories,Accessories model 139,1250.97,1,0.0,516.56
IN-2025-104921,19-12-2025,24-12-2025,Standard Class,CU-1047,Divya Nair,Consumer,India,Mysuru,Karnataka,South,TEC-MAC-124,Technology,Machines,Machines model 124,113300.45,5,0.0,20725.56
IN-2025-104535,01-10-2025,07-10-2025,Standard Class,CU-1423,Nisha Sharma,Home Office,India,Bhubaneswar,Odisha,East,OFF-ART-138,Office Supplies,Art,Art model 138,190.48,1,0.15,61.96
IN-2024-102374,05-03-2024,12-03-2024,Standard Class,CU-1134,Arjun Patel,Consumer,India,Mumbai,Maharashtra,West,TEC-ACC-112,Technology,Accessories,Accessories model 112,2371.11,2,0.05,836.1
IN-2024-102452,25-03-2024,26-03-2024,First Class,CU-1492,Rahul Verma,Consumer,India,Hyderabad,Telangana,South,TEC-ACC-130,Technology,Accessories,Accessories model 130,3825.2,4,0.1,1166.37
IN-2024-103338,22-11-2024,26-11-2024,Second Class,CU-1120,Manoj Kumar,Consumer,India,Thiruvananthapuram,Kerala,South,TEC-PHO-130,Technology,Phones,Phones model 130,16593.57,1,0.0,4849.43
IN-2025-104009,13-05-2025,16-05-2025,Second Class,CU-1123,Isha Menon,Home Office,India,Bhubaneswar,Odisha,East,TEC-MAC-124,Technology,Machines,Machines model 124,83452.67,4,0.1,3546.16
IN-2025-104389,22-08-2025,23-08-2025,First Class,CU-1289,Ananya Joshi,Corporate,India,Ludhiana,Punjab,North,TEC-PHO-127,Technology,Phones,Phones model 127,62763.17,5,0.1,11971.38
IN-2023-101838,12-10-2023,19-10-2023,Standard Class,CU-1087,Deepak Reddy,Home Office,India,Hyderabad,Telangana,South,TEC-ACC-109,Technology,Accessories,Accessories model 109,1075.69,1,0.0,423.13
IN-2025-104375,17-08-2025,24-08-2025,Standard Class,CU-1417,Kavya Singh,Corporate,India,Chennai,Tamil Nadu,South,TEC-COP-108,Technology,Copiers,Copiers model 108,21926.16,1,0.4,439.0
IN-2022-100656,09-10-2022,12-10-2022,First Class,CU-1521,Rahul Sharma,Corporate,India,Mumbai,Maharashtra,West,FUR-BOO-112,Furniture,Bookcases,Bookcases model 112,4907.88,1,0.25,59.74
IN-2023-101059,23-01-2023,26-01-2023,First Class,CU-1531,Isha Shah,Corporate,India,Jaipur,Rajasthan,West,OFF-PAP-137,Office Supplies,Paper,Paper model 137,591.68,3,0.3,151.98
IN-2022-100733,31-10-2022,03-11-2022,First Class,CU-1056,Arjun Nair,Consumer,India,Amritsar,Punjab,North,OFF-LAB-108,Office Supplies,Labels,Labels model 108,471.38,3,0.05,223.46
IN-2025-103784,17-03-2025,22-03-2025,Standard Class,CU-1404,Pooja Rao,Consumer,India,Noida,Uttar Pradesh,North,OFF-ART-135,Office Supplies,Art,Art model 135,402.16,2,0.15,121.72
IN-2022-100554,27-08-2022,01-09-2022,Standard Class,CU-1558,Suresh Shah,Consumer,India,Noida,Uttar Pradesh,North,OFF-BIN-132,Office Supplies,Binders,Binders model 132,708.57,2,0.3,148.45
IN-2023-102143,30-12-2023,06-01-2024,Standard Class,CU-1427,Deepak Pillai,Home Office,India,Mumbai,Maharashtra,West,OFF-BIN-137,Office Supplies,Binders,Binders model 137,348.48,1,0.2,101.35
IN-2022-100278,27-04-2022,01-05-2022,Standard Class,CU-1374,Aarav Patel,Consumer,India,New Delhi,Delhi,North,TEC-ACC-125,Technology,Accessories,Accessories model 125,3935.6,3,0.0,1404.09
IN-2023-101901,29-10-2023,02-11-2023,Second Class,CU-1370,Divya Singh,Consumer,India,Kochi,Kerala,South,OFF-ART-125,Office Supplies,Art,Art model 125,2125.85,8,0.0,868.94
IN-2024-103304,17-11-2024,24-11-2024,Standard Class,CU-1011,Karthik Verma,Consumer,India,Patna,Bihar,East,FUR-TAB-130,Furniture,Tables,Tables model 130,45225.32,5,0.05,1813.75
IN-2024-102294,09-02-2024,16-02-2024,Standard Class,CU-1452,Arjun Kumar,Consumer,India,Jaipur,Rajasthan,West,TEC-COP-125,Technology,Copiers,Copiers model 125,39100.01,1,0.0,15298.83
IN-2025-103898,11-04-2025,18-04-2025,Standard Class,CU-1368,Isha Kumar,Corporate,India,Kochi,Kerala,South,FUR-BOO-110,Furniture,Bookcases,Bookcases model 110,5902.86,1,0.2,95.54
IN-2023-101192,10-03-2023,16-03-2023,Standard Class,CU-1251,Rahul Verma,Home Office,India,Kolkata,West Bengal,East,OFF-ART-131,Office Supplies,Art,Art model 131,645.35,3,0.05,246.31
IN-2023-101357,04-05-2023,11-05-2023,Standard Class,CU-1088,Karthik Iyer,Consumer,India,Noida,Uttar Pradesh,North,TEC-PHO-124,Technology,Phones,Phones model 124,94083.04,6,0.0,22871.68
IN-2023-101695,30-08-2023,01-09-2023,Second Class,CU-1029,Kavya Nair,Corporate,India,Jaipur,Rajasthan,West,TEC-MAC-132,Technology,Machines,Machines model 132,32811.69,2,0.2,424.52
IN-2025-103807,23-03-2025,27-03-2025,Second Class,CU-1299,Karthik Rao,Corporate,India,Jaipur,Rajasthan,West,FUR-FUR-112,Furniture,Furnishings,Furnishings model 112,2489.99,2,0.1,551.03
IN-2022-100427,03-07-2022,08-07-2022,Standard Class,CU-1009,Aditya Gupta,Consumer,India,New Delhi,Delhi,North,FUR-BOO-109,Furniture,Bookcases,Bookcases model 109,37370.92,7,,1798.69
IN-2023-101187,09-03-2023,11-03-2023,Second Class,CU-1167,Meera Rao,Home Office,India,Ahmedabad,Gujarat,West,TEC-MAC-122,Technology,Machines,Machines model 122,53589.57,3,0.1,4221.49
IN-2022-100866,03-12-2022,05-12-2022,First Class,CU-1310,Aarav Sharma,Consumer,India,Bengaluru,Karnataka,South,TEC-ACC-135,Technology,Accessories,Accessories model 135,1156.48,1,0.0,426.22
IN-2024-103016,10-09-2024,12-09-2024,Second Class,CU-1128,Ashok Reddy,Corporate,India,Hyderabad,Telangana,South,OFF-PAP-100,Office Supplies,Paper,Paper model 100,504.26,2,0.05,223.15
IN-2023-101710,03-09-2023,09-09-2023,Standard Class,CU-1117,Aarav Shah,Corporate,India,Mumbai,Maharashtra,West,FUR-CHA-138,Furniture,Chairs,Chairs model 138,4345.07,1,0.05,1215.91
IN-2023-101246,31-03-2023,03-04-2023,Second Class,CU-1344,Priya Nair,Home Office,India,Coimbatore,Tamil Nadu,South,TEC-PHO-108,Technology,Phones,Phones model 108,11061.57,1,0.3,-9.66
IN-2025-103670,13-02-2025,15-02-2025,First Class,CU-1488,Aarav Patel,Corporate,India,Mumbai,Maharashtra,West,OFF-BIN-111,Office Supplies,Binders,Binders model 111,309.31,1,0.2,86.74
IN-2023-101529,30-06-2023,04-07-2023,Second Class,CU-1255,Ravi Das,Consumer,India,Jaipur,Rajasthan,West,OFF-BIN-122,Office Supplies,Binders,Binders model 122,372.16,1,0.05,154.89
IN-2025-104698,31-10-2025,04-11-2025,Second Class,CU-1229,Ravi Shah,Consumer,India,Jaipur,Rajasthan,West,OFF-STO-117,Office Supplies,Storage,Storage model 117,3946.91,2,0.0,1321.88
IN-2024-103107,06-10-2024,10-10-2024,Standard Class,CU-1575,Karthik Das,Home Office,India,Jaipur,Rajasthan,West,TEC-COP-137,Technology,Copiers,Copiers model 137,79242.42,2,0.0,28389.09
IN-2022-100218,06-04-2022,13-04-2022,Standard Class,CU-1465,Ravi Gupta,Corporate,India,Thiruvananthapuram,Kerala,South,OFF-ART-128,Office Supplies,Art,Art model 128,429.07,2,0.0,179.5
IN-2025-104310,01-08-2025,04-08-2025,Second Class,CU-1097,Aarav Sharma,Home Office,India,Surat,Gujarat,West,OFF-BIN-129,Office Supplies,Binders,Binders model 129,384.95,1,0.15,122.99
IN-2025-104132,14-06-2025,18-06-2025,Standard Class,CU-1462,Neha Menon,Corporate,India,Madurai,Tamil Nadu,South,FUR-CHA-107,Furniture,Chairs,Chairs model 107,26799.48,6,0.1,5264.93
IN-2024-102956,22-08-2024,25-08-2024,First Class,CU-1278,Nisha Kumar,Consumer,India,Patna,Bihar,East,OFF-STO-105,Office Supplies,Storage,Storage model 105,1690.19,1,0.05,533.76
IN-2025-103695,20-02-2025,21-02-2025,First Class,CU-1255,Ravi Das,Consumer,India,Kochi,Kerala,South,OFF-BIN-137,Office Supplies,Binders,Binders model 137,924.53,2,0.0,397.04
IN-2025-104464,08-09-2025,12-09-2025,Second Class,CU-1397,Sneha Patel,Consumer,India,Hyderabad,Telangana,South,OFF-PAP-139,Office Supplies,Paper,Paper model 139,299.72,1,0.1,136.01
IN-2025-104109,09-06-2025,13-06-2025,Second Class,CU-1176,Kavya Menon,Consumer,India,Hyderabad,Telangana,South,OFF-LAB-113,Office Supplies,Labels,Labels model 113,795.65,5,0.0,411.68
IN-2022-100477,25-07-2022,26-07-2022,First Class,CU-1555,Priya Shah,Consumer,India,Mysuru,Karnataka,South,FUR-CHA-127,Furniture,Chairs,Chairs model 127,7973.06,2,0.15,1276.75
IN-2024-103416,08-12-2024,08-12-2024,Same Day,CU-1464,Priya Iyer,Home Office,India,Jaipur,Rajasthan,West,OFF-BIN-112,Office Supplies,Binders,Binders model 112,446.26,1,0.0,188.37
IN-2024-103271,09-11-2024,13-11-2024,Standard Class,CU-1115,Arjun Menon,Consumer,India,Jaipur,Rajasthan,West,TEC-PHO-109,Technology,Phones,Phones model 109,32835.88,3,0.3,-656.88
IN-2024-102283,07-02-2024,13-02-2024,Standard Class,CU-1301,Manoj Das,Corporate,India,Patna,Bihar,East,OFF-STO-136,Office Supplies,Storage,Storage model 136,3186.35,2,0.05,1028.63
IN-2024-102744,16-06-2024,22-06-2024,Standard Class,CU-1410,Karthik Menon,Consumer,India,New Delhi,Delhi,North,OFF-BIN-110,Office Supplies,Binders,Binders model 110,2288.21,6,0.05,873.85
IN-2022-100729,30-10-2022,05-11-2022,Standard Class,CU-1222,Rahul Verma,Consumer,India,New Delhi,Delhi,North,FUR-BOO-139,Furniture,Bookcases,Bookcases model 139,7132.6,1,0.05,985.82
IN-2023-101633,08-08-2023,13-08-2023,Standard Class,CU-1193,Arjun Singh,Home Office,India,Ahmedabad,Gujarat,West,FUR-BOO-136,Furniture,Bookcases,Bookcases model 136,9281.54,2,0.35,-1170.25
IN-2025-104046,23-05-2025,28-05-2025,Standard Class,CU-1241,Arjun Nair,Consumer,India,Mumbai,Maharashtra,West,FUR-BOO-132,Furniture,Bookcases,Bookcases model 132,33620.79,7,0.25,-869.32
IN-2022-100014,06-01-2022,09-01-2022,Second Class,CU-1325,Ashok Rao,Consumer,India,Jaipur,Rajasthan,West,TEC-PHO-124,Technology,Phones,Phones model 124,30900.23,2,0.0,8053.11
IN-2023-101024,13-01-2023,20-01-2023,Standard Class,CU-1442,Meera Shah,Consumer,India,Nagpur,Maharashtra,West,OFF-LAB-130,Office Supplies,Labels,Labels model 130,807.1,6,0.0,401.22
IN-2025-104704,01-11-2025,03-11-2025,Second Class,CU-1540,Priya Menon,Consumer,India,Hyderabad,Telangana,South,FUR-FUR-101,Furniture,Furnishings,Furnishings model 101,3267.76,2,0.05,924.37
IN-2022-100436,06-07-2022,09-07-2022,Second Class,CU-1444,Ravi Singh,Consumer,India,Mumbai,Maharashtra,West,OFF-ART-111,Office Supplies,Art,Art model 111,988.4,4,0.05,313.92
IN-2025-104114,10-06-2025,15-06-2025,Standard Class,CU-1208,Manoj Kumar,Consumer,India,Thiruvananthapuram,Kerala,South,FUR-CHA-134,Furniture,Chairs,Chairs model 134,10426.89,4,0.35,-1212.32
IN-2023-101783,30-09-2023,05-10-2023,Standard Class,CU-1155,Ashok Reddy,Consumer,India,New Delhi,Delhi,North,OFF-LAB-105,Office Supplies,Labels,Labels model 105,785.65,6,0.1,357.22
IN-2023-101804,04-10-2023,08-10-2023,Standard Class,CU-1317,Rohit Kumar,Consumer,India,New Delhi,Delhi,North,FUR-TAB-109,Furniture,Tables,Tables model 109,18387.69,2,0.05,559.81
IN-2023-101115,16-02-2023,23-02-2023,Standard Class,CU-1102,Divya Das,Consumer,India,Surat,Gujarat,West,TEC-MAC-123,Technology,Machines,Machines model 123,37783.85,2,0.1,2399.77
IN-2024-103380,01-12-2024,01-12-2024,Same Day,CU-1515,Neha Verma,Consumer,India,Surat,Gujarat,West,OFF-BIN-124,Office Supplies,Binders,Binders model 124,823.21,2,0.2,205.6
IN-2024-102390,08-03-2024,11-03-2024,Second Class,CU-1389,Kavya Menon,Consumer,India,Noida,Uttar Pradesh,North,FUR-CHA-105,Furniture,Chairs,Chairs model 105,4173.26,1,0.05,714.01
IN-2023-101954,12-11-2023,16-11-2023,Second Class,CU-1327,Sneha Rao,Consumer,India,Surat,Gujarat,West,FUR-FUR-133,Furniture,Furnishings,Furnishings model 133,7946.74,6,0.15,1502.64
IN-2022-100345,25-05-2022,27-05-2022,First Class,CU-1252,Arjun Joshi,Consumer,India,Ahmedabad,Gujarat,West,TEC-MAC-139,Technology,Machines,Machines model 139,31380.36,2,0.3,-2646.95
IN-2022-100033,13-01-2022,17-01-2022,Standard Class,CU-1265,Priya Verma,Consumer,India,Patna,Bihar,East,OFF-BIN-127,Office Supplies,Binders,Binders model 127,1466.31,3,0.05,629.41
IN-2025-103936,22-04-2025,28-04-2025,Standard Class,CU-1213,Rahul Menon,Corporate,India,Noida,Uttar Pradesh,North,OFF-LAB-101,Office Supplies,Labels,Labels model 101,955.54,7,0.2,341.83
IN-2024-102600,04-05-2024,07-05-2024,Second Class,CU-1404,Pooja Rao,Consumer,India,New Delhi,Delhi,North,FUR-CHA-122,Furniture,Chairs,Chairs model 122,3743.22,1,0.25,223.75
IN-2024-102647,21-05-2024,28-05-2024,Standard Class,CU-1537,Ravi Nair,Home Office,India,Nagpur,Maharashtra,West,TEC-COP-116,Technology,Copiers,Copiers model 116,129489.22,4,0.1,39151.23
IN-2025-104129,13-06-2025,17-06-2025,Standard Class,CU-1129,Manoj Pillai,Consumer,India,Hyderabad,Telangana,South,OFF-LAB-134,Office Supplies,Labels,Labels model 134,353.69,3,0.3,106.59
IN-2022-100373,03-06-2022,07-06-2022,Standard Class,CU-1176,Kavya Menon,Consumer,India,Salem,Tamil Nadu,South,OFF-STO-117,Office Supplies,Storage,Storage model 117,1989.75,1,0.0,709.12
IN-2022-100658,10-10-2022,15-10-2022,Standard Class,CU-1175,Neha Gupta,Consumer,India,Ahmedabad,Gujarat,West,FUR-TAB-117,Furniture,Tables,Tables model 117,20726.25,3,0.1,127.92
IN-2025-103743,09-03-2025,14-03-2025,Standard Class,CU-1288,Lakshmi Pillai,Consumer,India,Mumbai,Maharashtra,West,TEC-ACC-112,Technology,Accessories,Accessories model 112,2439.08,2,0.0,993.61
IN-2023-101087,04-02-2023,07-02-2023,Second Class,CU-1416,Sneha Menon,Corporate,India,Mumbai,Maharashtra,West,TEC-ACC-100,Technology,Accessories,Accessories model 100,2350.78,2,0.05,852.86
IN-2024-103099,04-10-2024,08-10-2024,Second Class,CU-1347,Ravi Reddy,Consumer,India,Patna,Bihar,East,OFF-PAP-106,Office Supplies,Paper,Paper model 106,441.56,2,0.2,162.81
IN-2025-104976,28-12-2025,31-12-2025,Second Class,CU-1494,Lakshmi Singh,Consumer,India,Amritsar,Punjab,north,OFF-STO-108,Office Supplies,Storage,Storage model 108,14550.47,8,0.0,5112.58
IN-2024-102249,29-01-2024,31-01-2024,Second Class,CU-1094,Ananya Singh,Consumer,India,Patna,Bihar,East,FUR-BOO-105,Furniture,Bookcases,Bookcases model 105,16900.97,3,0.1,1136.92
IN-2022-100861,01-12-2022,08-12-2022,Standard Class,CU-1074,Nisha Patel,Corporate,India,Chennai,Tamil Nadu,South,TEC-COP-114,Technology,Copiers,Copiers model 114,61459.4,3,0.4,5126.35
IN-2025-104141,16-06-2025,22-06-2025,Standard Class,CU-1113,Kavya Patel,Home Office,India,Bhubaneswar,Odisha,East,FUR-FUR-110,Furniture,Furnishings,Furnishings model 110,3486.33,3,0.1,748.61
IN-2023-101535,02-07-2023,08-07-2023,Standard Class,CU-1194,Aarav Rao,Home Office,India,Lucknow,Uttar Pradesh,North,OFF-LAB-109,Office Supplies,Labels,Labels model 109,654.93,5,0.15,258.09
IN-2024-102593,03-05-2024,04-05-2024,First Class,CU-1263,Pooja Sharma,Consumer,India,Pune,Maharashtra,West,FUR-BOO-121,Furniture,Bookcases,Bookcases model 121,5428.28,1,0.15,571.41
IN-2023-101186,09-03-2023,14-03-2023,Standard Class,CU-1530,Swathi Gupta,Corporate,India,Amritsar,Punjab,North,FUR-CHA-101,Furniture,Chairs,Chairs model 101,28609.84,7,0.05,5333.29
IN-2022-100490,30-07-2022,01-08-2022,First Class,CU-1413,Swathi Pillai,Consumer,India,Ahmedabad,Gujarat,West,TEC-COP-132,Technology,Copiers,Copiers model 132,141080.27,6,0.3,19537.81
IN-2025-104600,14-10-2025,16-10-2025,Second Class,CU-1531,Isha Shah,Corporate,India,Chennai,Tamil Nadu,South,OFF-ART-110,Office Supplies,Art,Art model 110,254.81,1,0.1,81.1
IN-2022-100134,09-03-2022,14-03-2022,Standard Class,CU-1473,Vivaan Nair,Consumer,India,New Delhi,Delhi,North,FUR-BOO-119,Furniture,Bookcases,Bookcases model 119,8017.34,1,0.0,1440.43
IN-2023-102109,23-12-2023,30-12-2023,Standard Class,CU-1577,Deepak Sharma,Consumer,India,Surat,Gujarat,West,TEC-ACC-130,Technology,Accessories,Accessories model 130,3952.87,4,0.2,1018.14
IN-2022-100691,19-10-2022,20-10-2022,First Class,CU-1326,Neha Nair,Home Office,India,Ahmedabad,Gujarat,West,FUR-BOO-132,Furniture,Bookcases,Bookcases model 132,30903.92,5,0.2,1850.9
IN-2023-102075,14-12-2023,18-12-2023,Standard Class,CU-1574,Rohit Verma,Corporate,India,Jaipur,Rajasthan,West,OFF-STO-126,Office Supplies,Storage,Storage model 126,2979.62,2,0.2,604.0
IN-2023-102149,31-12-2023,03-01-2024,Second Class,CU-1104,Ashok Sharma,Corporate,India,Lucknow,Uttar Pradesh,North,FUR-TAB-113,Furniture,Tables,Tables model 113,15422.02,2,0.25,-1873.53
IN-2025-103604,26-01-2025,30-01-2025,Standard Class,CU-1468,Aarav Verma,Consumer,India,Jaipur,Rajasthan,West,OFF-LAB-138,Office Supplies,Labels,Labels model 138,275.44,2,0.15,108.39
IN-2025-104873,07-12-2025,11-12-2025,Second Class,CU-1272,Rohit Pillai,Home Office,India,Kolkata,West Bengal,East,OFF-BIN-126,Office Supplies,Binders,Binders model 126,1457.55,4,0.05,604.33
IN-2025-104885,11-12-2025,17-12-2025,Standard Class,CU-1025,Rohit Rao,Consumer,India,Bhubaneswar,Odisha,East,TEC-MAC-103,Technology,Machines,Machines model 103,30819.66,2,0.2,981.14
IN-2022-100364,01-06-2022,03-06-2022,Second Class,CU-1185,Neha Singh,Home Office,India,Hyderabad,Telangana,South,FUR-TAB-103,Furniture,Tables,Tables model 103,38793.94,5,0.2,398.52
IN-2025-104892,12-12-2025,18-12-2025,Standard Class,CU-1107,Ananya Iyer,Corporate,India,Thiruvananthapuram,Kerala,South,OFF-ART-130,Office Supplies,Art,Art model 130,786.71,3,0.0,347.51
IN-2023-101629,08-08-2023,12-08-2023,Standard Class,CU-1009,Aditya Gupta,Consumer,India,Jaipur,Rajasthan,West,FUR-CHA-123,Furniture,Chairs,Chairs model 123,11247.18,3,0.2,583.57
IN-2023-101277,08-04-2023,12-04-2023,Second Class,CU-1207,Sneha Sharma,Home Office,India,Kolkata,West Bengal,East,FUR-TAB-129,Furniture,Tables,Tables model 129,8735.2,1,0.05,565.62
IN-2024-102490,05-04-2024,09-04-2024,Second Class,CU-1213,Rahul Menon,Corporate,India,New Delhi,Delhi,North,OFF-PAP-137,Office Supplies,Paper,Paper model 137,934.96,4,0.2,319.97
IN-2022-100648,07-10-2022,11-10-2022,Standard Class,CU-1515,Neha Verma,Consumer,India,Amritsar,Punjab,North,FUR-TAB-120,Furniture,Tables,Tables model 120,13680.12,2,0.3,-2148.01
IN-2023-101004,07-01-2023,07-01-2023,Same Day,CU-1088,Karthik Iyer,Consumer,India,Salem,Tamil Nadu,South,TEC-COP-127,Technology,Copiers,Copiers model 127,80145.51,3,0.2,17480.58
IN-2024-102525,16-04-2024,18-04-2024,First Class,CU-1047,Divya Nair,Consumer,India,Pune,Maharashtra,West,FUR-BOO-135,Furniture,Bookcases,Bookcases model 135,18551.69,3,0.15,1452.36
IN-2023-102111,23-12-2023,27-12-2023,Standard Class,CU-1185,Neha Singh,Home Office,India,New Delhi,Delhi,North,TEC-COP-133,Technology,Copiers,Copiers model 133,22339.46,1,0.4,2030.59
IN-2023-101173,06-03-2023,12-03-2023,Standard Class,CU-1179,Neha Verma,Corporate,India,New Delhi,Delhi,North,OFF-BIN-135,Office Supplies,Binders,Binders model 135,651.04,2,0.15,211.65
IN-2022-100484,28-07-2022,31-07-2022,Second Class,CU-1346,Swathi Patel,Home Office,India,New Delhi,Delhi,North,OFF-BIN-122,Office Supplies,Binders,Binders model 122,884.61,2,0.0,374.32
IN-2023-101811,06-10-2023,10-10-2023,Second Class,CU-1376,Kavya Reddy,Consumer,India,Patna,Bihar,East,TEC-ACC-100,Technology,Accessories,Accessories model 100,1800.02,2,0.25,434.11
IN-2024-103330,21-11-2024,27-11-2024,Standard Class,CU-1149,Rohit Shah,Corporate,India,Mumbai,Maharashtra,West,OFF-LAB-119,Office Supplies,Labels,Labels model 119,143.03,1,0.0,70.9
IN-2025-104149,19-06-2025,25-06-2025,Standard Class,CU-1503,Isha Menon,Consumer,India,Mumbai,Maharashtra,West,OFF-LAB-124,Office Supplies,Labels,Labels model 124,598.91,4,0.0,316.12
IN-2022-100243,14-04-2022,17-04-2022,Second Class,CU-1344,Priya Nair,Home Office,India,Mysuru,Karnataka,South,FUR-TAB-111,Furniture,Tables,Tables model 111,73030.99,8,0.1,211.44
IN-2023-102084,17-12-2023,21-12-2023,Standard Class,CU-1151,Sneha Verma,Consumer,India,Thiruvananthapuram,Kerala,South,FUR-FUR-103,Furniture,Furnishings,Furnishings model 103,3430.36,3,0.3,162.6
IN-2023-101203,19-03-2023,19-03-2023,Same Day,CU-1584,Ashok Pillai,Corporate,India,Patna,Bihar,East,OFF-STO-109,Office Supplies,Storage,Storage model 109,1398.61,1,0.15,302.67
IN-2025-103752,11-03-2025,16-03-2025,Standard Class,CU-1063,Isha Kumar,Consumer,India,Jaipur,Rajasthan,West,TEC-COP-112,Technology,Copiers,Copiers model 112,30832.97,1,0.0,12758.16
IN-2025-104835,30-11-2025,05-12-2025,Standard Class,CU-1039,Deepak Patel,Corporate,India,New Delhi,Delhi,North,OFF-STO-124,Office Supplies,Storage,Storage model 124,3075.19,2,0.1,743.36
IN-2024-102169,07-01-2024,14-01-2024,Standard Class,CU-1589,Lakshmi Nair,Consumer,India,Bengaluru,Karnataka,South,FUR-TAB-139,Furniture,Tables,Tables model 139,17524.75,2,0.15,148.81
IN-2023-101020,12-01-2023,19-01-2023,Standard Class,CU-1075,Manoj Nair,Consumer,India,Bengaluru,Karnataka,South,TEC-ACC-127,Technology,Accessories,Accessories model 127,3491.29,3,0.1,1030.78
IN-2023-102093,20-12-2023,27-12-2023,Standard Class,CU-1514,Ravi Shah,Consumer,India,Pune,Maharashtra,West,FUR-CHA-127,Furniture,Chairs,Chairs model 127,23758.57,5,0.05,2985.14
IN-2024-103373,29-11-2024,04-12-2024,Standard Class,CU-1468,Aarav Verma,Consumer,India,Bengaluru,Karnataka,South,OFF-ART-120,Office Supplies,Art,Art model 120,493.54,2,0.0,225.44
IN-2025-104933,20-12-2025,25-12-2025,Standard Class,CU-1410,Karthik Menon,Consumer,India,Mumbai,Maharashtra,West,OFF-STO-134,Office Supplies,Storage,Storage model 134,1399.48,1,0.3,205.66
IN-2023-102125,25-12-2023,31-12-2023,Standard Class,CU-1464,Priya Iyer,Home Office,India,Noida,Uttar Pradesh,North,TEC-MAC-114,Technology,Machines,Machines model 114,43600.38,2,0.0,6082.0
IN-2023-101745,14-09-2023,20-09-2023,Standard Class,CU-1328,Ananya Pillai,Consumer,India,Bengaluru,Karnataka,South,TEC-MAC-132,Technology,Machines,Machines model 132,38889.51,2,0.05,5997.25
IN-2025-104465,08-09-2025,12-09-2025,Standard Class,CU-1282,Manoj Pillai,Corporate,India,Surat,Gujarat,West,TEC-PHO-137,Technology,Phones,Phones model 137,63729.81,5,0.1,16030.45
IN-2024-102955,21-08-2024,23-08-2024,First Class,CU-1437,Rohit Shah,Consumer,India,Ludhiana,Punjab,North,FUR-BOO-120,Furniture,Bookcases,Bookcases model 120,7081.74,1,0.05,840.69
IN-2024-103285,12-11-2024,19-11-2024,Standard Class,CU-1353,Aarav Patel,Corporate,India,Salem,Tamil Nadu,South,FUR-TAB-112,Furniture,Tables,Tables model 112,14043.12,2,0.15,-352.04
IN-2025-104364,15-08-2025,16-08-2025,First Class,CU-1459,Meera Sharma,Consumer,India,Nagpur,Maharashtra,West,OFF-LAB-101,Office Supplies,Labels,Labels model 101,138.38,1,0.05,67.69
IN-2024-103384,01-12-2024,04-12-2024,First Class,CU-1528,Suresh Patel,Corporate,India,Kolkata,West Bengal,East,FUR-FUR-120,Furniture,Furnishings,Furnishings model 120,2980.66,3,0.25,179.79
IN-2025-104825,27-11-2025,30-11-2025,Second Class,CU-1353,Aarav Patel,Corporate,India,Hyderabad,Telangana,South,FUR-CHA-134,Furniture,Chairs,Chairs model 134,4992.42,1,0.0,990.79
IN-2024-102493,06-04-2024,07-04-2024,First Class,CU-1294,Ravi Iyer,Consumer,India,Pune,Maharashtra,West,OFF-LAB-131,Office Supplies,Labels,Labels model 131,316.22,2,0.0,164.63
IN-2023-101520,28-06-2023,02-07-2023,Standard Class,CU-1104,Ashok Sharma,Corporate,India,Surat,Gujarat,West,FUR-FUR-114,Furniture,Furnishings,Furnishings model 114,2647.58,2,0.05,629.91
IN-2023-101034,15-01-2023,21-01-2023,Standard Class,CU-1027,Isha Verma,Corporate,India,Ludhiana,Punjab,North,FUR-TAB-118,Furniture,Tables,Tables model 118,7005.81,1,0.15,14.24
IN-2023-101713,04-09-2023,08-09-2023,Standard Class,CU-1084,Suresh Pillai,Corporate,India,Jaipur,Rajasthan,West,FUR-TAB-135,Furniture,Tables,Tables model 135,24891.93,3,0.1,1358.76
IN-2022-100296,04-05-2022,07-05-2022,Second Class,CU-1551,Ravi Kumar,Consumer,India,Kolkata,West Bengal,East,OFF-BIN-126,Office Supplies,Binders,Binders model 126,1993.28,5,0.15,629.58
IN-2023-101849,15-10-2023,18-10-2023,First Class,CU-1077,Kavya Iyer,Corporate,India,Patna,Bihar,East,TEC-PHO-127,Technology,Phones,Phones model 127,132691.36,8,0.0,27266.55
IN-2025-104722,05-11-2025,11-11-2025,Standard Class,CU-1231,Manoj Gupta,Consumer,India,Thiruvananthapuram,Kerala,South,TEC-COP-131,Technology,Copiers,Copiers model 131,75302.37,3,0.3,10645.36
IN-2025-104374,17-08-2025,23-08-2025,Standard Class,CU-1247,Meera Menon,Consumer,India,New Delhi,Delhi,North,OFF-BIN-123,Office Supplies,Binders,Binders model 123,4100.74,8,0.0,1802.65
IN-2022-100498,02-08-2022,06-08-2022,Standard Class,CU-1548,Priya Gupta,Consumer,India,Pune,Maharashtra,West,FUR-CHA-115,Furniture,Chairs,Chairs model 115,4583.61,1,0.0,1358.77
IN-2025-103676,15-02-2025,20-02-2025,Standard Class,CU-1564,Ashok Das,Corporate,India,Salem,Tamil Nadu,South,TEC-COP-112,Technology,Copiers,Copiers model 112,61542.12,2,0.0,25516.8
IN-2022-100485,28-07-2022,29-07-2022,First Class,CU-1487,Ravi Sharma,Home Office,India,Bhubaneswar,Odisha,East,FUR-FUR-101,Furniture,Furnishings,Furnishings model 101,2703.12,2,0.15,513.2
IN-2023-101521,28-06-2023,01-07-2023,First Class,CU-1274,Manoj Singh,Consumer,India,Bhubaneswar,Odisha,East,OFF-BIN-113,Office Supplies,Binders,Binders model 113,365.94,1,0.2,94.94
IN-2022-100183,26-03-2022,02-04-2022,Standard Class,CU-1525,Nisha Pillai,Consumer,India,New Delhi,Delhi,NORTH ,TEC-MAC-121,Technology,Machines,Machines model 121,84019.22,4,0.15,4578.85
IN-2022-100685,17-10-2022,19-10-2022,Second Class,CU-1431,Aditya Verma,Corporate,India,Ahmedabad,Gujarat,West,FUR-CHA-112,Furniture,Chairs,Chairs model 112,6194.2,2,0.2,593.43
IN-2023-101769,25-09-2023,02-10-2023,Standard Class,CU-1041,Swathi Menon,Consumer,India,Jaipur,Rajasthan,West,TEC-MAC-136,Technology,Machines,Machines model 136,49046.07,2,0.0,8352.43
IN-2025-104955,25-12-2025,29-12-2025,Second Class,CU-1522,Arjun Menon,Corporate,India,Patna,Bihar,East,FUR-CHA-134,Furniture,Chairs,Chairs model 134,9199.63,2,0.1,1702.11
IN-2023-102051,07-12-2023,13-12-2023,Standard Class,CU-1334,Ananya Pillai,Home Office,India,Jaipur,Rajasthan,West,TEC-ACC-124,Technology,Accessories,Accessories model 124,3321.44,3,0.0,1373.48
IN-2022-100755,06-11-2022,08-11-2022,First Class,CU-1444,Ravi Singh,Consumer,India,Bhubaneswar,Odisha,East,TEC-PHO-115,Technology,Phones,Phones model 115,49061.55,4,0.1,11105.11
IN-2025-104605,15-10-2025,21-10-2025,Standard Class,CU-1298,Meera Kumar,Consumer,India,Mysuru,Karnataka,South,FUR-BOO-109,Furniture,Bookcases,Bookcases model 109,12714.01,3,0.4,-2883.73
IN-2024-102546,21-04-2024,28-04-2024,Standard Class,CU-1131,Vikram Iyer,Home Office,India,Hyderabad,Telangana,South,OFF-STO-112,Office Supplies,Storage,Storage model 112,2973.49,2,0.05,1095.06
IN-2024-103362,27-11-2024,04-12-2024,Standard Class,CU-1207,Sneha Sharma,Home Office,India,Nagpur,Maharashtra,West,FUR-CHA-102,Furniture,Chairs,Chairs model 102,4791.14,1,0.05,933.92
IN-2025-103633,04-02-2025,04-02-2025,Same Day,CU-1333,Pooja Singh,Corporate,India,Bhubaneswar,Odisha,East,OFF-BIN-108,Office Supplies,Binders,Binders model 108,1193.88,3,0.15,410.63
IN-2023-101439,30-05-2023,03-06-2023,Standard Class,CU-1374,Aarav Patel,Consumer,India,Ludhiana,Punjab,North,OFF-BIN-111,Office Supplies,Binders,Binders model 111,768.13,2,0.1,313.47
IN-2023-101446,02-06-2023,06-06-2023,Standard Class,CU-1358,Ashok Verma,Consumer,India,Patna,Bihar,East,TEC-ACC-136,Technology,Accessories,Accessories model 136,2099.84,2,0.2,459.15
IN-2025-104238,13-07-2025,17-07-2025,Second Class,CU-1202,Neha Verma,Consumer,India,Ludhiana,Punjab,North,OFF-ART-118,Office Supplies,Art,Art model 118,278.24,1,0.0,104.21
IN-2022-100865,02-12-2022,05-12-2022,Second Class,CU-1263,Pooja Sharma,Consumer,India,Chennai,Tamil Nadu,South,OFF-STO-139,Office Supplies,Storage,Storage model 139,1626.25,1,0.05,374.32
IN-2024-102232,24-01-2024,29-01-2024,Standard Class,CU-1458,Sneha Shah,Home Office,India,Thiruvananthapuram,Kerala,South,OFF-ART-103,Office Supplies,Art,Art model 103,732.15,3,0.0,244.57
IN-2024-102323,16-02-2024,19-02-2024,First Class,CU-1365,Swathi Nair,Consumer,India,Mysuru,Karnataka,South,OFF-ART-106,Office Supplies,Art,Art model 106,1811.69,7,0.0,639.83
IN-2024-102961,24-08-2024,25-08-2024,First Class,CU-1070,Priya Verma,Consumer,India,Bengaluru,Karnataka,South,FUR-BOO-135,Furniture,Bookcases,Bookcases model 135,22375.45,4,0.2,-23.51
IN-2025-103745,09-03-2025,13-03-2025,Standard Class,CU-1318,Nisha Kumar,Consumer,India,Bhubaneswar,Odisha,East,OFF-LAB-108,Office Supplies,Labels,Labels model 108,788.25,5,0.05,366.04
IN-2025-104945,23-12-2025,26-12-2025,First Class,CU-1298,Meera Kumar,Consumer,India,Ahmedabad,Gujarat,West,OFF-LAB-128,Office Supplies,Labels,Labels model 128,1146.6,7,0.0,538.33
IN-2025-103985,07-05-2025,07-05-2025,Same Day,CU-1155,Ashok Reddy,Consumer,India,Bhubaneswar,Odisha,East,TEC-COP-121,Technology,Copiers,Copiers model 121,55680.07,2,0.3,6999.94
IN-2024-102780,02-07-2024,04-07-2024,First Class,CU-1013,Pooja Verma,Consumer,India,Nagpur,Maharashtra,West,FUR-CHA-111,Furniture,Chairs,Chairs model 111,3934.81,1,0.15,320.94
IN-2025-103684,17-02-2025,21-02-2025,Standard Class,CU-1287,Vikram Das,Corporate,India,Coimbatore,Tamil Nadu,South,TEC-ACC-119,Technology,Accessories,Accessories model 119,1093.18,1,0.2,277.91
IN-2024-103045,18-09-2024,23-09-2024,Standard Class,CU-1435,Divya Sharma,Consumer,India,Nagpur,Maharashtra,West,OFF-ART-100,Office Supplies,Art,Art model 100,732.16,3,0.15,231.48
IN-2025-104984,29-12-2025,05-01-2026,Standard Class,CU-1135,Priya Sharma,Consumer,India,Thiruvananthapuram,Kerala,South,OFF-PAP-116,Office Supplies,Paper,Paper model 116,222.54,1,0.2,75.22
IN-2025-104214,06-07-2025,11-07-2025,Standard Class,CU-1187,Isha Singh,Consumer,India,Surat,Gujarat,West,TEC-MAC-138,Technology,Machines,Machines model 138,41353.58,2,0.1,4247.68
IN-2024-103074,28-09-2024,05-10-2024,Standard Class,CU-1519,Ananya Singh,Consumer,India,Noida,Uttar Pradesh,North,FUR-FUR-124,Furniture,Furnishings,Furnishings model 124,1898.37,2,0.4,-222.05
IN-2024-102162,04-01-2024,06-01-2024,First Class,CU-1411,Neha Kumar,Corporate,India,New Delhi,Delhi,North,OFF-PAP-122,Office Supplies,Paper,Paper model 122,270.27,1,0.0,130.74
IN-2022-100546,23-08-2022,27-08-2022,Second Class,CU-1092,Aditya Das,Consumer,India,Surat,Gujarat,West,FUR-TAB-121,Furniture,Tables,Tables model 121,21006.92,3,0.15,-483.04
IN-2023-101790,01-10-2023,05-10-2023,Second Class,CU-1079,Aditya Patel,Corporate,India,Salem,Tamil Nadu,South,TEC-PHO-127,Technology,Phones,Phones model 127,65141.3,4,0.0,14282.12
IN-2024-102214,18-01-2024,19-01-2024,First Class,CU-1135,Priya Sharma,Consumer,India,Ludhiana,Punjab,North,OFF-BIN-103,Office Supplies,Binders,Binders model 103,1614.36,4,0.0,685.1
IN-2025-104040,20-05-2025,25-05-2025,Standard Class,CU-1582,Neha Pillai,Consumer,India,Mysuru,Karnataka,South,OFF-STO-123,Office Supplies,Storage,Storage model 123,6060.07,3,0.0,2028.65
IN-2024-102233,24-01-2024,24-01-2024,Same Day,CU-1230,Kavya Verma,Corporate,India,New Delhi,Delhi,North,FUR-BOO-102,Furniture,Bookcases,Bookcases model 102,20339.0,4,0.35,-1822.45
IN-2023-101397,19-05-2023,25-05-2023,Standard Class,CU-1136,Lakshmi Kumar,Consumer,India,Hyderabad,Telangana,South,TEC-PHO-136,Technology,Phones,Phones model 136,15255.35,1,0.1,2611.83
IN-2022-100275,26-04-2022,30-04-2022,Standard Class,CU-1378,Manoj Rao,Consumer,India,Jaipur,Rajasthan,West,OFF-BIN-126,Office Supplies,Binders,Binders model 126,431.99,1,0.0,186.67
IN-2022-100705,23-10-2022,26-10-2022,Second Class,CU-1368,Isha Kumar,Corporate,India,Hyderabad,Telangana,South,TEC-ACC-123,Technology,Accessories,Accessories model 123,724.79,1,0.3,131.76
IN-2023-101025,13-01-2023,20-01-2023,Standard Class,CU-1328,Ananya Pillai,Consumer,India,Bhubaneswar,Odisha,East,FUR-CHA-117,Furniture,Chairs,Chairs model 117,13770.39,5,0.35,-1040.42
IN-2022-100384,08-06-2022,10-06-2022,Second Class,CU-1056,Arjun Nair,Consumer,India,Jaipur,Rajasthan,West,FUR-TAB-126,Furniture,Tables,Tables model 126,34815.15,5,0.15,2861.21
IN-2024-102610,07-05-2024,07-05-2024,Same Day,CU-1048,Rohit Patel,Corporate,India,Ahmedabad,Gujarat,West,OFF-LAB-107,Office Supplies,Labels,Labels model 107,420.21,3,0.0,214.53
IN-2025-104273,23-07-2025,29-07-2025,Standard Class,CU-1261,Lakshmi Pillai,Consumer,India,Thiruvananthapuram,Kerala,South,TEC-COP-126,Technology,Copiers,Copiers model 126,31350.48,1,0.2,8204.78
IN-2024-103244,03-11-2024,07-11-2024,Standard Class,CU-1439,Sneha Singh,Consumer,India,Jaipur,Rajasthan,West,FUR-BOO-104,Furniture,Bookcases,Bookcases model 104,13114.92,2,0.05,1101.95
IN-2024-102568,27-04-2024,04-05-2024,Standard Class,CU-1414,Vivaan Gupta,Consumer,India,Amritsar,Punjab,North,OFF-PAP-135,Office Supplies,Paper,Paper model 135,528.19,2,0.1,210.4
IN-2025-104927,19-12-2025,21-12-2025,First Class,CU-1210,Rahul Iyer,Home Office,India,New Delhi,Delhi,North,TEC-ACC-116,Technology,Accessories,Accessories model 116,3408.87,3,0.0,1422.46
IN-2023-101643,12-08-2023,15-08-2023,First Class,CU-1266,Isha Rao,Corporate,India,Hyderabad,Telangana,South,OFF-LAB-114,Office Supplies,Labels,Labels model 114,554.3,4,0.1,233.26
IN-2025-104719,04-11-2025,08-11-2025,Standard Class,CU-1346,Swathi Patel,Home Office,India,Kolkata,West Bengal,East,OFF-LAB-101,Office Supplies,Labels,Labels model 101,1212.03,8,0.05,521.42
IN-2022-100859,01-12-2022,05-12-2022,Standard Class,CU-1596,Karthik Nair,Consumer,India,Patna,Bihar,East,FUR-CHA-108,Furniture,Chairs,Chairs model 108,9222.34,2,0.05,2009.57
IN-2025-104020,16-05-2025,22-05-2025,Standard Class,CU-1127,Ashok Nair,Consumer,India,Ahmedabad,Gujarat,West,TEC-COP-139,Technology,Copiers,Copiers model 139,27813.01,1,0.1,8784.56
IN-2025-104738,09-11-2025,14-11-2025,Standard Class,CU-1374,Aarav Patel,Consumer,India,Hyderabad,Telangana,South,TEC-ACC-109,Technology,Accessories,Accessories model 109,4307.29,5,0.2,1039.35
IN-2024-103389,02-12-2024,06-12-2024,Standard Class,CU-1574,Rohit Verma,Corporate,India,Thiruvananthapuram,Kerala,South,TEC-COP-117,Technology,Copiers,Copiers model 117,60337.62,2,0.2,15315.05
IN-2024-102307,12-02-2024,15-02-2024,First Class,CU-1173,Priya Verma,Corporate,India,Bhubaneswar,Odisha,East,FUR-CHA-100,Furniture,Chairs,Chairs model 100,12842.94,3,0.05,2524.83
IN-2022-100835,23-11-2022,28-11-2022,Standard Class,CU-1542,Nisha Joshi,Home Office,India,Patna,Bihar,East,TEC-PHO-103,Technology,Phones,Phones model 103,76304.52,6,0.2,10310.27
IN-2024-102711,07-06-2024,14-06-2024,Standard Class,CU-1544,Swathi Verma,Corporate,India,Hyderabad,Telangana,South,FUR-FUR-129,Furniture,Furnishings,Furnishings model 129,2477.58,2,0.1,681.1
IN-2023-101499,20-06-2023,25-06-2023,Standard Class,CU-1565,Isha Menon,Home Office,India,Lucknow,Uttar Pradesh,North,OFF-STO-132,Office Supplies,Storage,Storage model 132,1508.59,1,0.2,260.02
IN-2025-104434,31-08-2025,02-09-2025,First Class,CU-1026,Rahul Iyer,Consumer,India,Hyderabad,Telangana,South,OFF-STO-121,Office Supplies,Storage,Storage model 121,5082.87,3,0.15,1245.08
IN-2025-103611,28-01-2025,04-02-2025,Standard Class,CU-1144,Suresh Kumar,Consumer,India,Thiruvananthapuram,Kerala,South,OFF-LAB-130,Office Supplies,Labels,Labels model 130,291.51,2,0.0,147.08
IN-2025-103577,19-01-2025,20-01-2025,First Class,CU-1583,Aarav Iyer,Home Office,India,Bengaluru,Karnataka,South,TEC-MAC-116,Technology,Machines,Machines model 116,106003.48,5,0.0,14652.6
IN-2023-101448,03-06-2023,03-06-2023,Same Day,CU-1300,Lakshmi Shah,Corporate,India,Hyderabad,Telangana,South,FUR-BOO-110,Furniture,Bookcases,Bookcases model 110,37301.41,6,0.1,3632.84
IN-2024-102529,17-04-2024,20-04-2024,Second Class,CU-1540,Priya Menon,Consumer,India,Pune,Maharashtra,West,TEC-MAC-137,Technology,Machines,Machines model 137,44070.49,2,0.0,6117.86
IN-2023-101706,02-09-2023,08-09-2023,Standard Class,CU-1533,Vivaan Patel,Home Office,India,Thiruvananthapuram,Kerala,South,OFF-PAP-105,Office Supplies,Paper,Paper model 105,1610.94,6,0.0,794.6
IN-2024-102924,10-08-2024,17-08-2024,Standard Class,CU-1535,Kavya Kumar,Consumer,India,Jaipur,Rajasthan,West,OFF-STO-113,Office Supplies,Storage,Storage model 113,6028.33,4,0.15,1143.82
IN-2024-102708,07-06-2024,10-06-2024,Second Class,CU-1099,Ravi Gupta,Home Office,India,Mysuru,Karnataka,South,OFF-BIN-114,Office Supplies,Binders,Binders model 114,1415.07,4,0.2,474.63
IN-2024-103070,27-09-2024,02-10-2024,Standard Class,CU-1358,Ashok Verma,Consumer,India,Pune,Maharashtra,West,OFF-STO-137,Office Supplies,Storage,Storage model 137,7177.83,4,0.1,1654.55
IN-2022-100790,13-11-2022,15-11-2022,First Class,CU-1078,Suresh Sharma,Corporate,India,Ludhiana,Punjab,North,FUR-FUR-127,Furniture,Furnishings,Furnishings model 127,3271.09,2,0.05,751.77
IN-2022-100969,29-12-2022,02-01-2023,Second Class,CU-1394,Neha Pillai,Consumer,India,Kolkata,West Bengal,East,FUR-TAB-112,Furniture,Tables,Tables model 112,7685.35,1,0.25,-583.57
IN-2023-101668,21-08-2023,25-08-2023,Standard Class,CU-1472,Sneha Iyer,Consumer,India,Ludhiana,Punjab,North,OFF-BIN-128,Office Supplies,Binders,Binders model 128,515.9,1,0.0,242.16
IN-2024-103322,20-11-2024,27-11-2024,Standard Class,CU-1203,Ravi Shah,Home Office,India,Ludhiana,Punjab,North,OFF-BIN-106,Office Supplies,Binders,Binders model 106,807.88,2,0.1,272.53
IN-2023-101689,27-08-2023,03-09-2023,Standard Class,CU-1437,Rohit Shah,Consumer,India,Patna,Bihar,East,OFF-STO-122,Office Supplies,Storage,Storage model 122,2054.02,1,0.0,688.22
